match_id,team,innings_number,total_runs,total_wickets,balls_bowled,overs_bowled,run_rate,extras,boundaries_4s,boundaries_6s,boundaries_total,venue,city,date,opposition,match_outcome,player_of_match,teams,team_players,team_batting_avg,team_strike_rate,team_bowling_avg,team_economy,team_size,venue_avg_runs,venue_runs_std,venue_matches
1001349,Australia,1,168,0,125,20.833333333333332,8.064,7,9,4,13,Melbourne Cricket Ground,Unknown,2017-02-17,Sri Lanka,Sri Lanka,['DAS Gunaratne'],"['Australia', 'Sri Lanka']","['AJ Finch', 'M Klinger', 'TM Head', 'MC Henriques', 'AJ Turner', 'JP Faulkner', 'TD Paine', 'PJ Cummins', 'A Zampa', 'B Stanlake', 'AJ Tye']",19.1175,120.47,44.86,5.485,11,150.5,27.86,4
1001349,Sri Lanka,2,172,0,125,20.833333333333332,8.256,13,20,1,21,Melbourne Cricket Ground,Unknown,2017-02-17,Australia,Sri Lanka,['DAS Gunaratne'],"['Australia', 'Sri Lanka']","['N Dickwella', 'WU Tharanga', 'EMDY Munaweera', 'DAS Gunaratne', 'TAM Siriwardana', 'CK Kapugedera', 'S Prasanna', 'JRMVB Sanjaya', 'SL Malinga', 'KMDN Kulasekara', 'PADLR Sandakan']",18.46,131.14,,,11,150.5,27.86,4
1001351,Australia,1,173,0,123,20.5,8.439024390243903,8,10,6,16,"Simonds Stadium, South Geelong",Victoria,2017-02-19,Sri Lanka,Sri Lanka,['DAS Gunaratne'],"['Australia', 'Sri Lanka']","['M Klinger', 'AJ Finch', 'BR Dunk', 'MC Henriques', 'TM Head', 'AJ Turner', 'JP Faulkner', 'TD Paine', 'PJ Cummins', 'AJ Tye', 'JA Richardson']",23.49,133.04333333333332,50.26,5.5,11,127.75,56.41,4
1001351,Sri Lanka,2,176,0,124,20.666666666666668,8.516129032258064,7,18,6,24,"Simonds Stadium, South Geelong",Victoria,2017-02-19,Australia,Sri Lanka,['DAS Gunaratne'],"['Australia', 'Sri Lanka']","['N Dickwella', 'WU Tharanga', 'EMDY Munaweera', 'BKG Mendis', 'DAS Gunaratne', 'TAM Siriwardana', 'CK Kapugedera', 'S Prasanna', 'KMDN Kulasekara', 'SL Malinga', 'JRMVB Sanjaya']",20.85,130.995,,8.4,11,127.75,56.41,4
1001353,Australia,1,187,0,125,20.833333333333332,8.976,8,14,8,22,Adelaide Oval,Unknown,2017-02-22,Sri Lanka,Australia,['A Zampa'],"['Australia', 'Sri Lanka']","['AJ Finch', 'M Klinger', 'BR Dunk', 'TM Head', 'MC Henriques', 'AJ Turner', 'JP Faulkner', 'TD Paine', 'PJ Cummins', 'JA Richardson', 'A Zampa']",19.1175,120.47,44.86,5.485,11,128.0,51.23,4
1001353,Sri Lanka,2,146,0,115,19.166666666666668,7.617391304347826,9,12,5,17,Adelaide Oval,Unknown,2017-02-22,Australia,Australia,['A Zampa'],"['Australia', 'Sri Lanka']","['EMDY Munaweera', 'WU Tharanga', 'BKG Mendis', 'DAS Gunaratne', 'TAM Siriwardana', 'CK Kapugedera', 'MD Shanaka', 'S Prasanna', 'KMDN Kulasekara', 'SL Malinga', 'JRMVB Sanjaya']",22.325,126.34,38.2,7.215,11,128.0,51.23,4
1003843,Knights,1,184,0,123,20.5,8.975609756097562,10,16,8,24,"New Wanderers Stadium, Johannesburg",Johannesburg,2016-11-12,Cape Cobras,Knights,"['M de Lange', 'PE Kruger']","['Knights', 'Cape Cobras']","['RS Second', 'PE Kruger', 'DA Miller', 'PJ van Biljon', 'DS Rosier', 'TM Bodibe', 'M de Lange', 'D du Preez', 'SC van Schalkwyk', 'T Ntuli', 'LM Zuma']",34.62,144.19,,,11,170.0,18.43,6
1003843,Cape Cobras,2,146,0,108,18.0,8.11111111111111,9,13,6,19,"New Wanderers Stadium, Johannesburg",Johannesburg,2016-11-12,Knights,Knights,"['M de Lange', 'PE Kruger']","['Knights', 'Cape Cobras']","['RE Levi', 'C Tshiki', 'JF Smith', 'JL Ontong', 'KD Petersen', 'KA Pollard', 'A Mgijima', 'GF Linde', 'RK Kleinveldt', 'D Paterson', 'TL Moreki']",25.3,135.14,39.29,5.69,11,170.0,18.43,6
1003845,Titans,1,194,0,128,21.333333333333332,9.09375,10,8,10,18,"New Wanderers Stadium, Johannesburg",Johannesburg,2016-11-12,Lions,Titans,"['JA Morkel', 'HG Kuhn']","['Titans', 'Lions']","['H Davids', 'TG Mokoena', 'HG Kuhn', 'MQ Adams', 'JA Morkel', 'F Behardien', 'H Klaasen', 'D Wiese', 'MP Siboto', 'S von Berg', 'L Ngidi']",13.865,100.06,26.52,6.14,11,170.0,18.43,6
1003845,Lions,2,152,0,120,20.0,7.6,5,9,10,19,"New Wanderers Stadium, Johannesburg",Johannesburg,2016-11-12,Titans,Titans,"['JA Morkel', 'HG Kuhn']","['Titans', 'Lions']","['RR Hendricks', 'HE van der Dussen', 'DA Hendricks', 'BC Fortuin', 'PWA Mulder', 'NJ van den Bergh', 'M Mosehle', 'MK McGillivray', 'GC Viljoen', 'AM Phangiso', 'E Leie']",26.227999999999998,124.088,33.42,5.5440000000000005,11,170.0,18.43,6
1003847,Dolphins,1,115,0,121,20.166666666666668,5.702479338842975,3,7,4,11,"Kingsmead, Durban",Durban,2016-11-13,Warriors,Warriors,['ACR Birch'],"['Dolphins', 'Warriors']","['MN van Wyk', 'CS Delport', 'K Zondo', 'VB van Jaarsveld', 'K Nipper', 'C Chetty', 'AL Phehlukwayo', 'R Frylinck', 'CJ Alexander', 'Imran Tahir', 'M Shezi']",9.93,115.5,31.54,5.73,11,136.9,44.94,10
1003847,Warriors,2,118,0,97,16.166666666666668,7.298969072164948,10,8,5,13,"Kingsmead, Durban",Durban,2016-11-13,Dolphins,Warriors,['ACR Birch'],"['Dolphins', 'Warriors']","['JT Smuts', 'S Seyibokwe', 'CA Ingram', 'CN Ackermann', 'C Jonker', 'LC Ngoepe', 'C Fortuin', 'SSN Nqweni', 'ACR Birch', 'SSB Magala', 'BD Walters']",13.0,124.035,39.25,6.305,11,136.9,44.94,10
1003849,Cape Cobras,1,141,0,123,20.5,6.878048780487805,9,6,3,9,"Boland Park, Paarl",Paarl,2016-11-16,Titans,Titans,"['JA Morkel', 'CJ Dala']","['Cape Cobras', 'Titans']","['RE Levi', 'C Tshiki', 'JF Smith', 'KA Pollard', 'GF Linde', 'JL Ontong', 'RK Kleinveldt', 'KD Petersen', 'A Mgijima', 'D Paterson', 'NM Serame']",25.3,135.14,39.29,5.69,11,141.5,0.71,2
1003849,Titans,2,142,0,120,20.0,7.1,12,10,1,11,"Boland Park, Paarl",Paarl,2016-11-16,Cape Cobras,Titans,"['JA Morkel', 'CJ Dala']","['Cape Cobras', 'Titans']","['H Davids', 'H Klaasen', 'HG Kuhn', 'MQ Adams', 'F Behardien', 'JA Morkel', 'D Wiese', 'S von Berg', 'MP Siboto', 'L Ngidi', 'CJ Dala']",13.865,100.06,26.52,6.14,11,141.5,0.71,2
1003855,Knights,1,185,0,128,21.333333333333332,8.671875,11,12,11,23,"Willowmoore Park, Benoni",Benoni,2016-11-18,Titans,Titans,"['JA Morkel', 'DA Miller']","['Knights', 'Titans']","['PE Kruger', 'LLL Sesele', 'PJ van Biljon', 'DA Miller', 'DS Rosier', 'TM Bodibe', 'M de Lange', 'D du Preez', 'SC van Schalkwyk', 'D Olivier', 'T Ntuli']",34.62,144.19,41.33,6.52,11,185.5,0.71,2
1003855,Titans,2,186,0,127,21.166666666666668,8.78740157480315,12,17,7,24,"Willowmoore Park, Benoni",Benoni,2016-11-18,Knights,Titans,"['JA Morkel', 'DA Miller']","['Knights', 'Titans']","['H Klaasen', 'TG Mokoena', 'HG Kuhn', 'MQ Adams', 'F Behardien', 'JA Morkel', 'D Wiese', 'S von Berg', 'MP Siboto', 'CJ Dala', 'L Ngidi']",13.865,100.06,26.52,6.14,11,185.5,0.71,2
1003857,Titans,1,185,0,123,20.5,9.024390243902438,8,11,6,17,"Mangaung Oval, Bloemfontein",Bloemfontein,2016-11-20,Dolphins,Titans,"['F Behardien', 'S von Berg']","['Titans', 'Dolphins']","['JD Vandiar', 'TG Mokoena', 'H Klaasen', 'HG Kuhn', 'F Behardien', 'D Wiese', 'JA Morkel', 'MP Siboto', 'S von Berg', 'CJ Dala', 'L Ngidi']",13.865,100.06,26.52,6.14,11,148.5,24.66,6
1003857,Dolphins,2,127,0,126,21.0,6.0476190476190474,8,7,1,8,"Mangaung Oval, Bloemfontein",Bloemfontein,2016-11-20,Titans,Titans,"['F Behardien', 'S von Berg']","['Titans', 'Dolphins']","['CS Delport', 'MN van Wyk', 'KP Pietersen', 'K Nipper', 'R Frylinck', 'K Zondo', 'P Subrayen', 'C Chetty', 'M Gqadushe', 'Imran Tahir', 'M Shezi']",,,,,11,148.5,24.66,6
1003859,Warriors,1,157,0,126,21.0,7.476190476190476,7,18,3,21,"Mangaung Oval, Bloemfontein",Bloemfontein,2016-11-20,Knights,Warriors,"['C Jonker', 'BD Walters']","['Warriors', 'Knights']","['JT Smuts', 'S Seyibokwe', 'CA Ingram', 'CN Ackermann', 'C Jonker', 'LC Ngoepe', 'C Fortuin', 'ACR Birch', 'SSB Magala', 'SSN Nqweni', 'BD Walters']",13.0,124.035,39.25,6.305,11,148.5,24.66,6
1003859,Knights,2,115,0,111,18.5,6.216216216216216,3,10,0,10,"Mangaung Oval, Bloemfontein",Bloemfontein,2016-11-20,Warriors,Warriors,"['C Jonker', 'BD Walters']","['Warriors', 'Knights']","['LLL Sesele', 'PE Kruger', 'PJ van Biljon', 'RS Second', 'DS Rosier', 'P Botha', 'TM Bodibe', 'M de Lange', 'SC van Schalkwyk', 'D Olivier', 'M Budaza']",,,41.33,6.52,11,148.5,24.66,6
1003861,Lions,1,165,0,121,20.166666666666668,8.181818181818182,20,9,6,15,"Senwes Park, Potchefstroom",Potchefstroom,2016-11-20,Cape Cobras,Lions,"['AM Phangiso', 'M Mosehle']","['Lions', 'Cape Cobras']","['DA Hendricks', 'HE van der Dussen', 'OA Ramela', 'M Mosehle', 'DP Conway', 'NJ van den Bergh', 'PWA Mulder', 'GC Viljoen', 'AM Phangiso', 'Z Pongolo', 'E Leie']",34.254999999999995,125.08250000000001,28.03333333333333,5.16,11,117.0,40.8,4
1003861,Cape Cobras,2,66,0,36,6.0,11.0,3,6,3,9,"Senwes Park, Potchefstroom",Potchefstroom,2016-11-20,Lions,Lions,"['AM Phangiso', 'M Mosehle']","['Lions', 'Cape Cobras']","['RE Levi', 'WD Parnell', 'KA Pollard', 'GF Linde', 'KD Petersen', 'A Mgijima', 'JF Smith', 'D Paterson', 'RK Kleinveldt', 'NM Serame', 'C Tshiki']",23.15,116.405,34.845,5.645,11,117.0,40.8,4
1003865,Lions,1,152,0,128,21.333333333333332,7.125,14,8,4,12,"St George's Park, Port Elizabeth",Port Elizabeth,2016-11-25,Warriors,Warriors,"['C Jonker', 'JT Smuts']","['Lions', 'Warriors']","['DA Hendricks', 'HE van der Dussen', 'M Mosehle', 'DP Conway', 'NJ van den Bergh', 'PWA Mulder', 'GC Viljoen', 'OA Ramela', 'AM Phangiso', 'Z Pongolo', 'E Leie']",34.254999999999995,125.08250000000001,28.03333333333333,5.16,11,127.67,27.37,6
1003865,Warriors,2,153,0,112,18.666666666666668,8.196428571428571,7,10,7,17,"St George's Park, Port Elizabeth",Port Elizabeth,2016-11-25,Lions,Warriors,"['C Jonker', 'JT Smuts']","['Lions', 'Warriors']","['JT Smuts', 'S Seyibokwe', 'DJ White', 'CN Ackermann', 'C Jonker', 'LC Ngoepe', 'C Fortuin', 'SSB Magala', 'SSN Nqweni', 'ACR Birch', 'BD Walters']",13.0,124.035,39.25,6.305,11,127.67,27.37,6
1003867,Knights,1,153,0,124,20.666666666666668,7.403225806451612,5,18,1,19,"Mangaung Oval, Bloemfontein",Bloemfontein,2016-11-25,Dolphins,Dolphins,[],"['Knights', 'Dolphins']","['PE Kruger', 'AGS Gous', 'TB de Bruyn', 'P Botha', 'LLL Sesele', 'DS Rosier', 'TM Bodibe', 'M de Lange', 'SC van Schalkwyk', 'D Olivier', 'M Budaza']",13.0,162.5,41.33,6.52,11,148.5,24.66,6
1003867,Dolphins,2,154,0,117,19.5,7.897435897435898,6,21,1,22,"Mangaung Oval, Bloemfontein",Bloemfontein,2016-11-25,Knights,Dolphins,[],"['Knights', 'Dolphins']","['MN van Wyk', 'CS Delport', 'C Chetty', 'K Zondo', 'VB van Jaarsveld', 'K Nipper', 'R Frylinck', 'M Gqadushe', 'RJ Engelbrecht', 'M Shezi', 'Imran Tahir']",,,,,11,148.5,24.66,6
1003869,Cape Cobras,1,115,0,63,10.5,10.952380952380953,10,8,8,16,"SuperSport Park, Centurion",Centurion,2016-11-25,Titans,Unknown,[],"['Cape Cobras', 'Titans']","['RE Levi', 'WD Parnell', 'KA Pollard', 'RK Kleinveldt', 'JL Ontong', 'KD Petersen', 'A Mgijima', 'D Paterson', 'C Tshiki', 'BE Hendricks', 'NM Serame']",25.373333333333335,119.40666666666668,38.89666666666667,6.0,11,141.88,64.08,8
1003869,Titans,2,7,0,6,1.0,7.0,1,1,0,1,"SuperSport Park, Centurion",Centurion,2016-11-25,Cape Cobras,Unknown,[],"['Cape Cobras', 'Titans']","['AK Markram', 'MQ Adams', 'HG Kuhn', 'F Behardien', 'JA Morkel', 'D Wiese', 'H Klaasen', 'CJ Dala', 'MP Siboto', 'L Ngidi', 'DL Piedt']",21.98,115.94999999999999,33.3,6.0,11,141.88,64.08,8
1003871,Titans,1,168,0,128,21.333333333333332,7.875,12,13,5,18,"Diamond Oval, Kimberley",Kimberley,2016-11-27,Knights,Titans,"['JA Morkel', 'PE Kruger']","['Titans', 'Knights']","['AK Markram', 'H Klaasen', 'MQ Adams', 'HG Kuhn', 'F Behardien', 'JA Morkel', 'D Wiese', 'MP Siboto', 'DL Piedt', 'CJ Dala', 'L Ngidi']",21.98,115.94999999999999,33.3,6.0,11,167.5,10.5,4
1003871,Knights,2,158,0,124,20.666666666666668,7.64516129032258,14,15,3,18,"Diamond Oval, Kimberley",Kimberley,2016-11-27,Titans,Titans,"['JA Morkel', 'PE Kruger']","['Titans', 'Knights']","['PE Kruger', 'AGS Gous', 'TB de Bruyn', 'DA Miller', 'DS Rosier', 'TM Bodibe', 'M de Lange', 'SC van Schalkwyk', 'LLL Sesele', 'D Olivier', 'LM Zuma']",23.81,153.345,41.33,6.52,11,167.5,10.5,4
1003873,Lions,1,175,0,126,21.0,8.333333333333334,9,8,8,16,"New Wanderers Stadium, Johannesburg",Johannesburg,2016-11-27,Dolphins,Lions,"['R Frylinck', 'BC Fortuin']","['Lions', 'Dolphins']","['HE van der Dussen', 'OA Ramela', 'M Mosehle', 'NJ van den Bergh', 'DP Conway', 'GC Viljoen', 'MK McGillivray', 'BC Fortuin', 'AM Phangiso', 'E Leie', 'A Myoli']",30.566666666666666,128.00666666666666,19.5,4.265000000000001,11,170.0,18.43,6
1003873,Dolphins,2,169,0,123,20.5,8.24390243902439,9,18,5,23,"New Wanderers Stadium, Johannesburg",Johannesburg,2016-11-27,Lions,Lions,"['R Frylinck', 'BC Fortuin']","['Lions', 'Dolphins']","['CS Delport', 'MN van Wyk', 'C Chetty', 'M Gqadushe', 'VB van Jaarsveld', 'K Zondo', 'K Nipper', 'R Frylinck', 'Imran Tahir', 'RJ Engelbrecht', 'M Shezi']",,,,,11,170.0,18.43,6
1003875,Knights,1,93,0,119,19.833333333333332,4.689075630252101,3,11,0,11,"St George's Park, Port Elizabeth",Port Elizabeth,2016-11-30,Warriors,Warriors,"['JT Smuts', 'JT Smuts']","['Knights', 'Warriors']","['LLL Sesele', 'PE Kruger', 'TB de Bruyn', 'AGS Gous', 'P Botha', 'AR Swanepoel', 'M de Lange', 'TM Bodibe', 'SC van Schalkwyk', 'D Olivier', 'LM Zuma']",13.0,162.5,41.33,6.52,11,127.67,27.37,6
1003875,Warriors,2,94,0,72,12.0,7.833333333333333,11,11,2,13,"St George's Park, Port Elizabeth",Port Elizabeth,2016-11-30,Knights,Warriors,"['JT Smuts', 'JT Smuts']","['Knights', 'Warriors']","['JT Smuts', 'S Seyibokwe', 'CA Ingram', 'CN Ackermann', 'A Gqamane', 'ACR Birch', 'C Jonker', 'SSB Magala', 'LC Ngoepe', 'C Fortuin', 'BD Walters']",13.0,124.035,39.25,6.305,11,127.67,27.37,6
1003877,Titans,1,170,0,125,20.833333333333332,8.16,10,16,3,19,"Kingsmead, Durban",Durban,2016-11-30,Dolphins,Dolphins,"['CS Delport', 'S von Berg']","['Titans', 'Dolphins']","['H Klaasen', 'JD Vandiar', 'MQ Adams', 'HG Kuhn', 'F Behardien', 'JA Morkel', 'D Wiese', 'MP Siboto', 'S von Berg', 'CJ Dala', 'L Ngidi']",13.865,100.06,26.52,6.14,11,136.9,44.94,10
1003877,Dolphins,2,171,0,120,20.0,8.55,10,16,4,20,"Kingsmead, Durban",Durban,2016-11-30,Titans,Dolphins,"['CS Delport', 'S von Berg']","['Titans', 'Dolphins']","['CS Delport', 'MN van Wyk', 'KP Pietersen', 'C Chetty', 'K Zondo', 'R Frylinck', 'M Gqadushe', 'P Subrayen', 'CJ Alexander', 'Imran Tahir', 'M Shezi']",,,,,11,136.9,44.94,10
1003879,Lions,1,182,0,123,20.5,8.878048780487806,3,11,10,21,"Diamond Oval, Kimberley",Kimberley,2016-12-02,Knights,Lions,"['NJ van den Bergh', 'BC Fortuin']","['Lions', 'Knights']","['HE van der Dussen', 'RR Hendricks', 'M Mosehle', 'NJ van den Bergh', 'D Pretorius', 'GC Viljoen', 'MK McGillivray', 'OA Ramela', 'BC Fortuin', 'E Leie', 'AM Phangiso']",24.3925,135.82,28.2625,5.050000000000001,11,167.5,10.5,4
1003879,Knights,2,162,0,123,20.5,7.902439024390244,7,15,6,21,"Diamond Oval, Kimberley",Kimberley,2016-12-02,Lions,Lions,"['NJ van den Bergh', 'BC Fortuin']","['Lions', 'Knights']","['MN Erlank', 'TB de Bruyn', 'JL du Plooy', 'PJ van Biljon', 'M de Lange', 'AR Swanepoel', 'TM Bodibe', 'LL Mnyanda', 'SC van Schalkwyk', 'D Olivier', 'LM Zuma']",13.0,162.5,41.33,6.52,11,167.5,10.5,4
1003881,Titans,1,147,0,119,19.833333333333332,7.411764705882353,6,14,4,18,"SuperSport Park, Centurion",Centurion,2016-12-02,Warriors,Warriors,"['ACR Birch', 'CN Ackermann']","['Titans', 'Warriors']","['JD Vandiar', 'AK Markram', 'H Klaasen', 'HG Kuhn', 'F Behardien', 'JA Morkel', 'D Wiese', 'MP Siboto', 'T Shamsi', 'CJ Dala', 'L Ngidi']",17.047500000000003,96.33749999999999,34.193333333333335,5.8825,11,141.88,64.08,8
1003881,Warriors,2,148,0,120,20.0,7.4,7,11,6,17,"SuperSport Park, Centurion",Centurion,2016-12-02,Titans,Warriors,"['ACR Birch', 'CN Ackermann']","['Titans', 'Warriors']","['JT Smuts', 'S Seyibokwe', 'CA Ingram', 'CN Ackermann', 'C Jonker', 'LC Ngoepe', 'C Fortuin', 'ACR Birch', 'SSB Magala', 'A Gqamane', 'BD Walters']",13.0,124.035,39.25,6.305,11,141.88,64.08,8
1003883,Lions,1,157,0,122,20.333333333333332,7.721311475409837,11,8,7,15,"Kingsmead, Durban",Durban,2016-12-04,Warriors,Lions,"['HE van der Dussen', 'GC Viljoen']","['Lions', 'Warriors']","['HE van der Dussen', 'RR Hendricks', 'M Mosehle', 'OA Ramela', 'NJ van den Bergh', 'D Pretorius', 'MK McGillivray', 'GC Viljoen', 'BC Fortuin', 'AM Phangiso', 'E Leie']",24.3925,135.82,28.2625,5.050000000000001,11,136.9,44.94,10
1003883,Warriors,2,152,0,122,20.333333333333332,7.475409836065574,3,13,6,19,"Kingsmead, Durban",Durban,2016-12-04,Lions,Lions,"['HE van der Dussen', 'GC Viljoen']","['Lions', 'Warriors']","['JT Smuts', 'GL Cloete', 'CA Ingram', 'CN Ackermann', 'C Jonker', 'LC Ngoepe', 'C Fortuin', 'ACR Birch', 'SSB Magala', 'A Gqamane', 'BD Walters']",13.0,124.035,39.25,6.305,11,136.9,44.94,10
1003885,Dolphins,1,178,0,126,21.0,8.476190476190476,10,13,7,20,"Kingsmead, Durban",Durban,2016-12-04,Cape Cobras,Cape Cobras,"['RK Kleinveldt', 'DJ Vilas']","['Dolphins', 'Cape Cobras']","['MN van Wyk', 'CS Delport', 'KP Pietersen', 'C Chetty', 'K Zondo', 'R Frylinck', 'KA Maharaj', 'M Gqadushe', 'P Subrayen', 'Imran Tahir', 'M Shezi']",13.8,107.81,37.03,4.79,11,136.9,44.94,10
1003885,Cape Cobras,2,181,0,116,19.333333333333332,9.362068965517242,11,18,7,25,"Kingsmead, Durban",Durban,2016-12-04,Dolphins,Cape Cobras,"['RK Kleinveldt', 'DJ Vilas']","['Dolphins', 'Cape Cobras']","['RE Levi', 'WD Parnell', 'JL Ontong', 'DJ Vilas', 'KA Pollard', 'C Tshiki', 'RK Kleinveldt', 'GF Linde', 'A Mgijima', 'D Paterson', 'NM Serame']",23.15,116.405,34.845,5.645,11,136.9,44.94,10
1003887,Knights,1,146,0,125,20.833333333333332,7.008,13,13,4,17,"Newlands, Cape Town",Cape Town,2016-12-07,Cape Cobras,Cape Cobras,"['RE Levi', 'WD Parnell']","['Knights', 'Cape Cobras']","['RS Second', 'PE Kruger', 'TB de Bruyn', 'JL du Plooy', 'AR Swanepoel', 'LL Mnyanda', 'D du Preez', 'SC van Schalkwyk', 'CA Dry', 'LM Zuma', 'M Budaza']",13.0,162.5,,,11,149.0,4.24,2
1003887,Cape Cobras,2,152,0,89,14.833333333333334,10.247191011235955,8,16,7,23,"Newlands, Cape Town",Cape Town,2016-12-07,Knights,Cape Cobras,"['RE Levi', 'WD Parnell']","['Knights', 'Cape Cobras']","['RE Levi', 'WD Parnell', 'JP Duminy', 'KA Pollard', 'C Tshiki', 'DJ Vilas', 'A Mgijima', 'RK Kleinveldt', 'GF Linde', 'D Paterson', 'NM Serame']",23.15,116.405,34.845,5.645,11,149.0,4.24,2
1003889,Dolphins,1,216,0,124,20.666666666666668,10.451612903225806,8,23,8,31,"Buffalo Park, East London",East London,2016-12-07,Warriors,Warriors,"['JT Smuts', 'JT Smuts']","['Dolphins', 'Warriors']","['MN van Wyk', 'CS Delport', 'KP Pietersen', 'R Frylinck', 'K Zondo', 'KA Maharaj', 'P Subrayen', 'BS Makhanya', 'C Chetty', 'Imran Tahir', 'M Shezi']",13.8,107.81,37.03,4.79,11,146.75,80.58,4
1003889,Warriors,2,217,0,118,19.666666666666668,11.033898305084746,10,15,14,29,"Buffalo Park, East London",East London,2016-12-07,Dolphins,Warriors,"['JT Smuts', 'JT Smuts']","['Dolphins', 'Warriors']","['JT Smuts', 'C Fortuin', 'CA Ingram', 'CN Ackermann', 'C Jonker', 'MQ Adams', 'LC Ngoepe', 'ACR Birch', 'SSB Magala', 'A Gqamane', 'BD Walters']",13.0,124.035,39.25,6.305,11,146.75,80.58,4
1003891,Titans,1,230,0,123,20.5,11.21951219512195,13,15,13,28,"SuperSport Park, Centurion",Centurion,2016-12-07,Lions,Titans,"['D Wiese', 'JD Vandiar']","['Titans', 'Lions']","['JD Vandiar', 'AK Markram', 'H Klaasen', 'HG Kuhn', 'JA Morkel', 'F Behardien', 'D Wiese', 'MP Siboto', 'CJ Dala', 'L Ngidi', 'T Shamsi']",17.0475,96.33749999999999,34.19333333333333,5.8825,11,141.88,64.08,8
1003891,Lions,2,184,0,122,20.333333333333332,9.049180327868854,2,11,10,21,"SuperSport Park, Centurion",Centurion,2016-12-07,Titans,Titans,"['D Wiese', 'JD Vandiar']","['Titans', 'Lions']","['HE van der Dussen', 'RR Hendricks', 'M Mosehle', 'T Bavuma', 'D Pretorius', 'NJ van den Bergh', 'GC Viljoen', 'BC Fortuin', 'AM Phangiso', 'E Leie', 'MK McGillivray']",24.048,131.872,28.2625,4.752000000000001,11,141.88,64.08,8
1003895,Lions,1,125,0,124,20.666666666666668,6.048387096774193,9,10,1,11,"Senwes Park, Potchefstroom",Potchefstroom,2016-12-09,Knights,Knights,"['RS Second', 'M Budaza']","['Lions', 'Knights']","['HE van der Dussen', 'RR Hendricks', 'T Bavuma', 'M Mosehle', 'NJ van den Bergh', 'PWA Mulder', 'D Pretorius', 'GC Viljoen', 'BC Fortuin', 'E Leie', 'AM Phangiso']",24.290000000000003,129.21,29.429999999999996,4.921666666666667,11,117.0,40.8,4
1003895,Knights,2,112,0,113,18.833333333333332,5.946902654867257,14,7,3,10,"Senwes Park, Potchefstroom",Potchefstroom,2016-12-09,Lions,Knights,"['RS Second', 'M Budaza']","['Lions', 'Knights']","['RS Second', 'PE Kruger', 'JL du Plooy', 'PJ van Biljon', 'DS Rosier', 'AR Swanepoel', 'LL Mnyanda', 'CA Dry', 'LM Zuma', 'M Budaza', 'D du Preez']",,,,,11,117.0,40.8,4
1003899,Titans,1,80,0,32,5.333333333333333,15.0,2,6,6,12,"Buffalo Park, East London",East London,2016-12-11,Warriors,Titans,"['F Behardien', 'D Wiese']","['Titans', 'Warriors']","['JD Vandiar', 'HG Kuhn', 'H Klaasen', 'F Behardien', 'JA Morkel', 'D Wiese', 'AK Markram', 'T Shamsi', 'L Ngidi', 'MP Siboto', 'CJ Dala']",17.047500000000003,96.33749999999999,34.193333333333335,5.8825,11,146.75,80.58,4
1003899,Warriors,2,74,0,32,5.333333333333333,13.875,2,7,5,12,"Buffalo Park, East London",East London,2016-12-11,Titans,Titans,"['F Behardien', 'D Wiese']","['Titans', 'Warriors']","['JT Smuts', 'CA Ingram', 'C Jonker', 'MQ Adams', 'C Fortuin', 'SSB Magala', 'KJ Abbott', 'LC Ngoepe', 'SSN Nqweni', 'ACR Birch', 'BD Walters']",11.5,116.02333333333333,37.68333333333333,6.02,11,146.75,80.58,4
1003901,Dolphins,1,59,0,50,8.333333333333334,7.079999999999999,5,0,4,4,"Kingsmead, Durban",Durban,2016-12-11,Knights,Knights,"['D du Preez', 'PE Kruger']","['Dolphins', 'Knights']","['CS Delport', 'MN van Wyk', 'KP Pietersen', 'R Frylinck', 'K Zondo', 'KA Maharaj', 'C Chetty', 'BS Makhanya', 'P Subrayen', 'Imran Tahir', 'M Shezi']",13.8,107.81,37.03,4.79,11,136.9,44.94,10
1003901,Knights,2,68,0,38,6.333333333333333,10.736842105263158,9,5,4,9,"Kingsmead, Durban",Durban,2016-12-11,Dolphins,Knights,"['D du Preez', 'PE Kruger']","['Dolphins', 'Knights']","['RS Second', 'PE Kruger', 'DA Miller', 'JL du Plooy', 'DS Rosier', 'AR Swanepoel', 'LL Mnyanda', 'D du Preez', 'CA Dry', 'LM Zuma', 'M Budaza']",34.62,144.19,,,11,136.9,44.94,10
1003903,Lions,1,136,0,125,20.833333333333332,6.5280000000000005,9,12,1,13,"St George's Park, Port Elizabeth",Port Elizabeth,2016-12-13,Warriors,Warriors,"['CA Ingram', 'JT Smuts']","['Lions', 'Warriors']","['HE van der Dussen', 'RR Hendricks', 'T Bavuma', 'M Mosehle', 'NJ van den Bergh', 'D Pretorius', 'PWA Mulder', 'GC Viljoen', 'BC Fortuin', 'AM Phangiso', 'E Leie']",24.290000000000003,129.21,29.43,4.921666666666667,11,127.67,27.37,6
1003903,Warriors,2,138,0,113,18.833333333333332,7.327433628318585,8,14,2,16,"St George's Park, Port Elizabeth",Port Elizabeth,2016-12-13,Lions,Warriors,"['CA Ingram', 'JT Smuts']","['Lions', 'Warriors']","['JT Smuts', 'C Fortuin', 'CA Ingram', 'CN Ackermann', 'C Jonker', 'SSB Magala', 'KJ Abbott', 'LC Ngoepe', 'BD Walters', 'MQ Adams', 'A Gqamane']",11.5,116.02333333333333,37.68333333333333,6.02,11,127.67,27.37,6
1003905,Titans,1,155,0,129,21.5,7.209302325581396,16,9,3,12,"SuperSport Park, Centurion",Centurion,2016-12-16,Warriors,Titans,"['D Wiese', 'L Ngidi']","['Titans', 'Warriors']","['JD Vandiar', 'AK Markram', 'H Klaasen', 'JA Morkel', 'HG Kuhn', 'F Behardien', 'D Wiese', 'MP Siboto', 'L Ngidi', 'CJ Dala', 'T Shamsi']",17.0475,96.33749999999999,34.19333333333333,5.8825,11,141.88,64.08,8
1003905,Warriors,2,149,0,128,21.333333333333332,6.984375,15,11,4,15,"SuperSport Park, Centurion",Centurion,2016-12-16,Titans,Titans,"['D Wiese', 'L Ngidi']","['Titans', 'Warriors']","['JT Smuts', 'C Fortuin', 'CA Ingram', 'CN Ackermann', 'C Jonker', 'MQ Adams', 'LC Ngoepe', 'SSB Magala', 'KJ Abbott', 'BD Walters', 'A Gqamane']",11.5,116.02333333333333,37.68333333333333,6.02,11,141.88,64.08,8
1004729,Hong Kong,1,169,0,128,21.333333333333332,7.921875,10,13,5,18,"Bready Cricket Club, Magheramason",Londonderry,2016-09-05,Ireland,Hong Kong,[],"['Ireland', 'Hong Kong']","['Nizakat Khan', 'Aizaz Khan', 'Babar Hayat', 'Anshuman Rath', 'Ehsan Khan', 'Tanwir Afzal', 'Shahid Wasif', 'Tanveer Ahmed', 'Ehsan Nawaz', 'Nadeem Ahmed', 'C Carter']",17.58,130.24,83.83500000000001,5.18,11,149.0,28.28,2
1004729,Ireland,2,129,0,121,20.166666666666668,6.396694214876033,13,12,2,14,"Bready Cricket Club, Magheramason",Londonderry,2016-09-05,Hong Kong,Hong Kong,[],"['Ireland', 'Hong Kong']","['WTS Porterfield', 'DA Rankin', 'SP Terry', 'JNK Shannon', ""KJ O'Brien"", 'GJ Thompson', 'AR McBrine', 'L Tucker', 'J Mulder', 'J Little', 'CA Young']",14.798000000000002,102.648,30.7225,5.3275,11,149.0,28.28,2
1007655,Zimbabwe,1,170,0,124,20.666666666666668,8.225806451612902,9,11,10,21,Harare Sports Club,Unknown,2016-06-18,India,Zimbabwe,['E Chigumbura'],"['Zimbabwe', 'India']","['CJ Chibhabha', 'H Masakadza', 'R Mutumbami', 'Sikandar Raza', 'MN Waller', 'CT Mutombodzi', 'E Chigumbura', 'AG Cremer', 'N Madziva', 'T Muzarabani', 'DT Tiripano']",13.547999999999998,97.402,40.2875,5.2250000000000005,11,135.5,30.47,6
1007655,India,2,168,0,129,21.5,7.813953488372093,13,13,6,19,Harare Sports Club,Unknown,2016-06-18,Zimbabwe,Zimbabwe,['E Chigumbura'],"['Zimbabwe', 'India']","['KL Rahul', 'Mandeep Singh', 'AT Rayudu', 'MK Pandey', 'KM Jadhav', 'MS Dhoni', 'AR Patel', 'R Dhawan', 'JJ Bumrah', 'JD Unadkat', 'YS Chahal']",14.311666666666667,88.48000000000002,25.8675,4.4725,11,135.5,30.47,6
1007657,Zimbabwe,1,99,0,125,20.833333333333332,4.752000000000001,9,8,2,10,Harare Sports Club,Unknown,2016-06-20,India,India,['BB Sran'],"['Zimbabwe', 'India']","['CJ Chibhabha', 'H Masakadza', 'PJ Moor', 'Sikandar Raza', 'CT Mutombodzi', 'MN Waller', 'E Chigumbura', 'AG Cremer', 'N Madziva', 'DT Tiripano', 'T Muzarabani']",12.629999999999999,92.42,40.2875,5.2250000000000005,11,135.5,30.47,6
1007657,India,2,103,0,82,13.666666666666666,7.536585365853659,4,8,3,11,Harare Sports Club,Unknown,2016-06-20,Zimbabwe,India,['BB Sran'],"['Zimbabwe', 'India']","['KL Rahul', 'Mandeep Singh', 'AT Rayudu', 'MK Pandey', 'KM Jadhav', 'MS Dhoni', 'AR Patel', 'DS Kulkarni', 'JJ Bumrah', 'BB Sran', 'YS Chahal']",11.59,80.90400000000001,25.78333333333333,4.626666666666667,11,135.5,30.47,6
1007659,India,1,138,0,123,20.5,6.7317073170731705,4,12,3,15,Harare Sports Club,Unknown,2016-06-22,Zimbabwe,India,['KM Jadhav'],"['Zimbabwe', 'India']","['KL Rahul', 'Mandeep Singh', 'AT Rayudu', 'MK Pandey', 'KM Jadhav', 'MS Dhoni', 'AR Patel', 'DS Kulkarni', 'JJ Bumrah', 'BB Sran', 'YS Chahal']",11.59,80.90400000000001,25.78333333333333,4.626666666666667,11,135.5,30.47,6
1007659,Zimbabwe,2,135,0,124,20.666666666666668,6.532258064516129,12,11,5,16,Harare Sports Club,Unknown,2016-06-22,India,India,['KM Jadhav'],"['Zimbabwe', 'India']","['CJ Chibhabha', 'H Masakadza', 'V Sibanda', 'PJ Moor', 'MN Waller', 'E Chigumbura', 'T Maruma', 'AG Cremer', 'N Madziva', 'DT Tiripano', 'TL Chatara']",10.879999999999999,88.8975,39.38333333333333,5.326666666666667,11,135.5,30.47,6
1019979,Bangladesh,1,141,0,134,22.333333333333332,6.313432835820896,18,6,6,12,McLean Park,Napier,2017-01-03,New Zealand,New Zealand,['KS Williamson'],"['New Zealand', 'Bangladesh']","['Tamim Iqbal', 'Imrul Kayes', 'Sabbir Rahman', 'Shakib Al Hasan', 'Soumya Sarkar', 'Mahmudullah', 'Mosaddek Hossain', 'Mashrafe Mortaza', 'Nurul Hasan', 'Rubel Hossain', 'Mustafizur Rahman']",13.55,94.50888888888889,29.7175,6.2155555555555555,11,142.0,1.41,2
1019979,New Zealand,2,143,0,110,18.333333333333332,7.800000000000001,3,10,5,15,McLean Park,Napier,2017-01-03,Bangladesh,New Zealand,['KS Williamson'],"['New Zealand', 'Bangladesh']","['NT Broom', 'KS Williamson', 'C Munro', 'CJ Anderson', 'TC Bruce', 'C de Grandhomme', 'L Ronchi', 'MJ Santner', 'BM Wheeler', 'MJ Henry', 'LH Ferguson']",13.735,122.72666666666667,33.45166666666666,5.126666666666666,11,142.0,1.41,2
1019981,New Zealand,1,195,0,124,20.666666666666668,9.435483870967742,8,15,8,23,Bay Oval,Mount Maunganui,2017-01-06,Bangladesh,New Zealand,['C Munro'],"['New Zealand', 'Bangladesh']","['L Ronchi', 'KS Williamson', 'C Munro', 'CJ Anderson', 'TC Bruce', 'C de Grandhomme', 'JDS Neesham', 'MJ Santner', 'BM Wheeler', 'IS Sodhi', 'TA Boult']",14.802857142857146,111.27714285714286,33.739999999999995,5.187142857142858,11,176.0,22.73,4
1019981,Bangladesh,2,148,0,117,19.5,7.589743589743589,15,8,6,14,Bay Oval,Mount Maunganui,2017-01-06,New Zealand,New Zealand,['C Munro'],"['New Zealand', 'Bangladesh']","['Tamim Iqbal', 'Imrul Kayes', 'Sabbir Rahman', 'Shakib Al Hasan', 'Soumya Sarkar', 'Mahmudullah', 'Mosaddek Hossain', 'Nurul Hasan', 'Mashrafe Mortaza', 'Rubel Hossain', 'Mustafizur Rahman']",13.55,94.50888888888889,29.7175,6.2155555555555555,11,176.0,22.73,4
1019983,New Zealand,1,194,0,122,20.333333333333332,9.540983606557377,16,12,11,23,Bay Oval,Mount Maunganui,2017-01-08,Bangladesh,New Zealand,['CJ Anderson'],"['New Zealand', 'Bangladesh']","['KS Williamson', 'JDS Neesham', 'C Munro', 'TC Bruce', 'CJ Anderson', 'C de Grandhomme', 'TA Blundell', 'MJ Santner', 'BM Wheeler', 'TA Boult', 'IS Sodhi']",14.79625,107.2,33.74,5.187142857142857,11,176.0,22.73,4
1019983,Bangladesh,2,167,0,123,20.5,8.146341463414634,4,21,1,22,Bay Oval,Mount Maunganui,2017-01-08,New Zealand,New Zealand,['CJ Anderson'],"['New Zealand', 'Bangladesh']","['Tamim Iqbal', 'Soumya Sarkar', 'Sabbir Rahman', 'Shakib Al Hasan', 'Mahmudullah', 'Mosaddek Hossain', 'Nurul Hasan', 'Rubel Hossain', 'Imrul Kayes', 'Mashrafe Mortaza', 'Taskin Ahmed']",14.6775,96.7725,30.548571428571424,6.3575,11,176.0,22.73,4
1020029,South Africa,1,185,0,122,20.333333333333332,9.098360655737705,11,16,9,25,Eden Park,Auckland,2017-02-17,New Zealand,South Africa,['Imran Tahir'],"['New Zealand', 'South Africa']","['HM Amla', 'Q de Kock', 'F du Plessis', 'AB de Villiers', 'JP Duminy', 'F Behardien', 'CH Morris', 'WD Parnell', 'AL Phehlukwayo', 'Imran Tahir', 'D Paterson']",17.775,105.3275,49.31333333333333,5.666666666666667,11,146.0,55.15,2
1020029,New Zealand,2,107,0,91,15.166666666666666,7.054945054945056,3,7,7,14,Eden Park,Auckland,2017-02-17,South Africa,South Africa,['Imran Tahir'],"['New Zealand', 'South Africa']","['GD Phillips', 'KS Williamson', 'C Munro', 'TC Bruce', 'CJ Anderson', 'C de Grandhomme', 'L Ronchi', 'MJ Santner', 'BM Wheeler', 'TG Southee', 'TA Boult']",16.557142857142857,113.83428571428574,32.54714285714285,5.258571428571429,11,146.0,55.15,2
1031431,South Africa,1,142,0,121,20.166666666666668,7.041322314049586,1,8,5,13,The Rose Bowl,Southampton,2017-06-21,England,England,['JM Bairstow'],"['England', 'South Africa']","['JT Smuts', 'RR Hendricks', 'AB de Villiers', 'DA Miller', 'F Behardien', 'M Mosehle', 'WD Parnell', 'D Pretorius', 'AL Phehlukwayo', 'T Shamsi', 'Imran Tahir']",19.895,114.07000000000001,34.394,5.706,11,158.5,21.95,4
1031431,England,2,143,0,89,14.833333333333334,9.640449438202246,8,12,6,18,The Rose Bowl,Southampton,2017-06-21,South Africa,England,['JM Bairstow'],"['England', 'South Africa']","['JJ Roy', 'AD Hales', 'JM Bairstow', 'EJG Morgan', 'JC Buttler', 'SW Billings', 'LA Dawson', 'MS Crane', 'DJ Willey', 'CJ Jordan', 'MA Wood']",23.074444444444442,138.6877777777778,41.36333333333333,5.84,11,158.5,21.95,4
1031433,South Africa,1,174,0,125,20.833333333333332,8.352,5,13,9,22,County Ground,Taunton,2017-06-23,England,South Africa,['CH Morris'],"['England', 'South Africa']","['JT Smuts', 'RR Hendricks', 'M Mosehle', 'AB de Villiers', 'DA Miller', 'F Behardien', 'CH Morris', 'AL Phehlukwayo', 'M Morkel', 'D Paterson', 'T Shamsi']",19.155,105.65,38.173333333333325,5.990000000000001,11,183.0,21.05,12
1031433,England,2,171,0,126,21.0,8.142857142857142,15,21,2,23,County Ground,Taunton,2017-06-23,South Africa,South Africa,['CH Morris'],"['England', 'South Africa']","['JJ Roy', 'SW Billings', 'JM Bairstow', 'LS Livingstone', 'JC Buttler', 'EJG Morgan', 'LA Dawson', 'LE Plunkett', 'CJ Jordan', 'DJ Willey', 'TK Curran']",21.113000000000003,138.83099999999996,38.31,5.946,11,183.0,21.05,12
1031435,England,1,181,0,123,20.5,8.829268292682928,14,16,7,23,Sophia Gardens,Cardiff,2017-06-25,South Africa,England,['DJ Malan'],"['England', 'South Africa']","['JJ Roy', 'AD Hales', 'DJ Malan', 'JC Buttler', 'SW Billings', 'LS Livingstone', 'LE Plunkett', 'DJ Willey', 'CJ Jordan', 'TK Curran', 'MS Crane']",23.36,136.82777777777778,30.35,6.016,11,165.2,13.27,5
1031435,South Africa,2,162,0,123,20.5,7.902439024390244,12,11,7,18,Sophia Gardens,Cardiff,2017-06-25,England,England,['DJ Malan'],"['England', 'South Africa']","['JT Smuts', 'RR Hendricks', 'CH Morris', 'AB de Villiers', 'DA Miller', 'F Behardien', 'M Mosehle', 'AL Phehlukwayo', 'M Morkel', 'D Paterson', 'Imran Tahir']",24.790000000000003,128.36666666666667,39.269999999999996,6.220000000000001,11,165.2,13.27,5
1031665,West Indies,1,176,0,127,21.166666666666668,8.31496062992126,8,12,11,23,Riverside Ground,Chester-le-Street,2017-09-16,England,West Indies,['SP Narine'],"['West Indies', 'England']","['CH Gayle', 'E Lewis', 'MN Samuels', 'CAK Walton', 'KA Pollard', 'R Powell', 'CR Brathwaite', 'SP Narine', 'AR Nurse', 'JE Taylor', 'KOK Williams']",24.79,129.3825,79.8725,5.408,11,164.33,17.87,6
1031665,England,2,155,0,121,20.166666666666668,7.68595041322314,9,15,2,17,Riverside Ground,Chester-le-Street,2017-09-16,West Indies,West Indies,['SP Narine'],"['West Indies', 'England']","['JJ Roy', 'AD Hales', 'JE Root', 'EJG Morgan', 'JC Buttler', 'JM Bairstow', 'AU Rashid', 'DJ Willey', 'LE Plunkett', 'CJ Jordan', 'TK Curran']",23.848,134.44599999999997,37.327999999999996,5.484,11,164.33,17.87,6
1034825,India,1,147,0,128,21.333333333333332,6.890625,11,13,1,14,Green Park,Kanpur,2017-01-26,England,England,['MM Ali'],"['India', 'England']","['V Kohli', 'KL Rahul', 'SK Raina', 'Yuvraj Singh', 'MS Dhoni', 'MK Pandey', 'HH Pandya', 'Parvez Rasool', 'JJ Bumrah', 'A Nehra', 'YS Chahal']",22.099999999999998,105.77500000000002,56.424000000000014,5.138,11,147.5,0.71,2
1034825,England,2,148,0,113,18.833333333333332,7.858407079646018,8,8,7,15,Green Park,Kanpur,2017-01-26,India,England,['MM Ali'],"['India', 'England']","['JJ Roy', 'SW Billings', 'JE Root', 'EJG Morgan', 'BA Stokes', 'JC Buttler', 'MM Ali', 'CJ Jordan', 'LE Plunkett', 'TS Mills', 'AU Rashid']",23.765555555555554,134.6877777777778,40.965999999999994,5.459999999999999,11,147.5,0.71,2
1034827,India,1,144,0,123,20.5,7.024390243902439,4,8,4,12,"Vidarbha Cricket Association Stadium, Jamtha",Nagpur,2017-01-29,England,India,['JJ Bumrah'],"['India', 'England']","['V Kohli', 'KL Rahul', 'SK Raina', 'Yuvraj Singh', 'MK Pandey', 'MS Dhoni', 'HH Pandya', 'A Mishra', 'JJ Bumrah', 'A Nehra', 'YS Chahal']",22.099999999999998,105.77500000000002,56.424000000000014,5.138,11,141.5,3.54,2
1034827,England,2,139,0,123,20.5,6.780487804878049,8,6,5,11,"Vidarbha Cricket Association Stadium, Jamtha",Nagpur,2017-01-29,India,India,['JJ Bumrah'],"['India', 'England']","['JJ Roy', 'SW Billings', 'JE Root', 'EJG Morgan', 'BA Stokes', 'JC Buttler', 'MM Ali', 'CJ Jordan', 'LA Dawson', 'TS Mills', 'AU Rashid']",22.814,137.052,43.605,5.625,11,141.5,3.54,2
1034829,India,1,202,0,128,21.333333333333332,9.46875,16,11,12,23,M Chinnaswamy Stadium,Bangalore,2017-02-01,England,India,['YS Chahal'],"['India', 'England']","['V Kohli', 'KL Rahul', 'SK Raina', 'MS Dhoni', 'Yuvraj Singh', 'RR Pant', 'HH Pandya', 'A Mishra', 'JJ Bumrah', 'A Nehra', 'YS Chahal']",22.147142857142853,108.71714285714287,56.424000000000014,5.138,11,164.5,53.03,2
1034829,England,2,127,0,102,17.0,7.470588235294118,5,11,6,17,M Chinnaswamy Stadium,Bangalore,2017-02-01,India,India,['YS Chahal'],"['India', 'England']","['JJ Roy', 'SW Billings', 'JE Root', 'EJG Morgan', 'JC Buttler', 'BA Stokes', 'MM Ali', 'LE Plunkett', 'CJ Jordan', 'AU Rashid', 'TS Mills']",23.765555555555554,134.6877777777778,40.965999999999994,5.459999999999999,11,164.5,53.03,2
1041615,West Indies,1,245,0,126,21.0,11.666666666666666,6,13,21,34,Central Broward Regional Park Stadium Turf Ground,Lauderhill,2016-08-27,India,West Indies,['E Lewis'],"['India', 'West Indies']","['J Charles', 'E Lewis', 'AD Russell', 'KA Pollard', 'CR Brathwaite', 'DJ Bravo', 'LMP Simmons', 'MN Samuels', 'ADS Fletcher', 'SP Narine', 'S Badree']",23.795,128.14,89.645,8.536666666666667,11,161.75,108.91,4
1041615,India,2,244,0,124,20.666666666666668,11.806451612903226,6,22,11,33,Central Broward Regional Park Stadium Turf Ground,Lauderhill,2016-08-27,West Indies,West Indies,['E Lewis'],"['India', 'West Indies']","['RG Sharma', 'AM Rahane', 'V Kohli', 'KL Rahul', 'MS Dhoni', 'STR Binny', 'R Ashwin', 'RA Jadeja', 'Mohammed Shami', 'JJ Bumrah', 'B Kumar']",25.53,108.23333333333333,59.30200000000001,5.1579999999999995,11,161.75,108.91,4
1041617,West Indies,1,143,0,123,20.5,6.975609756097561,9,12,6,18,Central Broward Regional Park Stadium Turf Ground,Lauderhill,2016-08-28,India,Unknown,[],"['India', 'West Indies']","['J Charles', 'E Lewis', 'MN Samuels', 'LMP Simmons', 'ADS Fletcher', 'KA Pollard', 'AD Russell', 'DJ Bravo', 'CR Brathwaite', 'SP Narine', 'S Badree']",23.795,128.14,89.645,8.536666666666667,11,161.75,108.91,4
1041617,India,2,15,0,12,2.0,7.5,1,0,1,1,Central Broward Regional Park Stadium Turf Ground,Lauderhill,2016-08-28,West Indies,Unknown,[],"['India', 'West Indies']","['RG Sharma', 'AM Rahane', 'V Kohli', 'KL Rahul', 'MS Dhoni', 'RA Jadeja', 'R Ashwin', 'B Kumar', 'A Mishra', 'Mohammed Shami', 'JJ Bumrah']",25.53,108.23333333333333,59.30200000000001,5.158,11,161.75,108.91,4
1043989,Australia,1,151,0,122,20.333333333333332,7.426229508196721,9,13,1,14,Melbourne Cricket Ground,Unknown,2017-02-17,New Zealand,Australia,['EJ Villani'],"['Australia', 'New Zealand']","['MM Lanning', 'BL Mooney', 'A Gardner', 'EJ Villani', 'AJ Blackwell', 'AJ Healy', 'JL Jonassen', 'M Strano', 'ML Schutt', 'A Wellington', 'KM Beams']",,,,,11,150.5,27.86,4
1043989,New Zealand,2,111,0,121,20.166666666666668,5.5041322314049586,12,8,0,8,Melbourne Cricket Ground,Unknown,2017-02-17,Australia,Australia,['EJ Villani'],"['Australia', 'New Zealand']","['SW Bates', 'RH Priest', 'AM Peterson', 'AE Satterthwaite', 'KJ Martin', 'EM Bermingham', 'KT Perkins', 'EC Perry', 'HR Huddleston', 'LMM Tahuhu', 'LM Kasperek']",,,,,11,150.5,27.86,4
1043991,New Zealand,1,101,0,120,20.0,5.05,2,8,2,10,"Simonds Stadium, South Geelong",Victoria,2017-02-19,Australia,New Zealand,['AM Peterson'],"['Australia', 'New Zealand']","['SW Bates', 'RH Priest', 'AE Satterthwaite', 'KJ Martin', 'EC Perry', 'ML Green', 'AM Peterson', 'KT Perkins', 'LMM Tahuhu', 'EM Bermingham', 'HR Huddleston']",,,,,11,127.75,56.41,4
1043991,Australia,2,61,0,79,13.166666666666666,4.632911392405063,2,7,0,7,"Simonds Stadium, South Geelong",Victoria,2017-02-19,New Zealand,New Zealand,['AM Peterson'],"['Australia', 'New Zealand']","['MM Lanning', 'BL Mooney', 'A Gardner', 'EJ Villani', 'AJ Blackwell', 'AJ Healy', 'JL Jonassen', 'ML Schutt', 'A Wellington', 'M Strano', 'KM Beams']",,,,,11,127.75,56.41,4
1043993,New Zealand,1,113,0,123,20.5,5.512195121951219,6,9,1,10,Adelaide Oval,Unknown,2017-02-22,Australia,New Zealand,['SW Bates'],"['Australia', 'New Zealand']","['SW Bates', 'RH Priest', 'AE Satterthwaite', 'KJ Martin', 'AM Peterson', 'EC Perry', 'ML Green', 'EM Bermingham', 'LMM Tahuhu', 'AC Kerr', 'HR Huddleston']",,,,,11,128.0,51.23,4
1043993,Australia,2,66,0,100,16.666666666666668,3.9599999999999995,4,4,0,4,Adelaide Oval,Unknown,2017-02-22,New Zealand,New Zealand,['SW Bates'],"['Australia', 'New Zealand']","['BL Mooney', 'MM Lanning', 'A Gardner', 'EJ Villani', 'AJ Healy', 'JL Jonassen', 'AJ Blackwell', 'M Strano', 'ML Schutt', 'A Wellington', 'KM Beams']",,,,,11,128.0,51.23,4
1044211,Sri Lanka,1,59,0,122,20.333333333333332,2.9016393442622954,2,5,0,5,Sinhalese Sports Club Ground,Colombo,2016-09-27,Australia,Australia,['KM Beams'],"['Sri Lanka', 'Australia']","['GWHM Perera', 'HML Madushani', 'AC Jayangani', 'MADD Surangika', 'PM Weerakkody', 'MGMCP Gunawardene', 'LE Kaushalya', 'KADA Kanchana', 'KDU Prabodhani', 'I Ranaweera', 'BMSM Kumari']",,,,,11,61.0,2.83,2
1044211,Australia,2,63,0,49,8.166666666666666,7.714285714285714,0,8,1,9,Sinhalese Sports Club Ground,Colombo,2016-09-27,Sri Lanka,Australia,['KM Beams'],"['Sri Lanka', 'Australia']","['BL Mooney', 'EJ Villani', 'AJ Blackwell', 'RM Farrell', 'AJ Healy', 'JL Jonassen', 'NE Bolton', 'EA Osborne', 'EA Perry', 'ML Schutt', 'KM Beams']",,,,,11,61.0,2.83,2
1046679,Gibraltar,1,104,0,126,21.0,4.9523809523809526,8,9,1,10,Skarpnack 1,Stockholm,2016-08-17,Israel,Israel,[],"['Gibraltar', 'Israel']","['KJ Ferrary', 'MO Bacarese', 'K Aswani', 'IDM Latin', 'CJ Phillips', 'K Mirpuri', 'JD Freyone', 'J Hazell', 'A Orfila', 'SA Chipolina', 'S Suarez']",31.47,144.72,26.2,6.55,11,85.25,23.11,4
1046679,Israel,2,106,0,87,14.5,7.310344827586207,3,10,4,14,Skarpnack 1,Stockholm,2016-08-17,Gibraltar,Israel,[],"['Gibraltar', 'Israel']","['SRM Arachichige', 'M Hoffman', 'E Kahamker', 'Emanuel Solomon', 'J Evans', 'E Solomon', 'Y Razpurker', 'D Massil', 'R Schachat', 'S Bangera', 'S Waskar']",10.25,102.5,39.18,6.38,11,85.25,23.11,4
1046681,Germany,1,166,0,126,21.0,7.904761904761905,14,7,10,17,Skarpnack 2,Stockholm,2016-08-17,Isle of Man,Germany,[],"['Germany', 'Isle of Man']","['A Sarma', 'Mudassar Muhammad', 'R Pillai', 'D Weston', 'B Ess', 'Sajid Liaqat', 'Khaled Khan', 'Asad Mohammad', 'Ahmed Wardak', 'Kashif Hussain', 'ME Latif']",23.97,103.42,,,11,99.75,44.93,4
1046681,Isle of Man,2,66,0,96,16.0,4.125,7,3,2,5,Skarpnack 2,Stockholm,2016-08-17,Germany,Germany,[],"['Germany', 'Isle of Man']","['A McAuley', 'OJ Webster', 'P Littlejohns', 'D Kniveton', 'C Hawke', 'AM Killey', 'DJ Hawke', 'MJ Ansell', 'S Mills', 'K Cawte', 'A van den Berg']",,,,,11,99.75,44.93,4
1046685,Gibraltar,1,61,0,73,12.166666666666666,5.013698630136987,3,5,0,5,Skarpnack 1,Stockholm,2016-08-17,Isle of Man,Isle of Man,[],"['Gibraltar', 'Isle of Man']","['MO Bacarese', 'KJ Ferrary', 'K Aswani', 'IDM Latin', 'J Hazell', 'JD Freyone', 'SA Chipolina', 'K Mirpuri', 'A Orfila', 'CJ Phillips', 'S Suarez']",31.47,144.72,26.2,6.55,11,85.25,23.11,4
1046685,Isle of Man,2,70,0,61,10.166666666666666,6.885245901639345,2,5,1,6,Skarpnack 1,Stockholm,2016-08-17,Gibraltar,Isle of Man,[],"['Gibraltar', 'Isle of Man']","['A McAuley', 'OJ Webster', 'P Littlejohns', 'D Kniveton', 'C Hawke', 'AM Killey', 'DJ Hawke', 'N White', 'MJ Ansell', 'S Mills', 'A van den Berg']",,,,,11,85.25,23.11,4
1046687,Israel,1,83,0,114,19.0,4.368421052631579,8,6,0,6,Skarpnack 2,Stockholm,2016-08-17,Spain,Spain,[],"['Israel', 'Spain']","['SRM Arachichige', 'M Hoffman', 'Emanuel Solomon', 'E Kahamker', 'J Evans', 'E Solomon', 'Y Razpurker', 'R Schachat', 'S Bangera', 'N Dokarker', 'D Massil']",10.25,102.5,39.18,6.38,11,99.75,44.93,4
1046687,Spain,2,84,0,82,13.666666666666666,6.146341463414634,8,7,2,9,Skarpnack 2,Stockholm,2016-08-17,Israel,Spain,[],"['Israel', 'Spain']","['M Armghan Khan', 'Awais Ahmed', 'Nisar Ahmed', 'C Munoz-Mills', 'Farzan Afzal', 'Tanveer Iqbal', 'Kuldeep Lal', 'Farhat Mahmood', 'Atif Mehmood', 'Talat Nadeem', 'R Panchal']",15.704999999999998,97.76499999999999,26.79,7.840000000000001,11,99.75,44.93,4
1049617,Singapore,1,130,0,130,21.666666666666668,6.0,12,10,0,10,Johor Cricket Academy Oval,Unknown,2016-08-26,Malaysia,Singapore,[],"['Malaysia', 'Singapore']","['GK Diviya', 'NA Pratt', 'Ankita Ved', 'Kashish Agarwal', 'Samantha Singham', 'Smruthi Radhakrishnan', 'T Sen', 'Amna Jamal', 'Vathana Sreemurugavel', 'RR Seth', 'Shafina Mahesh']",,,,10.0,11,128.5,5.54,6
1049617,Malaysia,2,124,0,133,22.166666666666668,5.593984962406015,17,10,0,10,Johor Cricket Academy Oval,Unknown,2016-08-26,Singapore,Singapore,[],"['Malaysia', 'Singapore']","['Emylia Eliani', 'Yusrina Yaakop', 'WA Duraisingam', 'DI Chunan', 'Sasha Azmi', 'Christina Baret', 'Noor Hayati Zakaria', 'Jannadiah Halim', 'Zumika Azmi', 'Nur Aishah', 'Nur Arianna Natsya']",25.0,120.0,30.0,7.0,11,128.5,5.54,6
1049631,Singapore,1,129,0,134,22.333333333333332,5.776119402985075,21,4,0,4,Johor Cricket Academy Oval,Unknown,2016-08-27,Malaysia,Malaysia,[],"['Malaysia', 'Singapore']","['GK Diviya', 'NA Pratt', 'Ankita Ved', 'Samantha Singham', 'T Sen', 'Smruthi Radhakrishnan', 'Kashish Agarwal', 'Vathana Sreemurugavel', 'RR Seth', 'Shafina Mahesh', 'R Pasupathy']",,,,10.0,11,128.5,5.54,6
1049631,Malaysia,2,130,0,119,19.833333333333332,6.5546218487394965,22,9,0,9,Johor Cricket Academy Oval,Unknown,2016-08-27,Singapore,Malaysia,[],"['Malaysia', 'Singapore']","['Emylia Eliani', 'Christina Baret', 'Zumika Azmi', 'WA Duraisingam', 'Sasha Azmi', 'DI Chunan', 'Nur Aishah', 'Mahirah Izzati Ismail', 'Jannadiah Halim', 'Yusrina Yaakop', 'Noor Hayati Zakaria']",,,,,11,128.5,5.54,6
1049633,Malaysia,1,137,0,139,23.166666666666668,5.913669064748201,20,10,0,10,Johor Cricket Academy Oval,Unknown,2016-08-28,Singapore,Malaysia,[],"['Malaysia', 'Singapore']","['Emylia Eliani', 'Christina Baret', 'Zumika Azmi', 'WA Duraisingam', 'Sasha Azmi', 'DI Chunan', 'Noor Hayati Zakaria', 'Nur Aishah', 'Jannadiah Halim', 'Yusrina Yaakop', 'Mahirah Izzati Ismail']",,,,,11,128.5,5.54,6
1049633,Singapore,2,121,0,131,21.833333333333332,5.541984732824428,16,7,0,7,Johor Cricket Academy Oval,Unknown,2016-08-28,Malaysia,Malaysia,[],"['Malaysia', 'Singapore']","['Kashish Agarwal', 'NA Pratt', 'GK Diviya', 'Ankita Ved', 'Samantha Singham', 'Vathana Sreemurugavel', 'T Sen', 'V Pasupathy', 'RR Seth', 'Shafina Mahesh', 'Smruthi Radhakrishnan']",,,,10.0,11,128.5,5.54,6
1050217,West Indies,1,115,0,126,21.0,5.476190476190476,9,9,3,12,Dubai International Cricket Stadium,Unknown,2016-09-23,Pakistan,Pakistan,['Imad Wasim'],"['Pakistan', 'West Indies']","['J Charles', 'E Lewis', 'ADS Fletcher', 'MN Samuels', 'DJ Bravo', 'N Pooran', 'KA Pollard', 'CR Brathwaite', 'SP Narine', 'JE Taylor', 'S Badree']",24.805,126.9175,69.42999999999999,7.356,11,133.75,22.07,4
1050217,Pakistan,2,116,0,90,15.0,7.733333333333333,5,13,4,17,Dubai International Cricket Stadium,Unknown,2016-09-23,West Indies,Pakistan,['Imad Wasim'],"['Pakistan', 'West Indies']","['Sharjeel Khan', 'Khalid Latif', 'Babar Azam', 'Shoaib Malik', 'Umar Akmal', 'Sarfraz Ahmed', 'Mohammad Nawaz (3)', 'Imad Wasim', 'Wahab Riaz', 'Sohail Tanvir', 'Hasan Ali']",18.601999999999997,132.62333333333333,32.727999999999994,5.4879999999999995,11,133.75,22.07,4
1050219,Pakistan,1,160,0,125,20.833333333333332,7.680000000000001,15,13,2,15,Dubai International Cricket Stadium,Unknown,2016-09-24,West Indies,Pakistan,['Sarfraz Ahmed'],"['Pakistan', 'West Indies']","['Sharjeel Khan', 'Khalid Latif', 'Babar Azam', 'Shoaib Malik', 'Sarfraz Ahmed', 'Umar Akmal', 'Mohammad Nawaz (3)', 'Imad Wasim', 'Wahab Riaz', 'Sohail Tanvir', 'Hasan Ali']",18.601999999999997,132.62333333333333,32.727999999999994,5.4879999999999995,11,133.75,22.07,4
1050219,West Indies,2,144,0,129,21.5,6.6976744186046515,13,13,3,16,Dubai International Cricket Stadium,Unknown,2016-09-24,Pakistan,Pakistan,['Sarfraz Ahmed'],"['Pakistan', 'West Indies']","['J Charles', 'E Lewis', 'ADS Fletcher', 'MN Samuels', 'DJ Bravo', 'KA Pollard', 'CR Brathwaite', 'N Pooran', 'SP Narine', 'JE Taylor', 'S Badree']",24.805,126.91749999999999,69.42999999999999,7.356,11,133.75,22.07,4
1050221,West Indies,1,103,0,121,20.166666666666668,5.107438016528925,4,6,1,7,Sheikh Zayed Stadium,Abu Dhabi,2016-09-27,Pakistan,Pakistan,['Imad Wasim'],"['Pakistan', 'West Indies']","['J Charles', 'ADS Fletcher', 'CAK Walton', 'MN Samuels', 'DJ Bravo', 'N Pooran', 'KA Pollard', 'CR Brathwaite', 'SP Narine', 'JE Taylor', 'KOK Williams']",24.701999999999998,126.60999999999999,64.2075,6.953333333333333,11,105.5,3.54,2
1050221,Pakistan,2,108,0,93,15.5,6.967741935483871,6,10,1,11,Sheikh Zayed Stadium,Abu Dhabi,2016-09-27,West Indies,Pakistan,['Imad Wasim'],"['Pakistan', 'West Indies']","['Sharjeel Khan', 'Khalid Latif', 'Babar Azam', 'Shoaib Malik', 'Umar Akmal', 'Sarfraz Ahmed', 'Mohammad Nawaz (3)', 'Imad Wasim', 'Sohail Tanvir', 'Mohammad Amir', 'Rumman Raees']",17.58,129.98600000000002,28.3325,5.5325,11,105.5,3.54,2
1050615,New Zealand,1,118,0,128,21.333333333333332,5.53125,9,11,0,11,Saxton Oval,Nelson,2016-11-21,Pakistan,New Zealand,[],"['New Zealand', 'Pakistan']","['SW Bates', 'RH Priest', 'SFM Devine', 'AE Satterthwaite', 'KJ Martin', 'TMM Newton', 'EC Perry', 'KT Perkins', 'LMM Tahuhu', 'AC Kerr', 'MJG Nielsen']",,,,,11,111.0,9.9,2
1050615,Pakistan,2,104,0,128,21.333333333333332,4.875,12,10,0,10,Saxton Oval,Nelson,2016-11-21,New Zealand,New Zealand,[],"['New Zealand', 'Pakistan']","['Ayesha Zafar', 'Javeria Khan', 'Bismah Maroof', 'Nain Abidi', 'Iram Javed', 'Nida Dar', 'Asmavia Iqbal', 'Sidra Nawaz', 'Sana Mir', 'Aliya Riaz', 'Sadia Yousuf']",18.686666666666664,121.10666666666667,30.28,7.5,11,111.0,9.9,2
1058152,Saudi Arabia,1,123,0,122,20.333333333333332,6.049180327868853,4,6,4,10,Gymkhana Club Ground,Nairobi,2016-09-27,Kenya,Saudi Arabia,[],"['Kenya', 'Saudi Arabia']","['Abdul Waheed', 'Inayat Saeed', 'Muhammad Abbasi', 'Muzaffar Mujeed', 'Shanawaz Khan', 'Afzal Saleem', 'Gulam Mustafa', 'Ibrarul Haq', 'Imran Azam', 'Roheel Shamus', 'Waqas Akram']",33.065,120.225,,,11,131.0,27.55,6
1058152,Kenya,2,84,0,104,17.333333333333332,4.846153846153847,4,6,1,7,Gymkhana Club Ground,Nairobi,2016-09-27,Saudi Arabia,Saudi Arabia,[],"['Kenya', 'Saudi Arabia']","['IA Karim', 'DM Gondaria', 'RN Patel', 'RR Patel', 'CO Obuya', 'K Kaul', 'Gurdeep Singh', 'NM Odhiambo', 'SO Ngoche', 'NN Odhiambo', 'E Ochieng']",8.4125,79.69500000000001,25.92,5.87,11,131.0,27.55,6
1058153,Uganda,1,105,0,121,20.166666666666668,5.206611570247934,1,9,1,10,Jaffery Sports Club Ground,Nairobi,2016-09-27,Qatar,Qatar,[],"['Qatar', 'Uganda']","['Z Arinaitwe', 'AS Kyobe', 'HB Kayondo', 'Abdalah Lubega', 'L Sematimba', 'J Sebanja', 'F Nsubuga', 'D Muhumuza', 'B Masaba', 'Mohammed Irfan', 'H Ssenyondo']",25.0,120.0,30.0,7.0,11,131.75,32.67,4
1058153,Qatar,2,108,0,86,14.333333333333334,7.534883720930233,3,10,6,16,Jaffery Sports Club Ground,Nairobi,2016-09-27,Uganda,Qatar,[],"['Qatar', 'Uganda']","['Faisal Javed', 'Kamran Khan', 'Mohammad Rizlan', 'Tamoor Sajjad', 'Nouman Sarwar', 'Imran Ashraf', 'Mohammed Nadeem', 'Mujeeb-ur-Rehman', 'Mohammed Awais', 'Iqbal Hussain', 'Dharmang Patel']",5.25,68.75,46.53,4.28,11,131.75,32.67,4
1058155,Uganda,1,129,0,125,20.833333333333332,6.192,12,8,5,13,Gymkhana Club Ground,Nairobi,2016-09-28,Kenya,Kenya,[],"['Kenya', 'Uganda']","['HB Kayondo', 'AS Kyobe', 'Z Arinaitwe', 'A Otwani', 'J Sebanja', 'B Masaba', 'D Muhumuza', 'F Nsubuga', 'H Ssenyondo', 'Mohammed Irfan', 'E Isaneez']",25.0,120.0,30.0,7.0,11,131.0,27.55,6
1058155,Kenya,2,133,0,95,15.833333333333334,8.4,3,16,3,19,Gymkhana Club Ground,Nairobi,2016-09-28,Uganda,Kenya,[],"['Kenya', 'Uganda']","['IA Karim', 'AA Obanda', 'DM Gondaria', 'RR Patel', 'CO Obuya', 'RN Patel', 'Gurdeep Singh', 'SO Ngoche', 'NN Odhiambo', 'E Otieno', 'E Ochieng']",8.4125,79.69500000000001,25.92,5.87,11,131.0,27.55,6
1058157,Saudi Arabia,1,175,0,121,20.166666666666668,8.677685950413222,1,11,12,23,Jaffery Sports Club Ground,Nairobi,2016-09-28,Qatar,Saudi Arabia,[],"['Qatar', 'Saudi Arabia']","['Abdul Waheed', 'Hammad Saeed', 'Muhammad Abbasi', 'Afzal Saleem', 'Muzaffar Mujeed', 'Shoaib Ali', 'Ibrarul Haq', 'Mohsin Shabbir', 'Roheel Shamus', 'Imran Azam', 'Waqas Akram']",29.606666666666666,128.75333333333336,50.31,5.31,11,131.75,32.67,4
1058157,Qatar,2,139,0,122,20.333333333333332,6.836065573770492,3,13,3,16,Jaffery Sports Club Ground,Nairobi,2016-09-28,Saudi Arabia,Saudi Arabia,[],"['Qatar', 'Saudi Arabia']","['Faisal Javed', 'Kamran Khan', 'Mohammad Rizlan', 'Tamoor Sajjad', 'Nouman Sarwar', 'Imran Ashraf', 'Mohammed Awais', 'Mujeeb-ur-Rehman', 'Dharmang Patel', 'Iqbal Hussain', 'Mohammed Nadeem']",5.25,68.75,46.53,4.28,11,131.75,32.67,4
1059539,Kenya,1,158,0,122,20.333333333333332,7.770491803278689,6,11,7,18,Gymkhana Club Ground,Nairobi,2016-09-29,Qatar,Qatar,[],"['Kenya', 'Qatar']","['IA Karim', 'AA Obanda', 'DM Gondaria', 'RR Patel', 'CO Obuya', 'RN Patel', 'Gurdeep Singh', 'SO Ngoche', 'E Otieno', 'E Ochieng', 'NM Odhiambo']",8.4125,79.69500000000001,25.92,5.87,11,131.0,27.55,6
1059539,Qatar,2,159,0,121,20.166666666666668,7.884297520661157,6,14,6,20,Gymkhana Club Ground,Nairobi,2016-09-29,Kenya,Qatar,[],"['Kenya', 'Qatar']","['Faisal Javed', 'Kamran Khan', 'Inam-ul-Haq', 'Mohammad Rizlan', 'Tamoor Sajjad', 'Imran Ashraf', 'Mujeeb-ur-Rehman', 'Nouman Sarwar', 'Mohammed Awais', 'Iqbal Hussain', 'Mohammed Nadeem']",7.0,87.5,46.53,4.28,11,131.0,27.55,6
1063553,China,1,80,0,127,21.166666666666668,3.779527559055118,8,4,2,6,Sano International Cricket Ground,Unknown,2016-11-03,Japan,Japan,['Zhang Yu Fei'],"['Japan', 'China']","['Lu Cangcang', 'Song Yangyang', 'Zhang Yu Fei', 'Wang Yu', 'Tian Suqing', 'Han Junhui', 'Pu Xianliang', 'Song Yulin', 'Feng Yu', 'Wang Zihao', 'Xu Hao']",25.0,120.0,30.0,7.0,11,80.5,0.71,2
1063553,Japan,2,81,0,96,16.0,5.0625,27,5,1,6,Sano International Cricket Ground,Unknown,2016-11-03,China,Japan,['Zhang Yu Fei'],"['Japan', 'China']","['M Taniyama', 'R Tsutsui', 'M Kobayashi', 'J Yamashita', 'T Ota', 'M Thurgate', 'W Miyauchi', 'K Wakita', 'MM Siddique', 'T Hagihara', 'R Matsumura']",25.0,120.0,30.0,7.0,11,80.5,0.71,2
1065348,India,1,121,0,128,21.333333333333332,5.671875,9,7,3,10,Asian Institute of Technology Ground,Bangkok,2016-12-04,Pakistan,India,['M Raj'],"['India', 'Pakistan']","['M Raj', 'S Mandhana', 'S Meghana', 'V Krishnamurthy', 'H Kaur', 'J Goswami', 'AA Patil', 'S Pandey', 'Preeti Bose', 'S Verma', 'E Bisht']",5.0,71.42,20.73,4.61,11,112.5,12.02,2
1065348,Pakistan,2,104,0,123,20.5,5.073170731707317,5,8,0,8,Asian Institute of Technology Ground,Bangkok,2016-12-04,India,India,['M Raj'],"['India', 'Pakistan']","['Ayesha Zafar', 'Javeria Khan', 'Asmavia Iqbal', 'Bismah Maroof', 'Nain Abidi', 'Iram Javed', 'Nida Dar', 'Sana Mir', 'Anam Amin', 'Sidra Nawaz', 'Sadia Yousuf']",18.686666666666664,115.83,34.660000000000004,6.965,11,112.5,12.02,2
1068298,Yorkshire,1,227,0,125,20.833333333333332,10.896,9,16,11,27,Headingley,Leeds,2017-07-07,Nottinghamshire,Yorkshire,['A Lyth'],"['Yorkshire', 'Nottinghamshire']","['A Lyth', 'T Kohler-Cadmore', 'DJ Willey', 'SE Marsh', 'JA Leaning', 'PSP Handscomb', 'TT Bresnan', 'AU Rashid', 'MJ Waite', 'Azeem Rafiq', 'SA Patterson']",22.9175,121.315,56.295,5.175,11,203.0,33.94,2
1068298,Nottinghamshire,2,179,0,124,20.666666666666668,8.661290322580644,6,15,9,24,Headingley,Leeds,2017-07-07,Yorkshire,Yorkshire,['A Lyth'],"['Yorkshire', 'Nottinghamshire']","['MJ Lumb', 'AD Hales', 'MH Wessels', 'SR Patel', 'DT Christian', 'SJ Mullaney', 'TJ Moores', 'L Wood', 'IS Sodhi', 'LJ Fletcher', 'HF Gurney']",14.106666666666667,98.37333333333333,34.39,5.375,11,203.0,33.94,2
1068299,Surrey,1,188,0,129,21.5,8.744186046511627,17,15,8,23,County Ground,Chelmsford,2017-07-07,Essex,Surrey,['TK Curran'],"['Surrey', 'Essex']","['JJ Roy', 'AJ Finch', 'MD Stoneman', 'RJ Burns', 'DP Sibley', 'OJ Pope', 'SM Curran', 'TK Curran', 'SG Borthwick', 'JW Dernbach', 'R Rampaul']",20.6825,135.32,50.449999999999996,5.756666666666668,11,183.0,21.05,12
1068299,Essex,2,186,0,124,20.666666666666668,9.0,20,10,8,18,County Ground,Chelmsford,2017-07-07,Surrey,Surrey,['TK Curran'],"['Surrey', 'Essex']","['DW Lawrence', 'V Chopra', 'T Westley', 'RS Bopara', 'RN ten Doeschate', 'Ashar Zaidi', 'JS Foster', 'PI Walter', 'SR Harmer', 'Mohammad Amir', 'JA Porter']",,,,,11,183.0,21.05,12
1068300,Lancashire,1,192,0,126,21.0,9.142857142857142,10,16,7,23,Riverside Ground,Chester-le-Street,2017-07-07,Durham,Lancashire,['JC Buttler'],"['Lancashire', 'Durham']","['KR Brown', 'LS Livingstone', 'AM Lilley', 'JC Buttler', 'DJ Vilas', 'SJ Croft', 'J Clark', 'R McLaren', 'S Mahmood', 'TE Bailey', 'SD Parry']",21.426666666666666,123.56666666666666,22.04,5.1899999999999995,11,164.33,17.87,6
1068300,Durham,2,140,0,124,20.666666666666668,6.774193548387096,6,9,2,11,Riverside Ground,Chester-le-Street,2017-07-07,Lancashire,Lancashire,['JC Buttler'],"['Lancashire', 'Durham']","['AJ Hickey', 'G Clark', 'MJ Richardson', 'JTA Burnham', 'PD Collingwood', 'P Coughlin', 'RD Pringle', 'SW Poynter', 'U Arshad', 'WJ Weighell', 'C Rushworth']",,,,,11,164.33,17.87,6
1068301,Hampshire,1,167,0,122,20.333333333333332,8.213114754098362,12,16,5,21,Sophia Gardens,Cardiff,2017-07-07,Glamorgan,Hampshire,['LD McManus'],"['Hampshire', 'Glamorgan']","['RR Rossouw', 'JM Vince', 'MA Carberry', 'GJ Bailey', 'SM Ervine', 'LD McManus', 'GK Berg', 'Shahid Afridi', 'KJ Abbott', 'MS Crane', 'RJW Topley']",18.61,116.61,33.49,5.505999999999999,11,165.2,13.27,5
1068301,Glamorgan,2,145,0,122,20.333333333333332,7.131147540983607,4,9,4,13,Sophia Gardens,Cardiff,2017-07-07,Hampshire,Hampshire,['LD McManus'],"['Hampshire', 'Glamorgan']","['DL Lloyd', 'AHT Donald', 'CA Ingram', 'JA Rudolph', 'KS Carlson', 'CB Cooke', 'GG Wagg', 'AG Salter', 'M de Lange', 'T van der Gugten', 'MG Hogan']",25.0,120.0,30.0,7.0,11,165.2,13.27,5
1068302,Gloucestershire,1,182,0,123,20.5,8.878048780487806,9,18,4,22,College Ground,Cheltenham,2017-07-07,Middlesex,Unknown,['RF Higgins'],"['Gloucestershire', 'Middlesex']","['M Klinger', 'P Mustard', 'IA Cockbain', 'CT Bancroft', 'BAC Howell', 'JMR Taylor', 'K Noema-Barnett', 'TMJ Smith', 'DA Payne', 'MD Taylor', 'CJ Liddle']",26.15,122.37,,5.0,11,165.6,15.06,5
1068302,Middlesex,2,182,0,121,20.166666666666668,9.024793388429751,2,17,10,27,College Ground,Cheltenham,2017-07-07,Gloucestershire,Unknown,['RF Higgins'],"['Gloucestershire', 'Middlesex']","['PR Stirling', 'DJ Malan', 'BB McCullum', 'EJG Morgan', 'GFB Scott', 'JA Simpson', 'RF Higgins', 'TS Roland-Jones', 'TG Southee', 'NA Sowter', 'TG Helm']",26.735000000000003,136.5575,31.873333333333335,5.666666666666667,11,165.6,15.06,5
1068303,Worcestershire,1,152,0,123,20.5,7.414634146341464,9,15,2,17,"County Ground, New Road",Worcester,2017-07-07,Warwickshire,Warwickshire,['IR Bell'],"['Worcestershire', 'Warwickshire']","['DKH Mitchell', 'JM Clarke', 'J Leach', ""BL D'Oliveira"", 'MJ Santner', 'OB Cox', 'RA Whiteley', 'JW Hastings', 'EG Barnard', 'GH Rhodes', 'JD Shantry']",22.42,132.64,31.119999999999997,5.275,11,162.83,19.22,6
1068303,Warwickshire,2,153,0,117,19.5,7.846153846153846,8,16,2,18,"County Ground, New Road",Worcester,2017-07-07,Worcestershire,Warwickshire,['IR Bell'],"['Worcestershire', 'Warwickshire']","['SR Hain', 'IR Bell', 'WTS Porterfield', 'GD Elliott', 'TR Ambrose', 'R Clarke', 'C de Grandhomme', 'OJ Hannon-Dalby', 'OP Stone', 'JS Patel', 'AD Thomason']",9.64,94.175,41.0,4.76,11,162.83,19.22,6
1068304,Northamptonshire,1,179,0,124,20.666666666666668,8.661290322580644,9,21,3,24,County Ground,Northampton,2017-07-07,Derbyshire,Derbyshire,['LM Reece'],"['Northamptonshire', 'Derbyshire']","['BM Duckett', 'AM Rossington', 'JJ Cobb', 'AG Wakely', 'RI Keogh', 'SP Crook', 'RK Kleinveldt', 'GG White', 'BW Sanderson', 'T Shamsi', 'RJ Gleeson']",21.29,97.83,35.98,5.53,11,183.0,21.05,12
1068304,Derbyshire,2,180,0,116,19.333333333333332,9.310344827586208,7,23,3,26,County Ground,Northampton,2017-07-07,Northamptonshire,Derbyshire,['LM Reece'],"['Northamptonshire', 'Derbyshire']","['BT Slater', 'BA Godleman', 'LM Reece', 'WL Madsen', 'GC Wilson', 'AL Hughes', 'D Smit', 'MJ Henry', 'GC Viljoen', 'Imran Tahir', 'MJJ Critchley']",10.0,200.0,25.47,5.2,11,183.0,21.05,12
1068305,Derbyshire,1,165,0,122,20.333333333333332,8.114754098360656,5,17,6,23,Queen's Park,Chesterfield,2017-07-08,Yorkshire,Derbyshire,['WL Madsen'],"['Derbyshire', 'Yorkshire']","['BT Slater', 'BA Godleman', 'LM Reece', 'WL Madsen', 'GC Wilson', 'MJ Henry', 'AL Hughes', 'D Smit', 'MJJ Critchley', 'GC Viljoen', 'Imran Tahir']",10.0,200.0,25.47,5.2,11,163.5,2.12,2
1068305,Yorkshire,2,162,0,124,20.666666666666668,7.838709677419354,6,15,5,20,Queen's Park,Chesterfield,2017-07-08,Derbyshire,Derbyshire,['WL Madsen'],"['Derbyshire', 'Yorkshire']","['T Kohler-Cadmore', 'A Lyth', 'DJ Willey', 'SE Marsh', 'PSP Handscomb', 'JA Leaning', 'TT Bresnan', 'MJ Waite', 'AU Rashid', 'Azeem Rafiq', 'SA Patterson']",22.9175,121.315,56.295,5.175000000000001,11,163.5,2.12,2
1068306,Nottinghamshire,1,158,0,121,20.166666666666668,7.8347107438016526,2,15,4,19,Edgbaston,Birmingham,2017-07-08,Warwickshire,Warwickshire,['JS Patel'],"['Nottinghamshire', 'Warwickshire']","['MJ Lumb', 'AD Hales', 'MH Wessels', 'SR Patel', 'DT Christian', 'SJ Mullaney', 'TJ Moores', 'L Wood', 'IS Sodhi', 'LJ Fletcher', 'HF Gurney']",14.106666666666667,98.37333333333333,34.39,5.375,11,153.0,8.72,6
1068306,Warwickshire,2,159,0,123,20.5,7.7560975609756095,7,16,1,17,Edgbaston,Birmingham,2017-07-08,Nottinghamshire,Warwickshire,['JS Patel'],"['Nottinghamshire', 'Warwickshire']","['SR Hain', 'IR Bell', 'WTS Porterfield', 'GD Elliott', 'R Clarke', 'C de Grandhomme', 'TR Ambrose', 'A Javid', 'JS Patel', 'WB Rankin', 'OJ Hannon-Dalby']",9.64,94.175,41.0,4.76,11,153.0,8.72,6
1068307,Durham,1,161,0,125,20.833333333333332,7.728000000000001,16,10,5,15,Riverside Ground,Chester-le-Street,2017-07-09,Northamptonshire,Northamptonshire,['BM Duckett'],"['Durham', 'Northamptonshire']","['AJ Hickey', 'G Clark', 'MJ Richardson', 'JTA Burnham', 'PD Collingwood', 'P Coughlin', 'SW Poynter', 'RD Pringle', 'U Arshad', 'WJ Weighell', 'C Rushworth']",,,,,11,164.33,17.87,6
1068307,Northamptonshire,2,162,0,122,20.333333333333332,7.967213114754099,8,17,2,19,Riverside Ground,Chester-le-Street,2017-07-09,Durham,Northamptonshire,['BM Duckett'],"['Durham', 'Northamptonshire']","['BM Duckett', 'AM Rossington', 'JJ Cobb', 'AG Wakely', 'RI Keogh', 'SP Crook', 'RK Kleinveldt', 'GG White', 'BW Sanderson', 'T Shamsi', 'RJ Gleeson']",21.29,97.83,35.98,5.53,11,164.33,17.87,6
1068308,Glamorgan,1,198,0,121,20.166666666666668,9.818181818181818,5,15,11,26,Arundel Castle Cricket Club Ground,Unknown,2017-07-09,Sussex,Glamorgan,['CA Ingram'],"['Glamorgan', 'Sussex']","['DL Lloyd', 'AHT Donald', 'CA Ingram', 'JA Rudolph', 'CB Cooke', 'KS Carlson', 'GG Wagg', 'AG Salter', 'M de Lange', 'T van der Gugten', 'MG Hogan']",25.0,120.0,30.0,7.0,11,189.0,12.73,2
1068308,Sussex,2,180,0,124,20.666666666666668,8.709677419354838,17,9,8,17,Arundel Castle Cricket Club Ground,Unknown,2017-07-09,Glamorgan,Glamorgan,['CA Ingram'],"['Glamorgan', 'Sussex']","['CD Nash', 'LJ Wright', 'S van Zyl', 'LRPL Taylor', 'BC Brown', 'LJ Evans', 'JC Archer', 'CJ Jordan', 'D Wiese', 'WAT Beer', 'DR Briggs']",17.6175,137.85750000000002,32.66,5.5725,11,189.0,12.73,2
1068309,Surrey,1,181,0,124,20.666666666666668,8.758064516129032,13,17,6,23,Kennington Oval,London,2017-07-09,Somerset,Surrey,['TK Curran'],"['Surrey', 'Somerset']","['AJ Finch', 'JJ Roy', 'MD Stoneman', 'RJ Burns', 'DP Sibley', 'SM Curran', 'OJ Pope', 'TK Curran', 'SG Borthwick', 'JW Dernbach', 'R Rampaul']",20.6825,135.32,50.449999999999996,5.756666666666668,11,192.5,15.7,4
1068309,Somerset,2,177,0,126,21.0,8.428571428571429,26,11,8,19,Kennington Oval,London,2017-07-09,Surrey,Surrey,['TK Curran'],"['Surrey', 'Somerset']","['SM Davies', 'J Allenby', 'JC Hildreth', 'PD Trego', 'AJ Hose', 'RE van der Merwe', 'CJ Anderson', 'L Gregory', 'C Overton', 'JH Davey', 'MTC Waller']",11.5,82.89,38.57666666666667,5.1033333333333335,11,192.5,15.7,4
1068310,Lancashire,1,173,0,124,20.666666666666668,8.370967741935484,8,14,5,19,Aigburth,Liverpool,2017-07-09,Leicestershire,Leicestershire,['CN Ackermann'],"['Lancashire', 'Leicestershire']","['KR Brown', 'LS Livingstone', 'AM Lilley', 'SJ Croft', 'JC Buttler', 'DJ Vilas', 'J Clark', 'DJ Lamb', 'TE Bailey', 'SD Parry', 'KM Jarvis']",28.475,146.065,24.16,5.8,11,175.5,3.54,2
1068310,Leicestershire,2,178,0,125,20.833333333333332,8.544,11,19,5,24,Aigburth,Liverpool,2017-07-09,Lancashire,Leicestershire,['CN Ackermann'],"['Lancashire', 'Leicestershire']","['L Ronchi', 'CS Delport', 'MJ Cosgrove', 'CN Ackermann', 'EJH Eckersley', 'LJ Hill', 'TJ Wells', 'MW Pillans', 'CF Parkinson', 'CJ McKay', 'GT Griffiths']",16.36,95.08500000000001,33.4,6.199999999999999,11,175.5,3.54,2
1068311,Essex,1,166,0,122,20.333333333333332,8.163934426229508,5,14,8,22,The Kent County Cricket Ground,Beckenham,2017-07-09,Kent,Kent,['DJ Bell-Drummond'],"['Essex', 'Kent']","['Tamim Iqbal', 'V Chopra', 'T Westley', 'RS Bopara', 'RN ten Doeschate', 'Ashar Zaidi', 'JS Foster', 'PI Walter', 'SR Harmer', 'Mohammad Amir', 'JA Porter']",24.08,116.96,,13.0,11,167.5,2.12,2
1068311,Kent,2,169,0,111,18.5,9.135135135135135,0,14,8,22,The Kent County Cricket Ground,Beckenham,2017-07-09,Essex,Kent,['DJ Bell-Drummond'],"['Essex', 'Kent']","['DJ Bell-Drummond', 'JL Denly', 'SA Northeast', 'SW Billings', 'JDS Neesham', 'AJ Blake', 'DI Stevens', 'MT Coles', 'AJ Ball', 'AF Milne', 'JC Tredwell']",20.565,123.2375,35.75,5.6899999999999995,11,167.5,2.12,2
1068313,Hampshire,1,188,0,122,20.333333333333332,9.245901639344263,8,21,7,28,County Ground,Hove,2017-07-12,Sussex,Hampshire,['KJ Abbott'],"['Hampshire', 'Sussex']","['JM Vince', 'RR Rossouw', 'MA Carberry', 'Shahid Afridi', 'GJ Bailey', 'SM Ervine', 'LD McManus', 'GK Berg', 'KJ Abbott', 'MS Crane', 'RJW Topley']",18.61,116.61,33.49,5.505999999999999,11,183.0,21.05,12
1068313,Sussex,2,169,0,121,20.166666666666668,8.380165289256198,2,7,11,18,County Ground,Hove,2017-07-12,Hampshire,Hampshire,['KJ Abbott'],"['Hampshire', 'Sussex']","['CD Nash', 'LJ Wright', 'BC Brown', 'LRPL Taylor', 'LJ Evans', 'D Wiese', 'JC Archer', 'CJ Jordan', 'WAT Beer', 'DR Briggs', 'GHS Garton']",17.6175,137.85750000000002,32.66,5.5725,11,183.0,21.05,12
1068314,Essex,1,170,0,124,20.666666666666668,8.225806451612902,8,15,4,19,County Ground,Chelmsford,2017-07-13,Somerset,Essex,['RN ten Doeschate'],"['Essex', 'Somerset']","['DW Lawrence', 'V Chopra', 'T Westley', 'RS Bopara', 'RN ten Doeschate', 'Ashar Zaidi', 'JS Foster', 'PI Walter', 'SR Harmer', 'Mohammad Amir', 'JA Porter']",,,,,11,183.0,21.05,12
1068314,Somerset,2,148,0,124,20.666666666666668,7.161290322580645,10,13,4,17,County Ground,Chelmsford,2017-07-13,Essex,Essex,['RN ten Doeschate'],"['Essex', 'Somerset']","['JG Myburgh', 'J Allenby', 'PD Trego', 'SM Davies', 'JC Hildreth', 'AJ Hose', 'RE van der Merwe', 'L Gregory', 'C Overton', 'TD Groenewald', 'MTC Waller']",22.0,115.78,43.255,5.195,11,183.0,21.05,12
1068315,Surrey,1,158,0,127,21.166666666666668,7.464566929133857,10,12,4,16,Lord's,London,2017-07-13,Middlesex,Middlesex,['TG Helm'],"['Surrey', 'Middlesex']","['DP Sibley', 'AJ Finch', 'KC Sangakkara', 'BT Foakes', 'OJ Pope', 'SM Curran', 'TK Curran', 'SG Borthwick', 'GJ Batty', 'R Rampaul', 'JW Dernbach']",19.526666666666667,134.55666666666667,50.449999999999996,5.756666666666668,11,159.5,2.12,2
1068315,Middlesex,2,161,0,116,19.333333333333332,8.327586206896552,12,16,4,20,Lord's,London,2017-07-13,Surrey,Middlesex,['TG Helm'],"['Surrey', 'Middlesex']","['PR Stirling', 'DJ Malan', 'BB McCullum', 'EJG Morgan', 'JEC Franklin', 'TG Southee', 'RF Higgins', 'JA Simpson', 'NA Sowter', 'TG Helm', 'ST Finn']",26.735000000000003,136.5575,31.873333333333335,5.666666666666667,11,159.5,2.12,2
1068316,Kent,1,152,0,121,20.166666666666668,7.537190082644628,3,13,3,16,College Ground,Cheltenham,2017-07-13,Gloucestershire,Gloucestershire,['BAC Howell'],"['Kent', 'Gloucestershire']","['DJ Bell-Drummond', 'JL Denly', 'SA Northeast', 'SW Billings', 'JDS Neesham', 'AJ Blake', 'DI Stevens', 'MT Coles', 'AF Milne', 'JC Tredwell', 'Imran Qayyum']",17.42,129.83666666666667,35.75,5.6899999999999995,11,165.6,15.06,5
1068316,Gloucestershire,2,156,0,116,19.333333333333332,8.068965517241379,10,15,4,19,College Ground,Cheltenham,2017-07-13,Kent,Gloucestershire,['BAC Howell'],"['Kent', 'Gloucestershire']","['M Klinger', 'P Mustard', 'IA Cockbain', 'CT Bancroft', 'BAC Howell', 'JMR Taylor', 'K Noema-Barnett', 'TMJ Smith', 'MD Taylor', 'DA Payne', 'CJ Liddle']",26.15,122.37,,5.0,11,165.6,15.06,5
1068317,Hampshire,1,189,0,122,20.333333333333332,9.295081967213115,5,17,7,24,The Rose Bowl,Southampton,2017-07-14,Middlesex,Hampshire,['MA Carberry'],"['Hampshire', 'Middlesex']","['JM Vince', 'RR Rossouw', 'MA Carberry', 'GJ Bailey', 'LD McManus', 'Shahid Afridi', 'GK Berg', 'SM Ervine', 'KJ Abbott', 'MS Crane', 'RJW Topley']",18.61,116.61,33.49,5.505999999999999,11,158.5,21.95,4
1068317,Middlesex,2,160,0,124,20.666666666666668,7.741935483870967,7,8,8,16,The Rose Bowl,Southampton,2017-07-14,Hampshire,Hampshire,['MA Carberry'],"['Hampshire', 'Middlesex']","['PR Stirling', 'DJ Malan', 'BB McCullum', 'EJG Morgan', 'JEC Franklin', 'JA Simpson', 'RF Higgins', 'TS Roland-Jones', 'TG Southee', 'NA Sowter', 'TG Helm']",26.735000000000003,136.5575,31.873333333333335,5.666666666666667,11,158.5,21.95,4
1068318,Lancashire,1,176,0,124,20.666666666666668,8.516129032258064,9,19,3,22,Old Trafford,Manchester,2017-07-14,Yorkshire,Unknown,['KR Brown'],"['Lancashire', 'Yorkshire']","['KR Brown', 'LS Livingstone', 'JC Buttler', 'DJ Vilas', 'R McLaren', 'SJ Croft', 'AM Lilley', 'J Clark', 'SD Parry', 'TE Bailey', 'Junaid Khan']",28.475,146.065,24.16,5.8,11,136.75,49.66,4
1068318,Yorkshire,2,64,0,51,8.5,7.529411764705882,3,5,2,7,Old Trafford,Manchester,2017-07-14,Lancashire,Unknown,['KR Brown'],"['Lancashire', 'Yorkshire']","['T Kohler-Cadmore', 'A Lyth', 'DJ Willey', 'SE Marsh', 'PSP Handscomb', 'JA Leaning', 'TT Bresnan', 'AU Rashid', 'Azeem Rafiq', 'SA Patterson', 'BO Coad']",22.9175,121.315,28.39333333333333,5.06,11,136.75,49.66,4
1068319,Surrey,1,205,0,123,20.5,10.0,10,19,7,26,Kennington Oval,London,2017-07-14,Kent,Kent,['JL Denly'],"['Surrey', 'Kent']","['JJ Roy', 'AJ Finch', 'KC Sangakkara', 'DP Sibley', 'OJ Pope', 'SM Curran', 'TK Curran', 'BT Foakes', 'GJ Batty', 'R Rampaul', 'JW Dernbach']",20.6825,135.32,50.449999999999996,5.756666666666668,11,192.5,15.7,4
1068319,Kent,2,207,0,123,20.5,10.097560975609756,9,18,7,25,Kennington Oval,London,2017-07-14,Surrey,Kent,['JL Denly'],"['Surrey', 'Kent']","['DJ Bell-Drummond', 'JL Denly', 'SW Billings', 'AJ Blake', 'SA Northeast', 'JDS Neesham', 'DI Stevens', 'MT Coles', 'AF Milne', 'JC Tredwell', 'ME Claydon']",17.42,129.83666666666667,35.75,5.6899999999999995,11,192.5,15.7,4
1068320,Warwickshire,1,156,0,122,20.333333333333332,7.672131147540984,3,12,4,16,Edgbaston,Birmingham,2017-07-14,Northamptonshire,Northamptonshire,['RI Keogh'],"['Warwickshire', 'Northamptonshire']","['SR Hain', 'IR Bell', 'WTS Porterfield', 'C de Grandhomme', 'GD Elliott', 'R Clarke', 'AD Thomason', 'TR Ambrose', 'JS Patel', 'WB Rankin', 'OJ Hannon-Dalby']",9.64,94.175,41.0,4.76,11,153.0,8.72,6
1068320,Northamptonshire,2,160,0,125,20.833333333333332,7.680000000000001,6,14,5,19,Edgbaston,Birmingham,2017-07-14,Warwickshire,Northamptonshire,['RI Keogh'],"['Warwickshire', 'Northamptonshire']","['BM Duckett', 'AM Rossington', 'JJ Cobb', 'AG Wakely', 'RI Keogh', 'SP Crook', 'RK Kleinveldt', 'GG White', 'BW Sanderson', 'T Shamsi', 'RJ Gleeson']",21.29,97.83,35.98,5.53,11,153.0,8.72,6
1068321,Worcestershire,1,148,0,121,20.166666666666668,7.338842975206611,10,15,3,18,"County Ground, New Road",Worcester,2017-07-14,Leicestershire,Leicestershire,['CJ McKay'],"['Worcestershire', 'Leicestershire']","['DKH Mitchell', 'JM Clarke', ""BL D'Oliveira"", 'OB Cox', 'J Leach', 'MJ Santner', 'RA Whiteley', 'JW Hastings', 'EG Barnard', 'GH Rhodes', 'JD Shantry']",22.42,132.64,31.119999999999997,5.275,11,162.83,19.22,6
1068321,Leicestershire,2,149,0,111,18.5,8.054054054054054,1,18,2,20,"County Ground, New Road",Worcester,2017-07-14,Worcestershire,Leicestershire,['CJ McKay'],"['Worcestershire', 'Leicestershire']","['L Ronchi', 'CS Delport', 'MJ Cosgrove', 'CN Ackermann', 'EJH Eckersley', 'LJ Hill', 'TJ Wells', 'MW Pillans', 'CJ McKay', 'CF Parkinson', 'GT Griffiths']",16.36,95.08500000000001,33.4,6.199999999999999,11,162.83,19.22,6
1068322,Glamorgan,1,171,0,107,17.833333333333332,9.588785046728972,10,16,5,21,Sophia Gardens,Cardiff,2017-07-15,Somerset,Unknown,[],"['Glamorgan', 'Somerset']","['AHT Donald', 'DL Lloyd', 'CA Ingram', 'JA Rudolph', 'AG Salter', 'CB Cooke', 'GG Wagg', 'CAJ Meschede', 'M de Lange', 'T van der Gugten', 'MG Hogan']",25.0,120.0,30.0,7.0,11,165.2,13.27,5
1068323,Leicestershire,1,147,0,122,20.333333333333332,7.229508196721312,12,10,4,14,Edgbaston,Birmingham,2017-07-16,Warwickshire,Leicestershire,['CN Ackermann'],"['Leicestershire', 'Warwickshire']","['L Ronchi', 'CS Delport', 'MJ Cosgrove', 'CN Ackermann', 'EJH Eckersley', 'LJ Hill', 'TJ Wells', 'MW Pillans', 'CJ McKay', 'CF Parkinson', 'GT Griffiths']",16.36,95.08500000000001,33.4,6.199999999999999,11,153.0,8.72,6
1068323,Warwickshire,2,138,0,124,20.666666666666668,6.677419354838709,12,13,1,14,Edgbaston,Birmingham,2017-07-16,Leicestershire,Leicestershire,['CN Ackermann'],"['Leicestershire', 'Warwickshire']","['SR Hain', 'IR Bell', 'WTS Porterfield', 'TR Ambrose', 'GD Elliott', 'AD Thomason', 'C de Grandhomme', 'JS Patel', 'WB Rankin', 'JE Poysden', 'OJ Hannon-Dalby']",9.64,94.175,41.0,4.76,11,153.0,8.72,6
1068324,Derbyshire,1,152,0,123,20.5,7.414634146341464,10,8,4,12,Old Trafford,Manchester,2017-07-16,Lancashire,Lancashire,['MW Parkinson'],"['Derbyshire', 'Lancashire']","['MJJ Critchley', 'BA Godleman', 'LM Reece', 'WL Madsen', 'MJ Henry', 'GC Wilson', 'AL Hughes', 'D Smit', 'GC Viljoen', 'Imran Tahir', 'Hamidullah Qadri']",10.0,200.0,25.47,5.2,11,136.75,49.66,4
1068324,Lancashire,2,155,0,117,19.5,7.948717948717949,12,11,2,13,Old Trafford,Manchester,2017-07-16,Derbyshire,Lancashire,['MW Parkinson'],"['Derbyshire', 'Lancashire']","['KR Brown', 'LS Livingstone', 'AM Lilley', 'SJ Croft', 'JC Buttler', 'DJ Vilas', 'R McLaren', 'J Clark', 'SD Parry', 'MW Parkinson', 'Junaid Khan']",19.400000000000002,112.52666666666666,32.38,5.824999999999999,11,136.75,49.66,4
1068325,Essex,1,219,0,126,21.0,10.428571428571429,12,10,15,25,County Ground,Chelmsford,2017-07-16,Glamorgan,Glamorgan,['CA Ingram'],"['Essex', 'Glamorgan']","['DW Lawrence', 'V Chopra', 'T Westley', 'RS Bopara', 'RN ten Doeschate', 'Ashar Zaidi', 'JS Foster', 'PI Walter', 'SR Harmer', 'Mohammad Amir', 'JA Porter']",,,,,11,183.0,21.05,12
1068325,Glamorgan,2,224,0,123,20.5,10.926829268292684,12,16,14,30,County Ground,Chelmsford,2017-07-16,Essex,Glamorgan,['CA Ingram'],"['Essex', 'Glamorgan']","['DL Lloyd', 'AHT Donald', 'CA Ingram', 'JA Rudolph', 'CB Cooke', 'GG Wagg', 'CAJ Meschede', 'AG Salter', 'M de Lange', 'T van der Gugten', 'MG Hogan']",25.0,120.0,30.0,7.0,11,183.0,21.05,12
1068326,Sussex,1,156,0,126,21.0,7.428571428571429,12,15,4,19,College Ground,Cheltenham,2017-07-16,Gloucestershire,Unknown,[],"['Sussex', 'Gloucestershire']","['CD Nash', 'LJ Wright', 'BC Brown', 'LRPL Taylor', 'LJ Evans', 'D Wiese', 'CJ Jordan', 'JC Archer', 'WAT Beer', 'DR Briggs', 'GHS Garton']",17.6175,137.85750000000002,32.66,5.5725,11,165.6,15.06,5
1068327,Somerset,1,207,0,123,20.5,10.097560975609756,14,20,7,27,Uxbridge Cricket Club Ground,Unknown,2017-07-16,Middlesex,Somerset,['AJ Hose'],"['Somerset', 'Middlesex']","['L Gregory', 'J Allenby', 'PD Trego', 'AJ Hose', 'JC Hildreth', 'MA Leask', 'T Banton', 'RE van der Merwe', 'C Overton', 'JH Davey', 'MTC Waller']",22.0,115.78,43.255,5.195,11,196.5,14.85,2
1068327,Middlesex,2,186,0,126,21.0,8.857142857142858,9,15,8,23,Uxbridge Cricket Club Ground,Unknown,2017-07-16,Somerset,Somerset,['AJ Hose'],"['Somerset', 'Middlesex']","['BB McCullum', 'DJ Malan', 'PR Stirling', 'EJG Morgan', 'JEC Franklin', 'JA Simpson', 'RF Higgins', 'TS Roland-Jones', 'TG Southee', 'NA Sowter', 'ST Finn']",26.735000000000003,136.5575,31.873333333333335,5.666666666666667,11,196.5,14.85,2
1068328,Gloucestershire,1,138,0,120,20.0,6.9,3,13,3,16,St Lawrence Ground,Canterbury,2017-07-18,Kent,Gloucestershire,['BAC Howell'],"['Gloucestershire', 'Kent']","['P Mustard', 'M Klinger', 'IA Cockbain', 'GT Hankins', 'JMR Taylor', 'BAC Howell', 'NLTC Perera', 'TMJ Smith', 'MD Taylor', 'DA Payne', 'CJ Liddle']",26.15,122.37,,5.0,11,134.0,5.66,2
1068328,Kent,2,130,0,123,20.5,6.341463414634147,9,9,4,13,St Lawrence Ground,Canterbury,2017-07-18,Gloucestershire,Gloucestershire,['BAC Howell'],"['Gloucestershire', 'Kent']","['DJ Bell-Drummond', 'JL Denly', 'SA Northeast', 'SW Billings', 'JDS Neesham', 'AJ Blake', 'DI Stevens', 'MT Coles', 'JC Tredwell', 'ME Claydon', 'Imran Qayyum']",19.630000000000003,144.755,33.62,6.06,11,134.0,5.66,2
1068329,Worcestershire,1,186,0,125,20.833333333333332,8.928,10,17,7,24,"County Ground, New Road",Worcester,2017-07-19,Derbyshire,Derbyshire,['WL Madsen'],"['Worcestershire', 'Derbyshire']","['DKH Mitchell', 'JM Clarke', ""BL D'Oliveira"", 'OB Cox', 'MJ Santner', 'RA Whiteley', 'JW Hastings', 'J Leach', 'EG Barnard', 'GH Rhodes', 'JD Shantry']",22.42,132.64,31.119999999999997,5.275,11,162.83,19.22,6
1068329,Derbyshire,2,189,0,113,18.833333333333332,10.035398230088497,4,25,3,28,"County Ground, New Road",Worcester,2017-07-19,Worcestershire,Derbyshire,['WL Madsen'],"['Worcestershire', 'Derbyshire']","['BA Godleman', 'MJJ Critchley', 'LM Reece', 'WL Madsen', 'GC Wilson', 'D Smit', 'CAJ Brodrick', 'MJ Henry', 'AL Hughes', 'GC Viljoen', 'Imran Tahir']",10.0,200.0,25.47,5.2,11,162.83,19.22,6
