team_id,opposition,h2h_matches,h2h_avg_runs,h2h_win_rate,h2h_strength
0,Dubai Capitals,7,160.86,0.14,1.2
0,Gulf Giants,5,148.0,0.4,1.1
0,Sharjah Warriorz,2,160.0,0.5,1.19
1,Colombo Cricket Club,1,98.0,0.0,0.73
1,Kurunegala Youth Cricket Club,1,82.0,1.0,0.61
1,Negombo Cricket Club,1,135.0,0.0,1.01
1,Nondescripts Cricket Club,1,115.0,0.0,0.86
1,Sinhalese Sports Club,1,178.0,1.0,1.33
2,Brazil,6,50.83,0.17,0.38
2,Canada,5,79.8,0.2,0.59
2,Cayman Islands,2,109.5,0.0,0.82
2,Chile,3,228.67,1.0,1.7
2,Mexico,3,116.33,1.0,0.87
2,United States of America,6,83.67,0.0,0.62
3,Bangladesh,16,125.88,0.75,0.94
3,England,60,148.38,0.52,1.1
3,India,59,153.95,0.53,1.15
3,Ireland,9,136.33,1.0,1.02
3,New Zealand,47,142.02,0.7,1.06
3,Pakistan,44,130.14,0.64,0.97
3,Scotland,4,172.75,1.0,1.29
3,South Africa,36,155.39,0.69,1.16
3,Sri Lanka,35,145.34,0.66,1.08
3,United Arab Emirates,1,119.0,1.0,0.89
3,West Indies,39,155.87,0.67,1.16
4,Belgium,5,174.4,1.0,1.3
4,Czech Republic,7,149.14,0.86,1.11
4,Denmark,2,103.5,0.0,0.77
4,France,2,145.5,1.0,1.08
4,Germany,11,89.36,0.18,0.67
4,Guernsey,1,141.0,1.0,1.05
4,Hungary,5,166.2,0.8,1.24
4,Ireland,1,98.0,0.0,0.73
4,Israel,1,110.0,1.0,0.82
4,Luxembourg,7,149.0,0.71,1.11
4,Norway,4,118.75,0.75,0.88
4,Scotland,1,66.0,0.0,0.49
4,Slovenia,4,176.5,1.0,1.31
4,Sweden,3,132.0,1.0,0.98
4,Switzerland,5,161.4,0.6,1.2
5,Burgher Recreation Club,1,80.0,0.0,0.6
5,Chilaw Marians Cricket Club,1,110.0,0.0,0.82
5,Moors Sports Club,2,107.5,0.0,0.8
6,Argentina,3,104.67,0.67,0.78
6,Belize,1,117.0,1.0,0.87
6,Bermuda,8,100.0,0.0,0.74
6,Cayman Islands,5,112.2,0.0,0.84
6,Mexico,1,95.0,1.0,0.71
6,Panama,3,109.0,0.67,0.81
6,United States of America,2,79.0,0.0,0.59
7,Hong Kong,8,94.62,0.38,0.7
7,Indonesia,6,115.5,0.67,0.86
7,Kuwait,15,126.93,0.27,0.95
7,Malawi,7,131.71,1.0,0.98
7,Nepal,4,40.5,0.0,0.3
7,Oman,9,118.67,0.22,0.88
7,Qatar,14,120.29,0.29,0.9
7,Singapore,5,121.0,0.8,0.9
7,Uganda,2,93.0,0.5,0.69
7,United Arab Emirates,9,121.44,0.22,0.9
8,Australia,16,117.69,0.25,0.88
8,Hong Kong,3,138.0,0.67,1.03
8,India,33,121.94,0.12,0.91
8,Ireland,19,129.58,0.53,0.96
8,Maldives,1,255.0,1.0,1.9
8,Netherlands,9,131.0,0.78,0.98
8,New Zealand,24,115.17,0.17,0.86
8,Oman,2,166.5,1.0,1.24
8,Pakistan,37,119.76,0.24,0.89
8,Papua New Guinea,4,117.5,1.0,0.87
8,Scotland,6,106.33,0.83,0.79
8,South Africa,19,105.95,0.05,0.79
8,Sri Lanka,34,134.53,0.35,1.0
8,Thailand,6,99.67,1.0,0.74
8,United Arab Emirates,7,151.14,0.71,1.13
8,United States of America,5,121.0,0.6,0.9
8,West Indies,26,130.92,0.31,0.97
8,Zimbabwe,27,148.96,0.7,1.11
9,India,1,62.0,0.0,0.46
9,Jamaica,2,112.5,1.0,0.84
10,Austria,5,167.6,0.0,1.25
10,France,5,110.2,0.4,0.82
10,Gibraltar,1,142.0,1.0,1.06
10,Isle of Man,1,122.0,1.0,0.91
10,Italy,1,141.0,0.0,1.05
10,Luxembourg,2,174.5,1.0,1.3
10,Malta,10,136.2,0.8,1.01
10,Portugal,4,138.25,0.25,1.03
10,Serbia,1,179.0,1.0,1.33
10,Spain,1,149.0,1.0,1.11
11,Bermuda,2,68.5,0.0,0.51
11,Brazil,1,121.0,1.0,0.9
11,Canada,3,54.33,0.0,0.4
11,Cayman Islands,1,107.0,0.0,0.8
11,Suriname,1,98.0,0.0,0.73
11,United States of America,3,66.33,0.0,0.49
12,Bahamas,8,132.88,1.0,0.99
12,Belize,2,106.0,1.0,0.79
12,Canada,5,111.2,0.2,0.83
12,Cayman Islands,10,141.8,0.9,1.06
12,Denmark,1,112.0,1.0,0.83
12,Kenya,2,108.5,0.0,0.81
12,Mexico,1,97.0,1.0,0.72
12,Namibia,1,106.0,0.0,0.79
12,Netherlands,1,114.0,0.0,0.85
12,Panama,4,109.25,1.0,0.81
12,Scotland,3,135.33,0.33,1.01
12,United States of America,6,125.5,0.33,0.93
13,Cambodia,1,123.0,0.0,0.92
13,China,2,104.0,1.0,0.77
13,Hong Kong,3,88.33,0.0,0.66
13,Kuwait,4,93.0,0.5,0.69
13,Malaysia,5,76.0,0.0,0.57
13,Maldives,9,117.44,0.56,0.87
13,Myanmar,5,92.6,0.2,0.69
13,Nepal,6,56.17,0.0,0.42
13,Saudi Arabia,3,76.33,0.0,0.57
13,Singapore,3,89.67,0.33,0.67
13,United Arab Emirates,3,79.0,0.0,0.59
14,Derbyshire,12,178.75,0.58,1.33
14,Durham,12,152.67,0.5,1.14
14,Glamorgan,2,141.5,1.0,1.05
14,Gloucestershire,3,115.67,0.0,0.86
14,Kent,1,141.0,0.0,1.05
14,Lancashire,7,152.86,0.57,1.14
14,Leicestershire,9,153.56,0.67,1.14
14,Northamptonshire,16,179.06,0.5,1.33
14,Nottinghamshire,14,158.21,0.57,1.18
14,Somerset,2,148.5,0.5,1.11
14,Worcestershire,15,178.4,0.6,1.33
14,Yorkshire,14,169.93,0.64,1.27
15,Kandy Customs Cricket Club,1,81.0,1.0,0.6
15,Moors Sports Club,2,94.0,0.5,0.7
15,Panadura Sports Club,1,129.0,1.0,0.96
15,Police Sports Club,1,147.0,1.0,1.09
15,Tamil Union Cricket and Athletic Club,1,119.0,0.0,0.89
16,Dolphins,4,124.75,0.75,0.93
16,Lions,3,156.0,0.33,1.16
16,North West,4,124.25,0.25,0.93
16,Titans,4,122.25,0.5,0.91
16,Warriors,3,164.33,0.67,1.22
17,Eswatini,5,153.4,1.0,1.14
17,Kenya,10,90.5,0.1,0.67
17,Lesotho,6,143.33,1.0,1.07
17,Namibia,13,82.69,0.08,0.62
17,Nigeria,8,101.12,0.12,0.75
17,Sierra Leone,8,102.25,0.38,0.76
17,St Helena,2,111.5,1.0,0.83
17,Tanzania,5,101.0,0.0,0.75
17,Uganda,8,91.38,0.0,0.68
18,Argentina,6,67.0,0.83,0.5
18,Belize,1,120.0,0.0,0.89
18,Cameroon,1,156.0,1.0,1.16
18,Germany,1,117.0,1.0,0.87
18,Kenya,1,81.0,0.0,0.6
18,Mexico,2,93.5,0.5,0.7
18,Sierra Leone,1,87.0,1.0,0.65
19,Czech Republic,2,143.5,0.0,1.07
19,Estonia,3,97.0,0.0,0.72
19,Finland,1,74.0,0.0,0.55
19,Gibraltar,7,196.57,0.57,1.46
19,Greece,3,109.0,0.0,0.81
19,Luxembourg,2,99.0,0.0,0.74
19,Malta,3,155.33,0.0,1.16
19,Romania,7,109.86,0.14,0.82
19,Serbia,13,143.54,0.38,1.07
19,Turkey,4,145.5,0.5,1.08
20,Chilaw Marians Cricket Club,2,130.0,1.0,0.97
20,Colombo Cricket Club,1,39.0,0.0,0.29
20,Colts Cricket Club,1,73.0,0.0,0.54
20,Police Sports Club,1,160.0,1.0,1.19
21,Bahrain,2,104.0,0.0,0.77
21,Bhutan,1,126.0,1.0,0.94
21,Indonesia,15,129.33,0.53,0.96
21,Oman,1,91.0,0.0,0.68
21,Saudi Arabia,2,154.0,0.0,1.15
21,Singapore,8,49.62,0.12,0.37
21,United Arab Emirates,2,104.0,0.0,0.77
22,Eswatini,2,151.0,1.0,1.12
22,Gambia,1,104.0,0.0,0.77
22,Kenya,3,41.0,0.0,0.31
22,Lesotho,2,76.5,1.0,0.57
22,Nigeria,3,44.67,0.0,0.33
22,Sierra Leone,6,87.67,0.17,0.65
22,Tanzania,4,46.5,0.0,0.35
22,Uganda,2,52.5,0.0,0.39
23,Argentina,5,112.6,0.8,0.84
23,Bahamas,4,95.0,1.0,0.71
23,Bermuda,5,116.0,0.6,0.86
23,Cayman Islands,9,161.11,1.0,1.2
23,Hong Kong,2,116.5,0.0,0.87
23,Ireland,5,126.8,0.4,0.94
23,Japan,1,100.0,1.0,0.74
23,Kenya,5,130.4,0.2,0.97
23,Namibia,4,111.5,0.0,0.83
23,Netherlands,5,138.2,0.2,1.03
23,Oman,7,141.14,0.57,1.05
23,Pakistan,1,106.0,0.0,0.79
23,Panama,4,140.5,1.0,1.05
23,Philippines,1,216.0,1.0,1.61
23,Scotland,2,135.0,0.0,1.01
23,United Arab Emirates,3,131.67,0.0,0.98
23,United States of America,23,125.04,0.22,0.93
24,Knights,15,160.93,0.73,1.2
24,Lions,15,145.07,0.47,1.08
24,Titans,14,143.14,0.21,1.07
24,Warriors,14,150.0,0.64,1.12
25,Argentina,2,121.0,1.0,0.9
25,Bahamas,5,151.8,1.0,1.13
25,Bermuda,10,118.9,0.1,0.89
25,Canada,9,84.89,0.0,0.63
25,Mexico,1,86.0,1.0,0.64
25,United States of America,3,80.33,0.0,0.6
26,Burgher Recreation Club,2,125.0,0.0,0.93
26,Police Sports Club,1,178.0,1.0,1.33
26,Tamil Union Cricket and Athletic Club,1,106.0,0.0,0.79
27,Argentina,3,31.0,0.0,0.23
28,Cambodia,1,37.0,0.0,0.28
28,Hong Kong,12,73.42,0.17,0.55
28,Japan,7,82.43,0.14,0.61
28,Kuwait,2,56.5,0.5,0.42
28,Malaysia,5,41.2,0.2,0.31
28,Myanmar,3,64.33,1.0,0.48
28,Nepal,3,50.0,0.0,0.37
28,Oman,1,59.0,1.0,0.44
28,Philippines,2,68.0,1.0,0.51
28,South Korea,4,81.0,0.5,0.6
28,United Arab Emirates,3,42.0,0.0,0.31
29,Burgher Recreation Club,1,179.0,1.0,1.33
29,Kurunegala Youth Cricket Club,1,200.0,1.0,1.49
29,Panadura Sports Club,2,146.5,0.5,1.09
30,Burgher Recreation Club,1,74.0,1.0,0.55
30,Kandy Customs Cricket Club,1,92.0,1.0,0.69
30,Panadura Sports Club,2,128.0,0.0,0.95
30,Police Sports Club,1,166.0,1.0,1.24
31,Fiji,6,115.0,0.33,0.86
31,Indonesia,4,62.5,0.0,0.47
31,Japan,4,91.75,0.0,0.68
31,Vanuatu,6,122.83,0.5,0.91
32,Mexico,9,69.78,0.11,0.52
32,Turks and Caicos Island,2,69.5,0.5,0.52
33,Germany,1,98.0,0.0,0.73
33,Gibraltar,2,94.5,0.5,0.7
33,Hungary,2,63.5,0.0,0.47
33,Italy,1,44.0,0.0,0.33
33,Malta,2,103.5,0.0,0.77
33,Serbia,3,91.0,0.67,0.68
33,Spain,5,71.6,0.0,0.53
33,Turkey,1,83.0,0.0,0.62
34,Czech Republic,6,102.33,0.83,0.76
34,Denmark,1,63.0,0.0,0.47
34,Estonia,12,139.75,0.67,1.04
34,Finland,1,148.0,0.0,1.1
34,Germany,1,70.0,0.0,0.52
34,Malta,1,134.0,1.0,1.0
34,Portugal,1,114.0,0.0,0.85
34,Serbia,3,99.67,0.67,0.74
34,Turkey,1,183.0,1.0,1.36
35,Belgium,1,74.0,0.0,0.55
35,Bulgaria,2,188.0,1.0,1.4
35,Estonia,5,89.4,0.2,0.67
35,Gibraltar,4,112.75,0.25,0.84
35,Greece,1,159.0,1.0,1.18
35,Hungary,6,145.67,0.5,1.08
35,Israel,1,113.0,1.0,0.84
35,Romania,6,163.17,0.33,1.22
35,Switzerland,1,184.0,1.0,1.37
36,Bermuda,1,111.0,0.0,0.83
36,Estonia,1,67.0,1.0,0.5
36,Finland,7,148.29,0.86,1.1
36,France,1,176.0,1.0,1.31
36,Germany,6,90.33,0.17,0.67
36,Greece,1,166.0,1.0,1.24
36,Guernsey,3,123.33,0.0,0.92
36,Jersey,6,114.0,0.0,0.85
36,Kenya,1,84.0,0.0,0.63
36,Nepal,1,79.0,0.0,0.59
36,Norway,6,124.83,0.83,0.93
36,Portugal,2,98.0,1.0,0.73
36,Scotland,2,128.0,0.0,0.95
36,Sweden,7,104.86,0.29,0.78
36,United States of America,1,124.0,0.0,0.92
37,Durham,11,162.82,0.27,1.21
37,Essex,1,126.0,0.0,0.94
37,Lancashire,21,157.1,0.24,1.17
37,Leicestershire,22,161.18,0.64,1.2
37,Northamptonshire,18,168.83,0.44,1.26
37,Nottinghamshire,22,167.59,0.14,1.25
37,Somerset,1,74.0,0.0,0.55
37,Worcestershire,17,164.12,0.41,1.22
37,Yorkshire,23,155.48,0.57,1.16
38,Dubai Capitals,8,165.62,0.25,1.23
38,MI Emirates,6,132.83,0.5,0.99
38,Sharjah Warriorz,3,137.33,1.0,1.02
39,Boland,4,119.0,0.25,0.89
39,Cape Cobras,16,139.88,0.5,1.04
39,Knights,16,134.06,0.62,1.0
39,Lions,13,149.85,0.23,1.12
39,Titans,21,148.9,0.38,1.11
39,Warriors,15,146.8,0.33,1.09
40,Abu Dhabi Knight Riders,7,184.0,0.86,1.37
40,Desert Vipers,8,162.62,0.75,1.21
41,Birmingham Bears,12,160.17,0.5,1.19
41,Derbyshire,11,171.55,0.64,1.28
41,Lancashire,23,145.74,0.35,1.09
41,Leicestershire,23,145.91,0.48,1.09
41,Northamptonshire,22,154.91,0.45,1.15
41,Nottinghamshire,21,155.9,0.33,1.16
41,Surrey,1,162.0,0.0,1.21
41,Worcestershire,16,165.81,0.31,1.23
41,Yorkshire,22,154.95,0.5,1.15
42,Australia,61,138.28,0.41,1.03
42,Bangladesh,7,125.14,0.57,0.93
42,India,59,145.29,0.56,1.08
42,Ireland,6,145.67,0.5,1.08
42,Namibia,1,122.0,1.0,0.91
42,Netherlands,2,125.0,0.0,0.93
42,New Zealand,53,146.58,0.7,1.09
42,Pakistan,49,156.22,0.73,1.16
42,Scotland,1,113.0,1.0,0.84
42,South Africa,48,152.23,0.6,1.13
42,Sri Lanka,22,144.5,0.73,1.08
42,West Indies,62,150.58,0.65,1.12
43,Derbyshire,1,160.0,1.0,1.19
43,Glamorgan,19,166.05,0.53,1.24
43,Gloucestershire,12,169.58,0.42,1.26
43,Hampshire,25,150.72,0.4,1.12
43,Kent,23,170.91,0.43,1.27
43,Lancashire,2,163.0,0.5,1.21
43,Middlesex,23,161.57,0.57,1.2
43,Nottinghamshire,1,123.0,0.0,0.92
43,Somerset,16,155.44,0.25,1.16
43,Surrey,19,167.79,0.53,1.25
43,Sussex,18,169.39,0.5,1.26
44,Bulgaria,3,98.33,1.0,0.73
44,Cyprus,12,137.33,0.33,1.02
44,Czech Republic,5,104.8,0.8,0.78
44,Denmark,1,64.0,0.0,0.48
44,Gibraltar,5,86.8,0.2,0.65
44,Guernsey,1,99.0,0.0,0.74
44,Malta,4,159.75,0.5,1.19
44,Switzerland,5,128.8,0.0,0.96
45,Botswana,5,58.0,0.0,0.43
45,Mozambique,13,97.77,0.23,0.73
45,Nigeria,2,120.0,0.0,0.89
45,Sierra Leone,6,36.17,0.0,0.27
45,St Helena,1,173.0,1.0,1.29
45,Tanzania,2,71.5,0.0,0.53
46,Cook Islands,6,133.5,0.67,0.99
46,France,1,115.0,1.0,0.86
46,Indonesia,2,85.0,0.0,0.63
46,Japan,4,77.5,0.0,0.58
46,Samoa,8,117.38,0.62,0.87
47,Bulgaria,1,199.0,1.0,1.48
47,Croatia,1,87.0,1.0,0.65
47,Denmark,7,93.0,0.14,0.69
47,Isle of Man,1,34.0,0.0,0.25
47,Italy,2,116.0,0.0,0.86
47,Jersey,1,66.0,0.0,0.49
47,Norway,7,106.14,0.29,0.79
47,Spain,2,122.5,0.5,0.91
48,Austria,2,142.0,0.0,1.06
48,Belgium,5,113.8,0.2,0.85
48,Denmark,1,103.0,0.0,0.77
48,Fiji,1,59.0,0.0,0.44
48,Germany,8,80.12,0.12,0.6
48,Guernsey,1,97.0,0.0,0.72
48,Hungary,1,97.0,0.0,0.72
48,Malta,7,125.43,0.57,0.93
48,Netherlands,3,63.0,0.0,0.47
48,Portugal,1,114.0,1.0,0.85
48,Scotland,3,59.67,0.0,0.44
48,Switzerland,2,152.5,0.0,1.14
48,Turkey,2,168.0,1.0,1.25
49,Cameroon,1,115.0,1.0,0.86
49,Ghana,2,62.5,0.0,0.47
49,Kenya,1,46.0,0.0,0.34
49,Mozambique,2,106.0,0.0,0.79
49,Sierra Leone,2,81.5,0.0,0.61
50,Austria,11,130.91,0.82,0.97
50,Brazil,1,109.0,0.0,0.81
50,Canada,1,131.0,0.0,0.98
50,Denmark,6,114.0,0.83,0.85
50,France,8,108.38,0.88,0.81
50,Greece,4,143.5,1.0,1.07
50,Guernsey,4,136.25,0.5,1.01
50,Isle of Man,2,153.0,1.0,1.14
50,Italy,14,111.5,0.21,0.83
50,Netherlands,4,74.75,0.0,0.56
50,Norway,6,120.5,0.67,0.9
50,Philippines,1,115.0,1.0,0.86
50,Scotland,3,54.0,0.0,0.4
50,Spain,8,135.25,0.5,1.01
50,Tanzania,2,138.5,0.5,1.03
50,Uganda,1,46.0,0.0,0.34
51,Gambia,2,190.0,1.0,1.41
51,Kenya,2,99.5,0.0,0.74
51,Mali,1,27.0,1.0,0.2
51,Nigeria,5,99.4,0.0,0.74
51,Rwanda,10,99.6,0.3,0.74
51,Sierra Leone,5,111.0,0.6,0.83
51,South Africa,1,103.0,0.0,0.77
51,Tanzania,2,102.5,0.0,0.76
51,Uganda,4,104.0,0.0,0.77
52,Belgium,1,139.0,0.0,1.04
52,Bulgaria,7,199.14,0.43,1.48
52,Czech Republic,4,161.5,0.75,1.2
52,Hungary,3,140.67,0.33,1.05
52,Israel,2,106.5,0.0,0.79
52,Jersey,2,66.0,0.0,0.49
52,Malta,8,162.25,0.25,1.21
52,Norway,1,126.0,0.0,0.94
52,Portugal,8,123.0,0.0,0.92
52,Spain,2,96.5,0.0,0.72
52,Turkey,2,175.5,1.0,1.31
53,Birmingham Bears,2,134.5,0.0,1.0
53,Essex,19,170.53,0.42,1.27
53,Gloucestershire,21,144.14,0.43,1.07
53,Hampshire,16,142.69,0.38,1.06
53,Kent,9,164.67,0.78,1.23
53,Lancashire,1,136.0,0.0,1.01
53,Middlesex,16,156.12,0.69,1.16
53,Somerset,21,148.52,0.33,1.11
53,Surrey,21,150.14,0.33,1.12
53,Sussex,20,160.4,0.4,1.19
53,Worcestershire,1,196.0,1.0,1.46
54,Essex,11,172.64,0.55,1.29
54,Glamorgan,21,159.05,0.48,1.18
54,Hampshire,14,139.71,0.29,1.04
54,Kent,22,147.45,0.64,1.1
54,Middlesex,22,166.23,0.68,1.24
54,Northamptonshire,2,149.5,1.0,1.11
54,Somerset,22,162.91,0.5,1.21
54,Surrey,12,144.25,0.33,1.07
54,Sussex,22,154.05,0.45,1.15
54,Worcestershire,3,171.33,0.67,1.28
55,Bulgaria,3,88.33,0.67,0.66
55,Czech Republic,1,84.0,0.0,0.63
55,Finland,1,146.0,0.0,1.09
55,Germany,4,78.25,0.0,0.58
55,Isle of Man,4,86.5,0.0,0.64
55,Spain,5,79.2,0.0,0.59
55,Sweden,1,43.0,0.0,0.32
56,Austria,1,139.0,0.0,1.04
56,Denmark,2,138.5,1.0,1.03
56,Finland,1,86.0,0.0,0.64
56,France,1,153.0,1.0,1.14
56,Germany,4,138.0,0.5,1.03
56,Gibraltar,1,76.0,1.0,0.57
56,Isle of Man,1,101.0,1.0,0.75
56,Israel,1,80.0,1.0,0.6
56,Jersey,10,113.7,0.2,0.85
56,Netherlands,1,99.0,0.0,0.74
56,Norway,5,110.8,0.6,0.83
56,Spain,2,94.5,0.5,0.7
57,Abu Dhabi Knight Riders,5,141.0,0.6,1.05
57,MI Emirates,7,153.29,0.57,1.14
57,Sharjah Warriorz,2,173.0,0.5,1.29
58,Windward Islands,2,95.5,1.0,0.71
59,Essex,24,163.29,0.5,1.22
59,Glamorgan,16,151.19,0.62,1.13
59,Gloucestershire,14,143.71,0.71,1.07
59,Kent,19,165.58,0.37,1.23
59,Middlesex,21,155.19,0.62,1.16
59,Nottinghamshire,3,156.33,0.67,1.16
59,Somerset,25,156.44,0.28,1.16
59,Surrey,15,134.6,0.2,1.0
59,Sussex,21,170.43,0.52,1.27
59,Worcestershire,2,149.0,1.0,1.11
60,Bahrain,7,104.86,0.29,0.78
60,Bangladesh,3,130.67,0.33,0.97
60,Canada,2,159.0,1.0,1.18
60,China,12,103.83,0.83,0.77
60,India,1,152.0,0.0,1.13
60,Ireland,5,143.0,0.4,1.06
60,Japan,13,110.92,0.69,0.83
60,Jersey,2,148.5,0.5,1.11
60,Kuwait,14,125.71,0.64,0.94
60,Malaysia,24,117.46,0.5,0.87
60,Namibia,7,118.71,0.57,0.88
60,Nepal,23,100.09,0.39,0.75
60,Netherlands,7,119.86,0.14,0.89
60,Nigeria,1,82.0,1.0,0.61
60,Pakistan,2,65.0,0.0,0.48
60,Qatar,7,157.29,0.57,1.17
60,Saudi Arabia,1,147.0,0.0,1.09
60,Scotland,5,120.8,0.2,0.9
60,Singapore,6,175.67,0.83,1.31
60,South Korea,2,119.0,1.0,0.89
60,Tanzania,2,96.5,1.0,0.72
60,Thailand,7,66.86,0.14,0.5
60,Uganda,6,93.17,0.33,0.69
60,United Arab Emirates,18,119.22,0.17,0.89
60,United States of America,2,147.0,0.5,1.09
61,Austria,5,162.6,0.2,1.21
61,Czech Republic,6,133.0,0.17,0.99
61,France,1,149.0,1.0,1.11
61,Israel,2,138.5,0.5,1.03
61,Romania,5,139.8,0.2,1.04
61,Slovenia,3,195.67,1.0,1.46
62,Pakistan,3,167.33,0.33,1.25
62,West Indies,1,127.0,0.0,0.95
63,Cape Cobras,1,171.0,0.0,1.27
63,Dolphins,1,148.0,0.0,1.1
63,Knights,1,178.0,0.0,1.33
63,Lions,2,86.0,0.0,0.64
63,Titans,2,128.5,0.0,0.96
63,Warriors,1,146.0,0.0,1.09
64,Australia,59,151.29,0.42,1.13
64,Bangladesh,33,143.97,0.88,1.07
64,England,59,150.8,0.44,1.12
64,Ireland,10,149.9,1.0,1.12
64,Netherlands,1,179.0,1.0,1.33
64,New Zealand,35,143.2,0.4,1.07
64,Pakistan,27,124.85,0.74,0.93
64,South Africa,47,149.89,0.57,1.12
64,Sri Lanka,47,148.96,0.7,1.11
64,United Arab Emirates,4,130.25,1.0,0.97
64,United States of America,1,111.0,1.0,0.83
64,West Indies,43,155.47,0.7,1.16
64,Zimbabwe,13,154.23,0.77,1.15
65,Bahrain,6,100.33,0.33,0.75
65,Bhutan,6,87.0,0.5,0.65
65,Fiji,2,108.0,1.0,0.8
65,Japan,12,91.25,0.5,0.68
65,Malaysia,1,80.0,0.0,0.6
65,Papua New Guinea,3,89.0,0.0,0.66
65,Philippines,16,122.56,0.31,0.91
65,Qatar,1,70.0,1.0,0.52
65,Singapore,5,95.6,1.0,0.71
65,South Korea,9,115.67,0.78,0.86
65,Thailand,8,111.0,0.25,0.83
65,United Arab Emirates,1,66.0,0.0,0.49
65,Vanuatu,2,93.0,0.0,0.69
66,Kuwait,1,108.0,0.0,0.8
67,Australia,9,104.44,0.0,0.78
67,Bangladesh,18,116.61,0.44,0.87
67,Canada,5,138.8,0.6,1.03
67,England,6,125.17,0.33,0.93
67,France,1,25.0,1.0,0.19
67,India,10,117.7,0.0,0.88
67,Jersey,3,104.33,1.0,0.78
67,Kenya,5,98.4,1.0,0.73
67,Namibia,5,140.6,0.8,1.05
67,Netherlands,29,137.45,0.69,1.02
67,New Zealand,9,122.22,0.0,0.91
67,Nigeria,1,67.0,1.0,0.5
67,Oman,6,155.17,0.67,1.16
67,Pakistan,18,129.39,0.33,0.96
67,Papua New Guinea,5,104.6,0.6,0.78
67,Scotland,26,137.77,0.65,1.03
67,South Africa,13,129.0,0.15,0.96
67,Sri Lanka,6,132.83,0.17,0.99
67,Thailand,5,80.6,0.4,0.6
67,Uganda,2,113.0,1.0,0.84
67,United Arab Emirates,14,133.64,0.5,1.0
67,Vanuatu,1,89.0,1.0,0.66
67,West Indies,16,126.06,0.19,0.94
67,Zimbabwe,27,146.37,0.7,1.09
68,Karachi Kings,24,156.04,0.75,1.16
68,Lahore Qalandars,23,147.39,0.43,1.1
68,Multan Sultans,18,156.39,0.56,1.16
68,Peshawar Zalmi,26,171.96,0.5,1.28
68,Quetta Gladiators,22,163.32,0.45,1.22
69,Estonia,2,97.0,1.0,0.72
69,Finland,1,136.0,1.0,1.01
69,Germany,2,102.5,0.0,0.76
69,Gibraltar,1,70.0,1.0,0.52
69,Greece,4,105.75,1.0,0.79
69,Guernsey,1,100.0,0.0,0.74
69,Italy,3,91.33,0.0,0.68
69,Jersey,3,103.0,0.33,0.77
69,Serbia,1,165.0,1.0,1.23
69,Spain,5,82.0,0.0,0.61
70,Gibraltar,2,133.5,1.0,0.99
70,Hungary,2,144.0,0.5,1.07
70,Luxembourg,1,175.0,1.0,1.3
70,Malta,1,120.0,0.0,0.89
70,Norway,1,119.0,0.0,0.89
70,Romania,1,125.0,0.0,0.93
70,Spain,2,98.5,0.0,0.73
70,Sweden,1,102.0,0.0,0.76
71,Belgium,1,144.0,1.0,1.07
71,Canada,1,104.0,0.0,0.77
71,Denmark,4,130.0,0.75,0.97
71,Germany,14,119.0,0.79,0.89
71,Hong Kong,1,110.0,0.0,0.82
71,Isle of Man,3,92.67,1.0,0.69
71,Jersey,8,116.88,0.5,0.87
71,Namibia,2,125.5,0.5,0.93
71,Netherlands,7,91.71,0.0,0.68
71,Spain,4,147.25,0.75,1.1
71,Sweden,2,144.5,1.0,1.08
71,Turkey,2,126.5,1.0,0.94
71,United States of America,1,163.0,1.0,1.21
72,Eswatini,1,41.0,0.0,0.31
72,Nigeria,1,7.0,0.0,0.05
72,St Helena,1,26.0,0.0,0.19
73,Leeward Islands,1,170.0,1.0,1.27
74,Canada,1,97.0,0.0,0.72
74,China,7,118.57,0.86,0.88
74,Fiji,4,117.25,1.0,0.87
74,Hong Kong,13,102.15,0.15,0.76
74,Indonesia,12,114.25,0.5,0.85
74,Malaysia,1,85.0,0.0,0.63
74,Nepal,2,58.0,0.0,0.43
74,Oman,1,130.0,1.0,0.97
74,Papua New Guinea,5,76.6,0.0,0.57
74,Singapore,7,116.43,0.71,0.87
74,South Korea,7,140.43,0.86,1.05
74,Sri Lanka,1,21.0,0.0,0.16
74,United Arab Emirates,1,67.0,0.0,0.5
74,Vanuatu,8,93.88,0.25,0.7
74,Zimbabwe,1,58.0,0.0,0.43
75,Denmark,6,139.17,1.0,1.04
75,Finland,1,130.0,1.0,0.97
75,Germany,8,113.62,0.5,0.85
75,Gibraltar,2,68.5,1.0,0.51
75,Guernsey,10,143.5,0.8,1.07
75,Ireland,3,101.67,0.0,0.76
75,Isle of Man,3,137.0,0.67,1.02
75,Italy,8,124.88,0.5,0.93
75,Namibia,1,161.0,0.0,1.2
75,Netherlands,3,109.0,0.0,0.81
75,Norway,2,115.5,1.0,0.86
75,Oman,1,141.0,1.0,1.05
75,Scotland,2,134.5,0.5,1.0
75,Singapore,1,141.0,1.0,1.05
75,Spain,4,131.0,0.5,0.98
75,Sweden,2,119.5,0.5,0.89
75,Turkey,1,54.0,1.0,0.4
75,Uganda,1,105.0,0.0,0.78
75,United States of America,2,120.5,0.0,0.9
76,Bloomfield Cricket and Athletic Club,1,78.0,0.0,0.58
76,Colts Cricket Club,1,91.0,0.0,0.68
76,Panadura Sports Club,1,98.0,0.0,0.73
77,Islamabad United,24,151.04,0.25,1.12
77,Lahore Qalandars,23,156.65,0.61,1.17
77,Multan Sultans,16,158.62,0.44,1.18
77,Peshawar Zalmi,22,157.59,0.36,1.17
77,Quetta Gladiators,20,150.7,0.35,1.12
78,Essex,23,177.87,0.57,1.32
78,Glamorgan,9,154.22,0.11,1.15
78,Gloucestershire,22,152.41,0.36,1.13
78,Hampshire,19,160.05,0.58,1.19
78,Middlesex,18,180.89,0.56,1.35
78,Somerset,23,172.39,0.65,1.28
78,Surrey,24,162.75,0.46,1.21
78,Sussex,22,151.32,0.41,1.13
79,Bermuda,2,131.5,1.0,0.98
79,Botswana,10,111.2,0.9,0.83
79,Canada,5,139.6,0.8,1.04
79,Ghana,2,128.0,1.0,0.95
79,Ireland,5,96.2,0.0,0.72
79,Lesotho,2,235.5,1.0,1.75
79,Malaysia,1,88.0,0.0,0.66
79,Nepal,5,142.6,0.2,1.06
79,Netherlands,5,124.8,0.4,0.93
79,New Zealand,1,73.0,0.0,0.54
79,Papua New Guinea,2,124.5,0.0,0.93
79,Qatar,2,100.0,0.5,0.74
79,Rwanda,26,113.31,0.62,0.84
79,Scotland,4,129.25,0.25,0.96
79,Seychelles,3,112.33,1.0,0.84
79,Singapore,1,159.0,1.0,1.18
79,Sri Lanka,2,87.5,0.0,0.65
79,Uganda,26,122.81,0.27,0.91
79,United Arab Emirates,2,122.5,0.5,0.91
79,Zimbabwe,5,95.6,0.0,0.71
80,Boland,2,171.5,1.0,1.28
80,Cape Cobras,15,148.13,0.2,1.1
80,Dolphins,16,134.88,0.31,1.0
80,Lions,16,132.88,0.31,0.99
80,Titans,18,157.78,0.39,1.17
80,Warriors,16,137.38,0.5,1.02
80,Western Province,3,134.0,0.33,1.0
81,Ace Capital Cricket Club,1,81.0,0.0,0.6
81,Colombo Cricket Club,1,56.0,0.0,0.42
81,Colts Cricket Club,1,89.0,0.0,0.66
82,Bahrain,14,153.57,0.71,1.14
82,Bhutan,4,91.75,0.5,0.68
82,Cambodia,1,144.0,1.0,1.07
82,Hong Kong,14,107.36,0.29,0.8
82,Malaysia,11,100.55,0.18,0.75
82,Myanmar,7,105.43,0.71,0.79
82,Nepal,9,93.67,0.11,0.7
82,Oman,5,124.0,0.2,0.92
82,Qatar,9,135.11,0.67,1.01
82,Saudi Arabia,8,127.38,0.75,0.95
82,United Arab Emirates,11,114.18,0.09,0.85
83,Warriors,1,88.0,0.0,0.66
84,Karachi Kings,23,150.09,0.3,1.12
84,Multan Sultans,21,161.29,0.48,1.2
84,Peshawar Zalmi,22,144.73,0.41,1.08
84,Quetta Gladiators,21,166.0,0.52,1.24
85,Birmingham Bears,7,151.57,0.43,1.13
85,Derbyshire,21,174.14,0.76,1.3
85,Durham,24,155.17,0.62,1.16
85,Kent,3,144.0,1.0,1.07
85,Leicestershire,17,153.24,0.71,1.14
85,Northamptonshire,15,160.8,0.6,1.2
85,Nottinghamshire,17,159.06,0.41,1.18
85,Somerset,2,171.5,0.0,1.28
85,Sussex,2,127.0,0.5,0.95
85,Worcestershire,20,166.5,0.65,1.24
85,Yorkshire,21,179.24,0.57,1.33
86,Jamaica,1,46.0,0.0,0.34
87,Birmingham Bears,9,158.33,0.33,1.18
87,Derbyshire,23,155.65,0.35,1.16
87,Durham,23,144.0,0.52,1.07
87,Glamorgan,1,123.0,0.0,0.92
87,Lancashire,18,150.83,0.28,1.12
87,Northamptonshire,20,157.55,0.3,1.17
87,Nottinghamshire,21,158.81,0.43,1.18
87,Worcestershire,15,153.73,0.53,1.14
87,Yorkshire,17,172.65,0.47,1.29
88,Botswana,6,57.17,0.0,0.43
88,Cameroon,2,48.5,0.0,0.36
88,Mali,2,143.0,1.0,1.06
88,Mozambique,5,88.4,0.0,0.66
88,Rwanda,3,40.33,0.0,0.3
88,Seychelles,1,131.0,0.0,0.98
88,St Helena,1,81.0,0.0,0.6
89,Boland,3,157.0,0.67,1.17
89,Cape Cobras,15,148.8,0.53,1.11
89,Dolphins,14,145.21,0.71,1.08
89,Knights,15,119.2,0.53,0.89
89,North West,3,156.33,0.33,1.16
89,Titans,19,143.79,0.53,1.07
89,Warriors,19,145.53,0.47,1.08
90,Austria,7,113.29,0.29,0.84
90,Bulgaria,2,175.5,1.0,1.31
90,Czech Republic,4,144.0,0.25,1.07
90,Denmark,1,50.0,0.0,0.37
90,France,4,139.75,0.25,1.04
90,Gibraltar,2,156.5,0.5,1.17
90,Israel,1,172.0,0.0,1.28
90,Romania,4,142.0,0.25,1.06
90,Switzerland,7,114.29,0.29,0.85
91,Gulf Giants,7,160.86,0.43,1.2
91,Sharjah Warriorz,3,165.33,0.33,1.23
92,Bahrain,7,110.14,0.0,0.82
92,Botswana,4,94.0,0.0,0.7
92,Cameroon,5,80.0,1.0,0.6
92,Kenya,4,62.5,0.0,0.47
92,Lesotho,5,134.8,1.0,1.0
92,Mozambique,1,104.0,0.0,0.77
92,Sierra Leone,3,88.67,0.0,0.66
92,St Helena,2,84.5,0.5,0.63
92,Swaziland,2,101.5,1.0,0.76
92,Tanzania,3,94.33,0.0,0.7
92,Uganda,3,61.0,0.0,0.45
93,Bangladesh,5,68.2,0.0,0.51
93,Bhutan,5,125.4,1.0,0.93
93,China,5,42.0,0.8,0.31
93,Hong Kong,24,124.21,0.5,0.92
93,Indonesia,1,81.0,1.0,0.6
93,Kuwait,11,118.91,0.82,0.89
93,Maldives,4,135.25,0.75,1.01
93,Mongolia,1,35.0,1.0,0.26
93,Myanmar,3,102.67,1.0,0.76
93,Namibia,2,69.5,0.0,0.52
93,Pakistan,2,43.5,0.0,0.32
93,Qatar,7,101.43,0.57,0.76
93,Saudi Arabia,5,151.4,0.6,1.13
93,Singapore,25,148.24,0.8,1.1
93,Thailand,14,85.57,0.57,0.64
93,United Arab Emirates,10,67.6,0.0,0.5
94,Bhutan,9,109.89,0.44,0.82
94,Hong Kong,2,76.0,0.0,0.57
94,Malaysia,3,88.67,0.0,0.66
94,Mongolia,1,178.0,1.0,1.33
94,Nepal,6,43.83,0.0,0.33
94,Oman,2,115.5,0.0,0.86
94,Qatar,4,110.25,0.0,0.82
94,Saudi Arabia,4,95.25,0.0,0.71
94,Thailand,6,120.5,0.33,0.9
95,Botswana,1,37.0,0.0,0.28
95,Ghana,1,24.0,0.0,0.18
95,Malawi,1,43.0,0.0,0.32
95,Rwanda,2,18.0,0.0,0.13
96,Belgium,10,112.9,0.2,0.84
96,Bulgaria,3,176.33,1.0,1.31
96,Cyprus,1,128.0,0.0,0.95
96,Estonia,4,190.5,0.5,1.42
96,Gibraltar,8,156.38,0.75,1.16
96,Israel,1,136.0,1.0,1.01
96,Romania,11,159.09,0.45,1.18
97,Argentina,3,107.67,0.0,0.8
97,Bahamas,1,71.0,0.0,0.53
97,Costa Rica,9,93.0,0.67,0.69
97,Panama,2,86.0,0.0,0.64
98,Essex,23,161.26,0.39,1.2
98,Glamorgan,16,151.5,0.31,1.13
98,Gloucestershire,21,168.33,0.24,1.25
98,Hampshire,22,155.73,0.32,1.16
98,Kent,17,170.53,0.35,1.27
98,Nottinghamshire,1,160.0,0.0,1.19
98,Somerset,16,161.0,0.31,1.2
98,Surrey,23,164.65,0.3,1.23
98,Sussex,18,156.33,0.17,1.16
99,Hong Kong,3,36.67,0.0,0.27
99,Indonesia,6,34.67,0.0,0.26
99,Malaysia,1,31.0,0.0,0.23
99,Maldives,1,61.0,0.0,0.45
99,Myanmar,3,57.0,0.0,0.42
99,Philippines,2,69.5,0.0,0.52
100,Badureliya Sports Club,2,109.5,1.0,0.82
100,Bloomfield Cricket and Athletic Club,2,113.0,0.5,0.84
100,Colombo Cricket Club,2,98.5,0.5,0.73
101,Botswana,9,72.56,0.0,0.54
101,Eswatini,12,127.75,0.58,0.95
101,Gambia,2,135.0,1.0,1.01
101,Malawi,1,108.0,1.0,0.8
101,Namibia,2,64.5,0.0,0.48
101,Rwanda,5,71.6,0.2,0.53
101,Tanzania,3,88.0,0.0,0.66
102,Karachi Kings,17,150.12,0.41,1.12
102,Lahore Qalandars,21,170.29,0.52,1.27
102,Peshawar Zalmi,18,171.67,0.61,1.28
102,Quetta Gladiators,15,167.2,0.6,1.25
103,Bhutan,5,92.8,0.8,0.69
103,Cambodia,1,72.0,0.0,0.54
103,China,3,62.67,0.0,0.47
103,Indonesia,6,93.5,0.0,0.7
103,Kuwait,7,95.43,0.29,0.71
103,Mongolia,3,107.0,1.0,0.8
103,Singapore,9,79.78,0.78,0.59
103,Thailand,3,32.67,0.0,0.24
104,Bermuda,1,111.0,1.0,0.83
104,Botswana,13,131.08,0.92,0.98
104,Canada,4,112.75,1.0,0.84
104,England,1,84.0,0.0,0.63
104,Hong Kong,7,106.43,0.43,0.79
104,Ireland,5,127.6,0.2,0.95
104,Italy,2,113.5,0.5,0.85
104,Kenya,4,113.75,0.5,0.85
104,Malaysia,2,73.5,1.0,0.55
104,Nepal,5,128.0,0.6,0.95
104,Netherlands,11,112.09,0.18,0.83
104,New Zealand,1,111.0,0.0,0.83
104,Nigeria,8,100.38,0.75,0.75
104,Oman,9,129.0,0.44,0.96
104,Pakistan,1,144.0,0.0,1.07
104,Scotland,5,126.8,0.6,0.94
104,Sierra Leone,4,117.0,1.0,0.87
104,St Helena,1,180.0,1.0,1.34
104,Tanzania,6,100.83,0.83,0.75
104,Thailand,3,65.67,0.0,0.49
104,Uganda,27,111.78,0.59,0.83
104,United Arab Emirates,16,111.62,0.38,0.83
104,United States of America,4,133.75,0.25,1.0
104,Zimbabwe,29,123.79,0.41,0.92
105,Ace Capital Cricket Club,1,152.0,1.0,1.13
105,Tamil Union Cricket and Athletic Club,1,76.0,0.0,0.57
106,Bangladesh,3,87.0,0.0,0.65
106,Bhutan,6,108.5,1.0,0.81
106,Hong Kong,21,104.33,0.57,0.78
106,India,2,137.5,0.0,1.02
106,Japan,2,114.0,1.0,0.85
106,Jersey,1,105.0,0.0,0.78
106,Kenya,5,149.6,0.8,1.11
106,Kuwait,9,101.22,0.89,0.75
106,Malaysia,21,121.05,0.81,0.9
106,Maldives,6,94.67,1.0,0.7
106,Netherlands,19,126.0,0.26,0.94
106,Oman,9,119.44,0.56,0.89
106,Qatar,7,142.86,0.86,1.06
106,Saudi Arabia,1,75.0,1.0,0.56
106,Scotland,3,131.33,0.33,0.98
106,Singapore,4,102.75,0.5,0.77
106,Thailand,10,80.7,0.2,0.6
106,United Arab Emirates,16,119.38,0.56,0.89
106,United States of America,5,123.2,0.6,0.92
106,Zimbabwe,2,126.0,0.0,0.94
107,Bangladesh,8,121.25,0.12,0.9
107,Canada,5,146.4,0.8,1.09
107,Denmark,1,110.0,1.0,0.82
107,England,2,148.0,1.0,1.1
107,Germany,4,174.5,1.0,1.3
107,India,1,123.0,0.0,0.92
107,Ireland,29,120.48,0.28,0.9
107,Italy,7,112.43,1.0,0.84
107,Kenya,5,135.8,0.6,1.01
107,Nepal,20,129.85,0.5,0.97
107,Oman,7,144.86,0.57,1.08
107,Pakistan,3,78.67,0.0,0.59
107,Papua New Guinea,6,113.17,0.33,0.84
107,Scotland,30,121.03,0.37,0.9
107,South Africa,3,133.33,0.33,0.99
107,Sri Lanka,5,79.6,0.0,0.59
107,Thailand,11,86.73,0.27,0.65
107,Uganda,2,152.5,0.5,1.14
107,United Arab Emirates,12,117.42,0.42,0.87
107,United States of America,8,150.0,1.0,1.12
107,Zimbabwe,8,119.75,0.38,0.89
108,Australia,46,136.22,0.24,1.01
108,Bangladesh,25,145.96,0.8,1.09
108,England,52,134.79,0.25,1.0
108,India,35,143.74,0.46,1.07
108,Ireland,9,165.11,1.0,1.23
108,Netherlands,3,149.67,1.0,1.11
108,Pakistan,59,145.39,0.53,1.08
108,Papua New Guinea,1,79.0,1.0,0.59
108,Scotland,4,185.25,1.0,1.38
108,South Africa,33,145.12,0.52,1.08
108,Sri Lanka,43,132.26,0.6,0.98
108,West Indies,35,139.29,0.54,1.04
108,Zimbabwe,8,152.75,1.0,1.14
109,Botswana,8,116.38,0.88,0.87
109,Cameroon,3,66.0,1.0,0.49
109,Eswatini,2,179.5,1.0,1.34
109,Ghana,5,129.4,1.0,0.96
109,Hong Kong,1,81.0,0.0,0.6
109,Ireland,1,66.0,0.0,0.49
109,Ivory Coast,1,271.0,1.0,2.02
109,Kenya,15,121.33,0.2,0.9
109,Namibia,8,87.0,0.25,0.65
109,Sierra Leone,16,117.5,0.94,0.87
109,St Helena,1,185.0,1.0,1.38
109,Uganda,17,94.41,0.12,0.7
109,Zimbabwe,5,79.4,0.0,0.59
110,Ace Capital Cricket Club,1,118.0,1.0,0.88
110,Colts Cricket Club,1,140.0,1.0,1.04
110,Moors Sports Club,1,118.0,1.0,0.88
110,Panadura Sports Club,2,116.5,0.5,0.87
110,Police Sports Club,1,66.0,1.0,0.49
110,Ragama Cricket Club,1,153.0,1.0,1.14
111,Dolphins,3,134.67,0.33,1.0
111,Knights,3,131.0,1.0,0.98
111,Lions,3,158.67,0.67,1.18
111,Titans,3,141.33,0.0,1.05
111,Warriors,2,162.5,0.5,1.21
111,Western Province,4,122.0,0.25,0.91
112,Birmingham Bears,16,167.62,0.44,1.25
112,Derbyshire,18,172.56,0.56,1.28
112,Durham,20,149.95,0.5,1.12
112,Glamorgan,2,129.5,0.5,0.96
112,Gloucestershire,2,131.5,0.0,0.98
112,Lancashire,15,156.07,0.4,1.16
112,Leicestershire,21,157.24,0.52,1.17
112,Nottinghamshire,11,162.73,0.27,1.21
112,Somerset,3,169.67,0.33,1.26
112,Worcestershire,21,165.57,0.52,1.23
112,Yorkshire,15,150.13,0.33,1.12
113,Austria,4,122.5,0.25,0.91
113,Denmark,6,103.83,0.17,0.77
113,Finland,7,116.43,0.71,0.87
113,Germany,6,122.0,0.33,0.91
113,Guernsey,5,116.8,0.4,0.87
113,Israel,1,143.0,1.0,1.06
113,Jersey,2,74.5,0.0,0.55
113,Portugal,6,130.0,0.33,0.97
113,Spain,3,80.67,0.0,0.6
113,Sweden,8,129.62,0.62,0.97
113,Switzerland,1,174.0,1.0,1.3
114,Birmingham Bears,14,162.5,0.43,1.21
114,Derbyshire,22,168.95,0.82,1.26
114,Durham,20,159.75,0.65,1.19
114,Lancashire,17,155.59,0.53,1.16
114,Leicestershire,23,161.17,0.48,1.2
114,Northamptonshire,12,151.83,0.67,1.13
114,Somerset,3,166.33,0.33,1.24
114,Worcestershire,21,150.57,0.43,1.12
114,Yorkshire,16,171.12,0.62,1.27
115,Chilaw Marians Cricket Club,1,110.0,1.0,0.82
115,Colts Cricket Club,1,142.0,1.0,1.06
115,Police Sports Club,2,107.0,0.0,0.8
115,Tamil Union Cricket and Athletic Club,1,142.0,1.0,1.06
116,Australia,1,125.0,0.0,0.93
116,Bahrain,9,137.67,0.78,1.03
116,Bangladesh,2,96.0,0.0,0.71
116,Canada,7,141.29,0.43,1.05
116,China,1,56.0,0.0,0.42
116,England,1,47.0,0.0,0.35
116,Hong Kong,8,128.5,0.88,0.96
116,Japan,1,116.0,0.0,0.86
116,Jersey,1,127.0,0.0,0.95
116,Kuwait,5,158.2,0.8,1.18
116,Malaysia,3,142.33,0.67,1.06
116,Namibia,9,112.89,0.33,0.84
116,Netherlands,7,133.86,0.43,1.0
116,Nigeria,1,72.0,1.0,0.54
116,Qatar,3,116.33,0.67,0.87
116,Scotland,6,138.83,0.0,1.03
116,Singapore,3,152.67,0.33,1.14
116,United Arab Emirates,12,115.0,0.33,0.86
117,Australia,45,122.0,0.27,0.91
117,Bangladesh,37,136.84,0.76,1.02
117,Canada,1,107.0,1.0,0.8
117,England,48,133.12,0.21,0.99
117,India,27,121.67,0.22,0.91
117,Ireland,18,138.78,0.67,1.03
117,Kenya,1,93.0,1.0,0.69
117,Malaysia,2,119.0,1.0,0.89
117,Namibia,1,189.0,1.0,1.41
117,Netherlands,3,114.0,1.0,0.85
117,New Zealand,57,145.19,0.46,1.08
117,Scotland,4,182.5,1.0,1.36
117,South Africa,43,142.33,0.53,1.06
117,Sri Lanka,38,130.79,0.58,0.97
117,West Indies,37,133.0,0.54,0.99
117,Zimbabwe,20,148.45,0.85,1.11
118,Badureliya Sports Club,1,149.0,1.0,1.11
118,Bloomfield Cricket and Athletic Club,1,125.0,0.0,0.93
118,Colombo Cricket Club,2,149.0,0.5,1.11
118,Colts Cricket Club,2,147.5,1.0,1.1
119,Belize,3,120.67,0.33,0.9
119,Bermuda,4,93.0,0.0,0.69
119,Brazil,1,122.0,0.0,0.91
119,Canada,4,46.5,0.0,0.35
119,Cayman Islands,3,84.0,0.0,0.63
119,Mexico,2,113.0,1.0,0.84
120,China,1,94.0,1.0,0.7
120,Fiji,4,76.25,1.0,0.57
120,Indonesia,3,115.67,1.0,0.86
120,Ireland,5,100.0,0.4,0.74
120,Jersey,1,145.0,1.0,1.08
120,Kenya,2,147.5,1.0,1.1
120,Malaysia,6,144.17,0.67,1.07
120,Namibia,4,154.75,0.5,1.15
120,Nepal,7,139.29,0.29,1.04
120,Netherlands,5,120.2,0.6,0.9
120,New Zealand,1,78.0,0.0,0.58
120,Oman,4,135.0,0.25,1.01
120,Samoa,7,106.86,0.86,0.8
120,Scotland,9,128.56,0.22,0.96
120,Singapore,3,178.67,0.67,1.33
120,Uganda,2,119.0,0.5,0.89
120,United Arab Emirates,5,122.4,0.4,0.91
120,United States of America,4,109.0,0.75,0.81
120,Vanuatu,13,115.31,0.92,0.86
120,Zimbabwe,6,99.17,0.0,0.74
121,Islamabad United,26,164.81,0.5,1.23
121,Karachi Kings,22,168.18,0.64,1.25
121,Lahore Qalandars,22,143.68,0.5,1.07
121,Multan Sultans,18,166.67,0.39,1.24
122,China,2,67.0,0.0,0.5
122,Germany,1,109.0,0.0,0.81
122,Indonesia,16,122.19,0.56,0.91
122,Mongolia,2,129.0,1.0,0.96
122,Singapore,3,109.0,0.33,0.81
122,South Korea,8,156.25,0.88,1.16
122,Vanuatu,4,82.75,0.5,0.62
123,Bloomfield Cricket and Athletic Club,1,145.0,0.0,1.08
123,Colombo Cricket Club,1,129.0,0.0,0.96
123,Colts Cricket Club,1,107.0,0.0,0.8
123,Nondescripts Cricket Club,1,62.0,0.0,0.46
123,Nugegoda Sports Welfare Club,2,109.0,1.0,0.81
124,Austria,1,125.0,0.0,0.93
124,Belgium,4,128.75,0.75,0.96
124,Cyprus,1,115.0,1.0,0.86
124,Denmark,2,95.5,0.0,0.71
124,France,1,112.0,0.0,0.83
124,Gibraltar,8,154.25,1.0,1.15
124,Isle of Man,1,174.0,1.0,1.3
124,Norway,6,135.67,0.67,1.01
124,Spain,3,92.67,0.0,0.69
125,Bahrain,13,124.46,0.69,0.93
125,Hong Kong,7,140.14,0.14,1.04
125,Indonesia,1,67.0,0.0,0.5
125,Kenya,2,99.0,0.5,0.74
125,Malaysia,6,101.67,0.33,0.76
125,Nepal,7,96.71,0.14,0.72
125,Saudi Arabia,11,152.27,0.55,1.13
125,Tanzania,2,103.0,0.0,0.77
125,United Arab Emirates,10,100.2,0.0,0.75
126,Islamabad United,22,165.41,0.55,1.23
126,Karachi Kings,20,152.05,0.65,1.13
126,Lahore Qalandars,20,156.65,0.45,1.17
126,Multan Sultans,15,144.73,0.4,1.08
127,Nondescripts Cricket Club,1,107.0,0.0,0.8
128,Bulgaria,7,124.14,0.86,0.92
128,Hungary,5,142.2,0.8,1.06
128,Isle of Man,2,80.5,0.0,0.6
128,Italy,1,84.0,0.0,0.63
128,Luxembourg,4,161.75,0.75,1.2
128,Malta,11,157.55,0.55,1.17
128,Serbia,3,146.67,1.0,1.09
128,Sweden,1,104.0,0.0,0.77
129,Botswana,12,107.67,0.92,0.8
129,Ghana,10,107.8,0.5,0.8
129,Kenya,26,107.0,0.38,0.8
129,Malawi,12,112.58,0.67,0.84
129,Mali,2,21.0,1.0,0.16
129,Mozambique,5,72.4,0.8,0.54
129,Namibia,3,65.0,0.0,0.48
129,Nigeria,14,97.71,0.43,0.73
129,Seychelles,2,134.0,1.0,1.0
129,Tanzania,18,105.22,0.06,0.78
129,Uganda,28,87.57,0.04,0.65
129,Zimbabwe,4,78.75,0.0,0.59
130,Fiji,8,119.25,0.38,0.89
130,Indonesia,1,52.0,0.0,0.39
130,Papua New Guinea,7,82.71,0.14,0.62
130,Vanuatu,14,95.21,0.5,0.71
131,Kenya,1,123.0,1.0,0.92
131,Kuwait,8,126.0,0.25,0.94
131,Malaysia,5,154.0,0.4,1.15
131,Maldives,4,129.75,1.0,0.97
131,Nepal,1,73.0,0.0,0.54
131,Qatar,11,128.36,0.27,0.96
131,Singapore,3,146.33,1.0,1.09
131,Thailand,5,137.0,1.0,1.02
131,United Arab Emirates,5,118.6,0.2,0.88
132,Australia,4,152.25,0.0,1.13
132,Austria,1,232.0,1.0,1.73
132,Bangladesh,6,87.0,0.17,0.65
132,England,2,99.5,0.0,0.74
132,France,3,112.67,1.0,0.84
132,Germany,3,146.33,1.0,1.09
132,Hong Kong,5,122.2,0.8,0.91
132,Ireland,26,129.46,0.31,0.96
132,Italy,4,181.5,0.75,1.35
132,Jersey,2,141.0,0.5,1.05
132,Kenya,4,118.25,0.75,0.88
132,Namibia,5,121.2,0.4,0.9
132,Nepal,3,142.67,0.67,1.06
132,Netherlands,30,133.2,0.57,0.99
132,Oman,6,144.33,1.0,1.07
132,Pakistan,4,118.75,0.0,0.88
132,Papua New Guinea,9,142.44,0.78,1.06
132,South Africa,2,83.5,0.0,0.62
132,Sri Lanka,3,89.33,0.0,0.67
132,Thailand,6,94.83,0.83,0.71
132,Zimbabwe,6,134.33,0.17,1.0
133,Belgium,1,102.0,0.0,0.76
133,Bulgaria,13,151.62,0.62,1.13
133,Croatia,3,80.67,0.33,0.6
133,Cyprus,3,92.33,0.33,0.69
133,Gibraltar,4,100.0,0.0,0.74
133,Slovenia,2,213.0,1.0,1.59
134,Kenya,3,84.67,0.0,0.63
134,Mozambique,1,98.0,0.0,0.73
134,Rwanda,2,60.0,0.0,0.45
135,Abu Dhabi Knight Riders,4,112.5,0.5,0.84
135,Desert Vipers,4,141.5,0.25,1.05
135,Gulf Giants,4,133.25,0.25,0.99
136,Desert Vipers,3,134.67,0.0,1.0
136,Dubai Capitals,2,168.5,1.0,1.25
136,MI Emirates,3,167.0,0.67,1.24
137,Botswana,8,96.88,0.62,0.72
137,Brazil,1,85.0,0.0,0.63
137,Cameroon,6,85.83,0.83,0.64
137,Eswatini,6,129.5,1.0,0.96
137,Gambia,2,83.5,1.0,0.62
137,Ivory Coast,1,189.0,1.0,1.41
137,Malawi,3,108.67,1.0,0.81
137,Namibia,4,78.25,0.0,0.58
137,Nigeria,16,81.06,0.06,0.6
137,St Helena,1,141.0,1.0,1.05
137,Uganda,3,57.0,0.0,0.42
138,Bhutan,3,107.33,0.67,0.8
138,Cambodia,8,98.38,0.88,0.73
138,Hong Kong,6,138.17,0.17,1.03
138,Indonesia,6,42.33,0.0,0.32
138,Japan,7,108.57,0.29,0.81
138,Jersey,1,140.0,0.0,1.04
138,Kenya,1,157.0,0.0,1.17
138,Kuwait,6,97.17,0.17,0.72
138,Malaysia,26,117.31,0.19,0.87
138,Myanmar,9,72.11,0.22,0.54
138,Namibia,1,104.0,0.0,0.77
138,Nepal,4,142.0,0.25,1.06
138,Netherlands,1,101.0,0.0,0.75
138,Oman,3,153.33,0.67,1.14
138,Qatar,5,133.2,0.2,0.99
138,Thailand,6,108.33,0.67,0.81
138,Zimbabwe,3,157.67,0.33,1.17
139,Ace Capital Cricket Club,1,132.0,0.0,0.98
139,Tamil Union Cricket and Athletic Club,1,98.0,1.0,0.73
140,Austria,4,80.0,0.0,0.6
140,Guernsey,1,55.0,0.0,0.41
140,Hungary,3,133.67,0.0,1.0
140,Luxembourg,1,124.0,0.0,0.92
140,Serbia,2,200.5,0.0,1.49
140,Sweden,1,101.0,0.0,0.75
141,Essex,16,171.81,0.75,1.28
141,Glamorgan,20,164.05,0.65,1.22
141,Gloucestershire,22,167.36,0.5,1.25
141,Hampshire,25,163.8,0.72,1.22
141,Kent,23,166.48,0.35,1.24
141,Middlesex,16,168.44,0.69,1.25
141,Northamptonshire,3,174.33,0.67,1.3
141,Nottinghamshire,3,172.67,0.67,1.29
141,Surrey,23,161.39,0.48,1.2
141,Sussex,10,162.5,0.6,1.21
141,Worcestershire,2,197.0,0.5,1.47
142,Australia,36,142.69,0.31,1.06
142,Bangladesh,18,133.06,0.94,0.99
142,England,48,148.33,0.35,1.1
142,Ghana,1,237.0,1.0,1.76
142,India,47,147.02,0.38,1.09
142,Ireland,13,157.92,0.85,1.18
142,Nepal,1,115.0,1.0,0.86
142,Netherlands,3,132.0,0.67,0.98
142,New Zealand,32,144.5,0.47,1.08
142,Pakistan,43,138.88,0.47,1.03
142,Sri Lanka,35,122.77,0.63,0.91
142,Thailand,1,195.0,1.0,1.45
142,West Indies,45,142.84,0.47,1.06
142,Zimbabwe,10,120.4,0.7,0.9
143,China,4,62.75,0.5,0.47
143,Indonesia,9,99.78,0.22,0.74
143,Japan,7,103.86,0.14,0.77
144,Belgium,1,145.0,0.0,1.08
144,Croatia,5,133.4,1.0,0.99
144,Finland,2,131.5,0.5,0.98
144,Germany,8,120.75,0.5,0.9
144,Greece,5,93.6,1.0,0.7
144,Isle of Man,6,96.0,0.83,0.71
144,Israel,2,99.5,1.0,0.74
144,Italy,4,124.75,0.25,0.93
144,Jersey,4,132.0,0.5,0.98
144,Portugal,3,103.33,1.0,0.77
144,Sweden,2,107.5,0.5,0.8
145,Australia,35,131.57,0.29,0.98
145,Bangladesh,33,141.52,0.64,1.05
145,England,22,128.14,0.27,0.95
145,India,48,132.0,0.25,0.98
145,Ireland,6,148.67,0.83,1.11
145,Japan,1,22.0,1.0,0.16
145,Netherlands,5,121.0,1.0,0.9
145,New Zealand,42,123.64,0.26,0.92
145,Pakistan,37,129.14,0.41,0.96
145,Scotland,3,148.67,1.0,1.11
145,South Africa,35,114.34,0.31,0.85
145,South Korea,1,172.0,1.0,1.28
145,Thailand,5,112.0,0.8,0.83
145,United States of America,1,123.0,1.0,0.92
145,West Indies,31,133.97,0.42,1.0
145,Zimbabwe,8,151.25,0.75,1.13
146,Botswana,2,70.5,0.0,0.52
146,Eswatini,1,125.0,0.0,0.93
146,Ivory Coast,1,27.0,1.0,0.2
146,Lesotho,1,126.0,1.0,0.94
146,Malawi,2,86.5,0.5,0.64
146,Namibia,1,90.0,0.0,0.67
147,Argentina,1,123.0,0.0,0.92
147,Bahamas,1,71.0,0.0,0.53
147,Belize,1,99.0,1.0,0.74
147,Mexico,1,48.0,0.0,0.36
148,Essex,19,167.16,0.42,1.24
148,Glamorgan,21,164.29,0.62,1.22
148,Gloucestershire,12,144.0,0.58,1.07
148,Hampshire,15,155.6,0.8,1.16
148,Kent,25,168.0,0.52,1.25
148,Lancashire,1,187.0,1.0,1.39
148,Middlesex,23,174.13,0.7,1.3
148,Nottinghamshire,1,127.0,0.0,0.95
148,Somerset,23,166.65,0.52,1.24
148,Sussex,19,169.79,0.63,1.26
149,Durham,1,144.0,1.0,1.07
149,Essex,18,162.28,0.44,1.21
149,Glamorgan,21,158.19,0.52,1.18
149,Gloucestershire,23,162.3,0.52,1.21
149,Hampshire,21,167.1,0.48,1.24
149,Kent,21,162.52,0.52,1.21
149,Lancashire,2,106.5,0.5,0.79
149,Middlesex,17,155.76,0.82,1.16
149,Somerset,10,170.0,0.4,1.27
149,Surrey,21,150.33,0.19,1.12
149,Worcestershire,2,170.5,0.0,1.27
149,Yorkshire,1,178.0,1.0,1.33
150,Botswana,1,89.0,0.0,0.66
150,Ghana,1,74.0,0.0,0.55
150,Malawi,2,98.0,0.0,0.73
150,Rwanda,1,77.0,0.0,0.57
151,Denmark,7,104.0,0.71,0.77
151,Germany,6,126.83,0.0,0.94
151,Jersey,2,74.5,0.5,0.55
151,Norway,7,127.86,0.29,0.95
151,Slovenia,1,105.0,1.0,0.78
151,Spain,2,92.5,0.5,0.69
152,Austria,5,150.2,0.4,1.12
152,Belgium,5,125.8,0.8,0.94
152,Croatia,1,106.0,1.0,0.79
152,Czech Republic,1,183.0,0.0,1.36
152,Luxembourg,7,133.71,0.71,1.0
152,Malta,4,160.75,0.75,1.2
153,Chilaw Marians Cricket Club,1,150.0,1.0,1.12
153,Negombo Cricket Club,1,147.0,1.0,1.09
153,Nondescripts Cricket Club,1,167.0,0.0,1.24
153,Nugegoda Sports Welfare Club,1,139.0,0.0,1.04
153,Sinhalese Sports Club,1,97.0,0.0,0.72
154,Cameroon,4,167.0,1.0,1.24
154,Germany,2,140.5,0.5,1.05
154,Ghana,2,105.0,1.0,0.78
154,Hong Kong,2,95.0,0.0,0.71
154,Malawi,3,136.67,1.0,1.02
154,Malaysia,1,83.0,0.0,0.62
154,Namibia,6,91.0,0.17,0.68
154,Nigeria,8,93.12,0.5,0.69
154,Qatar,2,165.0,1.0,1.23
154,Rwanda,18,137.44,0.94,1.02
154,Uganda,24,119.12,0.33,0.89
154,Zimbabwe,5,83.6,0.0,0.62
155,Bangladesh,6,72.0,0.0,0.54
155,China,6,47.17,1.0,0.35
155,India,3,59.0,0.0,0.44
155,Indonesia,8,119.0,0.75,0.89
155,Ireland,5,76.8,0.6,0.57
155,Japan,3,92.67,0.33,0.69
155,Kuwait,4,83.75,1.0,0.62
155,Maldives,6,121.83,0.67,0.91
155,Myanmar,3,108.33,1.0,0.81
155,Namibia,3,88.67,1.0,0.66
155,Nepal,10,91.6,0.7,0.68
155,Netherlands,11,99.55,0.73,0.74
155,Pakistan,5,91.2,0.2,0.68
155,Saudi Arabia,5,114.0,0.0,0.85
155,Scotland,6,89.0,0.17,0.66
155,Singapore,6,108.0,0.33,0.8
155,South Africa,1,82.0,0.0,0.61
155,Sri Lanka,5,87.6,0.2,0.65
155,Uganda,2,88.5,1.0,0.66
155,United Arab Emirates,11,82.09,0.73,0.61
155,United States of America,1,56.0,1.0,0.42
155,West Indies,1,78.0,0.0,0.58
155,Zimbabwe,9,111.11,0.44,0.83
156,Boland,4,138.25,0.5,1.03
156,Cape Cobras,14,137.07,0.71,1.02
156,Dolphins,21,150.62,0.62,1.12
156,Knights,18,162.22,0.61,1.21
156,Lions,19,161.21,0.47,1.2
156,Warriors,18,138.11,0.67,1.03
156,Western Province,3,144.67,1.0,1.08
157,Windward Islands,2,73.0,1.0,0.54
158,Bulgaria,4,200.0,0.5,1.49
158,Cyprus,1,48.0,0.0,0.36
158,France,2,84.0,0.0,0.63
158,Isle of Man,2,99.0,0.0,0.74
158,Italy,2,80.5,0.0,0.6
159,Costa Rica,2,100.5,0.5,0.75
160,Bahrain,2,86.5,0.5,0.64
160,Bermuda,1,134.0,1.0,1.0
160,Cameroon,2,100.5,1.0,0.75
160,Canada,1,93.0,0.0,0.69
160,Germany,1,213.0,1.0,1.59
160,Ghana,4,155.5,1.0,1.16
160,Hong Kong,6,94.67,0.67,0.7
160,Ireland,2,88.5,0.0,0.66
160,Italy,1,151.0,1.0,1.12
160,Kenya,26,130.31,0.73,0.97
160,Namibia,27,102.26,0.41,0.76
160,Nepal,7,91.86,0.57,0.68
160,Netherlands,2,104.5,0.5,0.78
160,New Zealand,1,40.0,0.0,0.3
160,Nigeria,17,116.65,0.88,0.87
160,Papua New Guinea,2,119.0,0.5,0.89
160,Qatar,1,105.0,0.0,0.78
160,Rwanda,28,131.32,0.96,0.98
160,Sierra Leone,3,87.67,1.0,0.65
160,Sri Lanka,1,87.0,0.0,0.65
160,Tanzania,23,130.83,0.65,0.97
160,Thailand,2,70.5,0.0,0.52
160,West Indies,1,39.0,0.0,0.29
160,Zimbabwe,10,97.6,0.2,0.73
161,Bahrain,9,165.44,0.78,1.23
161,Bangladesh,7,135.0,0.29,1.01
161,Canada,3,149.67,1.0,1.11
161,China,3,96.67,1.0,0.72
161,Hong Kong,18,129.61,0.83,0.97
161,India,4,83.75,0.0,0.62
161,Indonesia,1,122.0,1.0,0.91
161,Ireland,14,133.14,0.5,0.99
161,Italy,1,91.0,0.0,0.68
161,Japan,1,68.0,1.0,0.51
161,Kenya,2,103.0,0.5,0.77
161,Kuwait,11,154.64,0.91,1.15
161,Malaysia,10,90.5,1.0,0.67
161,Maldives,1,123.0,1.0,0.92
161,Namibia,16,114.44,0.62,0.85
161,Nepal,17,125.47,0.41,0.93
161,Netherlands,12,111.5,0.42,0.83
161,Nigeria,3,104.0,1.0,0.77
161,Oman,11,163.27,0.64,1.22
161,Pakistan,6,121.17,0.0,0.9
161,Qatar,10,151.7,1.0,1.13
161,Saudi Arabia,5,122.6,0.8,0.91
161,Sri Lanka,4,94.0,0.0,0.7
161,Thailand,11,81.91,0.27,0.61
161,United States of America,7,127.0,0.57,0.95
161,Zimbabwe,7,116.86,0.43,0.87
162,Argentina,6,121.67,1.0,0.91
162,Bahamas,2,154.0,1.0,1.15
162,Bangladesh,5,110.6,0.4,0.82
162,Belize,3,135.67,1.0,1.01
162,Bermuda,6,128.67,0.67,0.96
162,Canada,22,133.86,0.68,1.0
162,Cayman Islands,3,105.33,1.0,0.78
162,Denmark,1,145.0,1.0,1.08
162,England,1,115.0,0.0,0.86
162,Hong Kong,2,115.0,0.5,0.86
162,India,1,110.0,0.0,0.82
162,Ireland,5,132.2,0.2,0.98
162,Italy,1,160.0,0.0,1.19
162,Jersey,2,123.5,1.0,0.92
162,Namibia,4,129.5,0.75,0.96
162,Netherlands,8,107.62,0.0,0.8
162,Oman,3,154.33,1.0,1.15
162,Papua New Guinea,4,102.25,0.25,0.76
162,Scotland,3,62.0,0.0,0.46
162,South Africa,1,176.0,0.0,1.31
162,Sri Lanka,1,105.0,0.0,0.78
162,Thailand,1,54.0,0.0,0.4
162,United Arab Emirates,7,143.86,0.29,1.07
162,Zimbabwe,4,120.25,0.25,0.9
163,Cook Islands,6,128.33,0.5,0.96
163,Fiji,7,151.86,0.71,1.13
163,Indonesia,2,108.0,1.0,0.8
163,Ireland,1,88.0,0.0,0.66
163,Japan,8,97.12,0.75,0.72
163,Kuwait,2,104.0,0.0,0.77
163,Malaysia,6,145.33,0.5,1.08
163,Papua New Guinea,13,95.92,0.08,0.71
163,Samoa,14,97.93,0.43,0.73
163,United Arab Emirates,1,63.0,0.0,0.47
164,Boland,3,160.33,0.33,1.19
164,Cape Cobras,14,145.93,0.36,1.09
164,Knights,16,141.06,0.44,1.05
164,Lions,20,141.9,0.45,1.06
164,North West,2,162.5,0.5,1.21
164,Titans,19,120.63,0.26,0.9
164,Western Province,2,156.5,0.5,1.17
165,Durham,3,155.67,1.0,1.16
165,Glamorgan,1,175.0,1.0,1.3
165,Lancashire,8,143.62,0.62,1.07
165,Leicestershire,7,157.86,0.71,1.18
165,Northamptonshire,9,137.22,0.44,1.02
165,Nottinghamshire,9,157.11,0.44,1.17
165,Surrey,2,200.5,1.0,1.49
165,Worcestershire,8,158.88,0.5,1.18
165,Yorkshire,5,146.6,0.4,1.09
166,Australia,39,156.85,0.33,1.17
166,Bangladesh,24,143.5,0.67,1.07
166,England,63,135.49,0.35,1.01
166,ICC World XI,1,199.0,1.0,1.48
166,India,43,140.74,0.28,1.05
166,Ireland,15,138.87,0.73,1.03
166,New Zealand,35,124.49,0.23,0.93
166,Pakistan,40,122.2,0.38,0.91
166,South Africa,45,137.33,0.51,1.02
166,Sri Lanka,31,131.29,0.58,0.98
166,Thailand,1,80.0,1.0,0.6
166,Uganda,1,173.0,1.0,1.29
167,Boland,3,138.67,0.33,1.03
167,Dolphins,4,117.75,0.25,0.88
167,Knights,3,136.33,0.67,1.02
167,North West,4,159.0,0.75,1.18
167,Titans,3,132.67,0.0,0.99
168,Guyana,2,86.0,0.0,0.64
169,Birmingham Bears,15,169.07,0.4,1.26
169,Derbyshire,17,162.41,0.59,1.21
169,Durham,17,152.59,0.59,1.14
169,Glamorgan,1,190.0,0.0,1.41
169,Hampshire,2,79.0,0.0,0.59
169,Lancashire,20,159.95,0.35,1.19
169,Leicestershire,15,152.6,0.47,1.14
169,Northamptonshire,21,165.1,0.48,1.23
169,Nottinghamshire,21,164.9,0.52,1.23
169,Somerset,2,190.5,0.5,1.42
169,Surrey,1,141.0,0.0,1.05
169,Sussex,2,172.5,1.0,1.28
169,Yorkshire,15,173.6,0.33,1.29
170,Birmingham Bears,14,166.79,0.29,1.24
170,Derbyshire,23,150.91,0.43,1.12
170,Durham,23,157.09,0.48,1.17
170,Glamorgan,1,180.0,1.0,1.34
170,Lancashire,21,172.14,0.33,1.28
170,Leicestershire,17,177.29,0.47,1.32
170,Northamptonshire,15,176.0,0.67,1.31
170,Nottinghamshire,16,170.81,0.38,1.27
170,Surrey,1,160.0,1.0,1.19
170,Worcestershire,15,179.4,0.67,1.34
171,Bangladesh,27,142.96,0.3,1.06
171,England,1,138.0,0.0,1.03
171,India,13,132.62,0.23,0.99
171,Ireland,29,129.34,0.28,0.96
171,Japan,1,59.0,1.0,0.44
171,Kenya,5,165.2,1.0,1.23
171,Namibia,29,132.03,0.59,0.98
171,Netherlands,8,118.25,0.38,0.88
171,New Zealand,8,136.0,0.0,1.01
171,Nigeria,5,81.2,1.0,0.6
171,Pakistan,20,132.5,0.15,0.99
171,Rwanda,4,185.5,1.0,1.38
171,Scotland,6,137.5,0.83,1.02
171,Singapore,3,193.67,0.67,1.44
171,South Africa,10,118.5,0.0,0.88
171,Sri Lanka,8,122.75,0.25,0.91
171,Tanzania,5,103.8,1.0,0.77
171,Thailand,9,108.89,0.56,0.81
171,Uganda,10,109.7,0.8,0.82
171,United Arab Emirates,7,123.29,0.57,0.92
171,United States of America,4,138.75,0.75,1.03
171,West Indies,4,118.5,0.25,0.88
