team_a_id,team_b_id,h2h_matches,h2h_avg_runs,h2h_win_rate
0,Desert Vipers,6.0,145.5,0.33
0,Dubai Capitals,7.0,160.86,0.14
0,Gulf Giants,5.0,148.0,0.4
0,MI Emirates,6.0,159.17,0.17
0,Sharjah Warriors,4.0,113.75,0.5
0,Sharjah Warriorz,2.0,160.0,0.5
1,Badureliya Sports Club,1.0,176.0,1.0
1,Colombo Cricket Club,1.0,98.0,0.0
1,Kurunegala Youth Cricket Club,1.0,82.0,1.0
1,Moors Sports Club,1.0,111.0,0.0
1,Negombo Cricket Club,1.0,135.0,0.0
1,Nondescripts Cricket Club,1.0,115.0,0.0
1,Panadura Sports Club,1.0,99.0,0.0
1,Sinhalese Sports Club,1.0,178.0,1.0
2,Bahamas,3.0,109.0,0.33
2,Belize,2.0,136.0,1.0
2,Bermuda,4.0,104.5,0.0
2,Brazil,6.0,50.83,0.17
2,Canada,5.0,79.8,0.2
2,Cayman Islands,2.0,109.5,0.0
2,Chile,3.0,228.67,1.0
2,Mexico,3.0,116.33,1.0
2,Panama,2.0,90.5,0.5
2,Suriname,1.0,124.0,1.0
2,United States of America,6.0,83.67,0.0
3,Bangladesh,16.0,125.88,0.75
3,Barbados,1.0,68.0,1.0
3,England,60.0,148.38,0.52
3,India,59.0,153.95,0.53
3,Ireland,9.0,136.33,1.0
3,Namibia,1.0,74.0,1.0
3,New Zealand,47.0,142.02,0.7
3,Oman,1.0,164.0,1.0
3,Pakistan,44.0,130.14,0.64
3,Scotland,4.0,172.75,1.0
3,South Africa,36.0,155.39,0.69
3,Sri Lanka,35.0,145.34,0.66
3,United Arab Emirates,1.0,119.0,1.0
3,West Indies,39.0,155.87,0.67
3,Zimbabwe,3.0,173.67,0.67
4,Belgium,5.0,174.4,1.0
4,Czech Republic,7.0,149.14,0.86
4,Denmark,2.0,103.5,0.0
4,France,2.0,145.5,1.0
4,Germany,11.0,89.36,0.18
4,Gibraltar,1.0,134.0,1.0
4,Guernsey,1.0,141.0,1.0
4,Hungary,5.0,166.2,0.8
4,Ireland,1.0,98.0,0.0
4,Israel,1.0,110.0,1.0
4,Jersey,1.0,104.0,0.0
4,Luxembourg,7.0,149.0,0.71
4,Malta,2.0,160.5,1.0
4,Norway,4.0,118.75,0.75
4,Portugal,1.0,128.0,1.0
4,Romania,3.0,160.0,0.33
4,Scotland,1.0,66.0,0.0
4,Slovenia,4.0,176.5,1.0
4,Sweden,3.0,132.0,1.0
4,Switzerland,5.0,161.4,0.6
5,Ace Capital Cricket Club,1.0,170.0,0.0
5,Burgher Recreation Club,1.0,80.0,0.0
5,Chilaw Marians Cricket Club,1.0,110.0,0.0
5,Moors Sports Club,2.0,107.5,0.0
5,Nondescripts Cricket Club,1.0,149.0,0.0
5,Panadura Sports Club,1.0,145.0,0.0
6,Argentina,3.0,104.67,0.67
6,Belize,1.0,117.0,1.0
6,Bermuda,8.0,100.0,0.0
6,Brazil,1.0,89.0,1.0
6,Canada,4.0,65.5,0.0
6,Cayman Islands,5.0,112.2,0.0
6,Mexico,1.0,95.0,1.0
6,Panama,3.0,109.0,0.67
6,Suriname,1.0,97.0,1.0
6,United States of America,2.0,79.0,0.0
7,Bhutan,2.0,119.0,0.5
7,Cambodia,2.0,130.5,1.0
7,Canada,3.0,163.33,0.33
7,Germany,2.0,157.0,1.0
7,Hong Kong,8.0,94.62,0.38
7,Indonesia,6.0,115.5,0.67
7,Ireland,1.0,137.0,0.0
7,Kuwait,15.0,126.93,0.27
7,Malawi,7.0,131.71,1.0
7,Malaysia,9.0,117.33,0.56
7,Maldives,2.0,117.5,1.0
7,Nepal,4.0,40.5,0.0
7,Oman,9.0,118.67,0.22
7,Philippines,1.0,191.0,1.0
7,Qatar,14.0,120.29,0.29
7,Saudi Arabia,9.0,158.78,0.67
7,Singapore,5.0,121.0,0.8
7,Tanzania,4.0,147.5,0.5
7,Thailand,1.0,102.0,0.0
7,Uganda,2.0,93.0,0.5
7,United Arab Emirates,9.0,121.44,0.22
7,Vanuatu,1.0,166.0,1.0
8,Australia,16.0,117.69,0.25
8,England,7.0,121.43,0.43
8,Hong Kong,3.0,138.0,0.67
8,India,33.0,121.94,0.12
8,Ireland,19.0,129.58,0.53
8,Kenya,2.0,132.0,1.0
8,Malaysia,5.0,123.8,1.0
8,Maldives,1.0,255.0,1.0
8,Nepal,3.0,96.33,1.0
8,Netherlands,9.0,131.0,0.78
8,New Zealand,24.0,115.17,0.17
8,Oman,2.0,166.5,1.0
8,Pakistan,37.0,119.76,0.24
8,Papua New Guinea,4.0,117.5,1.0
8,Scotland,6.0,106.33,0.83
8,South Africa,19.0,105.95,0.05
8,Sri Lanka,34.0,134.53,0.35
8,Thailand,6.0,99.67,1.0
8,United Arab Emirates,7.0,151.14,0.71
8,United States of America,5.0,121.0,0.6
8,West Indies,26.0,130.92,0.31
8,Zimbabwe,27.0,148.96,0.7
9,Australia,1.0,64.0,0.0
9,Guyana,2.0,86.0,1.0
9,India,1.0,62.0,0.0
9,Jamaica,2.0,112.5,1.0
9,Leeward Islands,1.0,61.0,1.0
9,Pakistan,1.0,144.0,1.0
9,Windward Islands,1.0,89.0,1.0
10,Austria,5.0,167.6,0.0
10,Croatia,1.0,100.0,0.0
10,Czech Republic,1.0,161.0,1.0
10,Denmark,1.0,161.0,1.0
10,France,5.0,110.2,0.4
10,Germany,2.0,156.0,0.0
10,Gibraltar,1.0,142.0,1.0
10,Hungary,1.0,123.0,1.0
10,Isle of Man,1.0,122.0,1.0
10,Italy,1.0,141.0,0.0
10,Jersey,1.0,90.0,0.0
10,Luxembourg,2.0,174.5,1.0
10,Malta,10.0,136.2,0.8
10,Portugal,4.0,138.25,0.25
10,Serbia,1.0,179.0,1.0
10,Spain,1.0,149.0,1.0
10,Switzerland,5.0,110.2,0.2
11,Argentina,2.0,104.0,0.0
11,Bahamas,1.0,114.0,0.0
11,Bermuda,2.0,68.5,0.0
11,Brazil,1.0,121.0,1.0
11,Canada,3.0,54.33,0.0
11,Cayman Islands,1.0,107.0,0.0
11,Panama,3.0,122.0,0.67
11,Suriname,1.0,98.0,0.0
11,United States of America,3.0,66.33,0.0
12,Argentina,4.0,169.5,1.0
12,Bahamas,8.0,132.88,1.0
12,Belize,2.0,106.0,1.0
12,Brazil,1.0,149.0,1.0
12,Canada,5.0,111.2,0.2
12,Cayman Islands,10.0,141.8,0.9
12,Denmark,1.0,112.0,1.0
12,Kenya,2.0,108.5,0.0
12,Mexico,1.0,97.0,1.0
12,Namibia,1.0,106.0,0.0
12,Nepal,1.0,127.0,0.0
12,Netherlands,1.0,114.0,0.0
12,Panama,4.0,109.25,1.0
12,Papua New Guinea,2.0,116.0,0.0
12,Scotland,3.0,135.33,0.33
12,Singapore,1.0,149.0,0.0
12,Suriname,1.0,161.0,1.0
12,Uganda,1.0,123.0,0.0
12,United States of America,6.0,125.5,0.33
13,Bahrain,2.0,105.5,0.5
13,Cambodia,1.0,123.0,0.0
13,China,2.0,104.0,1.0
13,Hong Kong,3.0,88.33,0.0
13,Indonesia,6.0,84.83,0.5
13,Kuwait,4.0,93.0,0.5
13,Malaysia,5.0,76.0,0.0
13,Maldives,9.0,117.44,0.56
13,Myanmar,5.0,92.6,0.2
13,Nepal,6.0,56.17,0.0
13,Qatar,2.0,88.0,0.5
13,Saudi Arabia,3.0,76.33,0.0
13,Singapore,3.0,89.67,0.33
13,Thailand,7.0,83.57,0.29
13,United Arab Emirates,3.0,79.0,0.0
14,Derbyshire,12.0,178.75,0.58
14,Durham,12.0,152.67,0.5
14,Essex,1.0,167.0,0.0
14,Glamorgan,2.0,141.5,1.0
14,Gloucestershire,3.0,115.67,0.0
14,Hampshire,1.0,82.0,0.0
14,Kent,1.0,141.0,0.0
14,Lancashire,7.0,152.86,0.57
14,Leicestershire,9.0,153.56,0.67
14,Northamptonshire,16.0,179.06,0.5
14,Nottinghamshire,14.0,158.21,0.57
14,Somerset,2.0,148.5,0.5
14,Worcestershire,15.0,178.4,0.6
14,Yorkshire,14.0,169.93,0.64
15,Burgher Recreation Club,1.0,96.0,0.0
15,Chilaw Marians Cricket Club,1.0,72.0,1.0
15,Kandy Customs Cricket Club,1.0,81.0,1.0
15,Moors Sports Club,2.0,94.0,0.5
15,Nondescripts Cricket Club,1.0,54.0,0.0
15,Nugegoda Sports Welfare Club,1.0,63.0,1.0
15,Panadura Sports Club,1.0,129.0,1.0
15,Police Sports Club,1.0,147.0,1.0
15,Tamil Union Cricket and Athletic Club,1.0,119.0,0.0
16,Dolphins,4.0,124.75,0.75
16,Knights,2.0,168.0,0.0
16,Lions,3.0,156.0,0.33
16,North West,4.0,124.25,0.25
16,Titans,4.0,122.25,0.5
16,Warriors,3.0,164.33,0.67
16,Western Province,3.0,140.67,0.67
17,Cameroon,2.0,80.0,1.0
17,Eswatini,5.0,153.4,1.0
17,Ghana,1.0,146.0,1.0
17,Ivory Coast,1.0,35.0,1.0
17,Kenya,10.0,90.5,0.1
17,Lesotho,6.0,143.33,1.0
17,Malawi,4.0,138.5,1.0
17,Mali,1.0,38.0,1.0
17,Mozambique,9.0,116.44,1.0
17,Namibia,13.0,82.69,0.08
17,Nigeria,8.0,101.12,0.12
17,Rwanda,12.0,93.5,0.08
17,Sierra Leone,8.0,102.25,0.38
17,St Helena,2.0,111.5,1.0
17,Swaziland,1.0,91.0,1.0
17,Tanzania,5.0,101.0,0.0
17,Uganda,8.0,91.38,0.0
17,Zimbabwe,1.0,47.0,0.0
18,Argentina,6.0,67.0,0.83
18,Bahamas,1.0,63.0,0.0
18,Belize,1.0,120.0,0.0
18,Bermuda,1.0,62.0,0.0
18,Cameroon,1.0,156.0,1.0
18,Canada,3.0,54.33,0.0
18,Cayman Islands,1.0,65.0,0.0
18,Germany,1.0,117.0,1.0
18,Kenya,1.0,81.0,0.0
18,Malawi,1.0,102.0,1.0
18,Mexico,2.0,93.5,0.5
18,Nigeria,2.0,56.0,0.5
18,Panama,1.0,123.0,1.0
18,Rwanda,2.0,88.5,0.0
18,Sierra Leone,1.0,87.0,1.0
18,Suriname,1.0,102.0,1.0
18,Tanzania,1.0,75.0,0.0
18,Uganda,1.0,80.0,0.0
18,United States of America,4.0,53.25,0.0
19,Croatia,1.0,76.0,1.0
19,Czech Republic,2.0,143.5,0.0
19,Estonia,3.0,97.0,0.0
19,Finland,1.0,74.0,0.0
19,Gibraltar,7.0,196.57,0.57
19,Greece,3.0,109.0,0.0
19,Guernsey,2.0,87.5,0.0
19,Hungary,1.0,153.0,0.0
19,Luxembourg,2.0,99.0,0.0
19,Malta,3.0,155.33,0.0
19,Romania,7.0,109.86,0.14
19,Serbia,13.0,143.54,0.38
19,Slovenia,1.0,143.0,1.0
19,Switzerland,1.0,81.0,0.0
19,Turkey,4.0,145.5,0.5
20,Badureliya Sports Club,1.0,85.0,1.0
20,Bloomfield Cricket and Athletic Club,1.0,99.0,1.0
20,Chilaw Marians Cricket Club,2.0,130.0,1.0
20,Colombo Cricket Club,1.0,39.0,0.0
20,Colts Cricket Club,1.0,73.0,0.0
20,Moors Sports Club,1.0,131.0,0.0
20,Police Sports Club,1.0,160.0,1.0
20,Tamil Union Cricket and Athletic Club,1.0,66.0,1.0
21,Bahrain,2.0,104.0,0.0
21,Bhutan,1.0,126.0,1.0
21,China,1.0,130.0,1.0
21,Indonesia,15.0,129.33,0.53
21,Kuwait,1.0,141.0,0.0
21,Myanmar,1.0,74.0,1.0
21,Oman,1.0,91.0,0.0
21,Qatar,1.0,122.0,0.0
21,Saudi Arabia,2.0,154.0,0.0
21,Singapore,8.0,49.62,0.12
21,Thailand,1.0,162.0,0.0
21,United Arab Emirates,2.0,104.0,0.0
22,Botswana,2.0,56.5,0.0
22,Brazil,1.0,44.0,0.0
22,Eswatini,2.0,151.0,1.0
22,Gambia,1.0,104.0,0.0
22,Ghana,1.0,40.0,0.0
22,Kenya,3.0,41.0,0.0
22,Lesotho,2.0,76.5,1.0
22,Malawi,5.0,70.6,0.0
22,Mali,1.0,58.0,1.0
22,Mozambique,4.0,84.0,0.5
22,Nigeria,3.0,44.67,0.0
22,Rwanda,3.0,37.67,0.0
22,Sierra Leone,6.0,87.67,0.17
22,Tanzania,4.0,46.5,0.0
22,Uganda,2.0,52.5,0.0
23,Argentina,5.0,112.6,0.8
23,Bahamas,4.0,95.0,1.0
23,Bahrain,3.0,163.67,0.67
23,Belize,3.0,103.33,1.0
23,Bermuda,5.0,116.0,0.6
23,Brazil,3.0,92.67,1.0
23,Cayman Islands,9.0,161.11,1.0
23,Germany,1.0,132.0,1.0
23,Hong Kong,2.0,116.5,0.0
23,Ireland,5.0,126.8,0.4
23,Italy,1.0,105.0,1.0
23,Japan,1.0,100.0,1.0
23,Jersey,1.0,176.0,1.0
23,Kenya,5.0,130.4,0.2
23,Namibia,4.0,111.5,0.0
23,Nepal,3.0,114.33,0.67
23,Netherlands,5.0,138.2,0.2
23,Nigeria,1.0,159.0,1.0
23,Oman,7.0,141.14,0.57
23,Pakistan,1.0,106.0,0.0
23,Panama,4.0,140.5,1.0
23,Philippines,1.0,216.0,1.0
23,Saudi Arabia,2.0,182.5,1.0
23,Scotland,2.0,135.0,0.0
23,Uganda,1.0,137.0,1.0
23,United Arab Emirates,3.0,131.67,0.0
23,United States of America,23.0,125.04,0.22
24,Dolphins,16.0,142.06,0.44
24,Impi,1.0,211.0,1.0
24,Knights,15.0,160.93,0.73
24,Lions,15.0,145.07,0.47
24,Titans,14.0,143.14,0.21
24,Warriors,14.0,150.0,0.64
25,Argentina,2.0,121.0,1.0
25,Bahamas,5.0,151.8,1.0
25,Belize,1.0,151.0,1.0
25,Bermuda,10.0,118.9,0.1
25,Brazil,1.0,224.0,1.0
25,Canada,9.0,84.89,0.0
25,Mexico,1.0,86.0,1.0
25,Panama,3.0,116.67,1.0
25,Suriname,1.0,142.0,0.0
25,United States of America,3.0,80.33,0.0
26,Badureliya Sports Club,1.0,114.0,1.0
26,Bloomfield Cricket and Athletic Club,1.0,66.0,0.0
26,Burgher Recreation Club,2.0,125.0,0.0
26,Moors Sports Club,1.0,124.0,0.0
26,Nugegoda Sports Welfare Club,1.0,97.0,0.0
26,Police Sports Club,1.0,178.0,1.0
26,Tamil Union Cricket and Athletic Club,1.0,106.0,0.0
27,Argentina,3.0,31.0,0.0
27,Mexico,1.0,72.0,0.0
28,Bhutan,2.0,46.5,0.0
28,Cambodia,1.0,37.0,0.0
28,Hong Kong,12.0,73.42,0.17
28,Japan,7.0,82.43,0.14
28,Kuwait,2.0,56.5,0.5
28,Malaysia,5.0,41.2,0.2
28,Mongolia,2.0,43.0,1.0
28,Myanmar,3.0,64.33,1.0
28,Namibia,1.0,55.0,0.0
28,Nepal,3.0,50.0,0.0
28,Netherlands,1.0,103.0,1.0
28,Oman,1.0,59.0,1.0
28,Pakistan,1.0,37.0,0.0
28,Papua New Guinea,1.0,93.0,0.0
28,Philippines,2.0,68.0,1.0
28,Singapore,1.0,26.0,0.0
28,South Korea,4.0,81.0,0.5
28,Sri Lanka,1.0,65.0,0.0
28,Thailand,6.0,27.83,0.0
28,United Arab Emirates,3.0,42.0,0.0
28,Zimbabwe,1.0,88.0,0.0
29,Ace Capital Cricket Club,1.0,102.0,1.0
29,Burgher Recreation Club,1.0,179.0,1.0
29,Kurunegala Youth Cricket Club,1.0,200.0,1.0
29,Moors Sports Club,2.0,94.5,0.5
29,Panadura Sports Club,2.0,146.5,0.5
29,Police Sports Club,1.0,175.0,1.0
30,Burgher Recreation Club,1.0,74.0,1.0
30,Kandy Customs Cricket Club,1.0,92.0,1.0
30,Kurunegala Youth Cricket Club,1.0,90.0,1.0
30,Nondescripts Cricket Club,1.0,170.0,0.0
30,Nugegoda Sports Welfare Club,1.0,141.0,0.0
30,Panadura Sports Club,2.0,128.0,0.0
30,Police Sports Club,1.0,166.0,1.0
30,Tamil Union Cricket and Athletic Club,1.0,166.0,1.0
31,Fiji,6.0,115.0,0.33
31,Indonesia,4.0,62.5,0.0
31,Japan,4.0,91.75,0.0
31,Papua New Guinea,1.0,67.0,0.0
31,Philippines,2.0,120.0,0.5
31,Samoa,4.0,136.25,0.75
31,Thailand,2.0,98.5,0.5
31,Vanuatu,6.0,122.83,0.5
32,Mexico,9.0,69.78,0.11
32,Panama,1.0,91.0,0.0
32,Turks and Caicos Island,2.0,69.5,0.5
33,Belgium,1.0,140.0,1.0
33,Bulgaria,1.0,75.0,0.0
33,Czech Republic,2.0,152.0,1.0
33,Finland,1.0,85.0,0.0
33,Germany,1.0,98.0,0.0
33,Gibraltar,2.0,94.5,0.5
33,Greece,1.0,104.0,1.0
33,Hungary,2.0,63.5,0.0
33,Italy,1.0,44.0,0.0
33,Malta,2.0,103.5,0.0
33,Serbia,3.0,91.0,0.67
33,Spain,5.0,71.6,0.0
33,Sweden,1.0,69.0,0.0
33,Switzerland,1.0,104.0,0.0
33,Turkey,1.0,83.0,0.0
34,Czech Republic,6.0,102.33,0.83
34,Denmark,1.0,63.0,0.0
34,Estonia,12.0,139.75,0.67
34,Finland,1.0,148.0,0.0
34,Germany,1.0,70.0,0.0
34,Greece,1.0,102.0,1.0
34,Isle of Man,3.0,120.33,0.0
34,Malta,1.0,134.0,1.0
34,Portugal,1.0,114.0,0.0
34,Romania,1.0,154.0,1.0
34,Serbia,3.0,99.67,0.67
34,Spain,1.0,137.0,0.0
34,Turkey,1.0,183.0,1.0
35,Austria,7.0,114.0,0.14
35,Belgium,1.0,74.0,0.0
35,Bulgaria,2.0,188.0,1.0
35,Croatia,2.0,115.0,0.0
35,Cyprus,6.0,71.67,0.17
35,Denmark,1.0,107.0,0.0
35,Estonia,5.0,89.4,0.2
35,France,1.0,102.0,0.0
35,Gibraltar,4.0,112.75,0.25
35,Greece,1.0,159.0,1.0
35,Hungary,6.0,145.67,0.5
35,Israel,1.0,113.0,1.0
35,Luxembourg,4.0,153.0,0.75
35,Malta,1.0,162.0,0.0
35,Norway,2.0,117.5,0.0
35,Romania,6.0,163.17,0.33
35,Spain,1.0,178.0,0.0
35,Switzerland,1.0,184.0,1.0
36,Austria,2.0,105.5,1.0
36,Belgium,1.0,149.0,0.0
36,Bermuda,1.0,111.0,0.0
36,Cyprus,1.0,205.0,1.0
36,Czech Republic,1.0,225.0,1.0
36,Estonia,1.0,67.0,1.0
36,Finland,7.0,148.29,0.86
36,France,1.0,176.0,1.0
36,Germany,6.0,90.33,0.17
36,Gibraltar,1.0,256.0,1.0
36,Greece,1.0,166.0,1.0
36,Guernsey,3.0,123.33,0.0
36,Ireland,1.0,122.0,0.0
36,Italy,4.0,128.5,0.25
36,Jersey,6.0,114.0,0.0
36,Kenya,1.0,84.0,0.0
36,Luxembourg,1.0,93.0,1.0
36,Nepal,1.0,79.0,0.0
36,Netherlands,1.0,109.0,0.0
36,Norway,6.0,124.83,0.83
36,Portugal,2.0,98.0,1.0
36,Scotland,2.0,128.0,0.0
36,Spain,1.0,154.0,1.0
36,Sweden,7.0,104.86,0.29
36,United States of America,1.0,124.0,0.0
37,Birmingham Bears,12.0,158.42,0.42
37,Durham,11.0,162.82,0.27
37,Essex,1.0,126.0,0.0
37,Gloucestershire,1.0,137.0,1.0
37,Hampshire,1.0,148.0,0.0
37,Lancashire,21.0,157.1,0.24
37,Leicestershire,22.0,161.18,0.64
37,Northamptonshire,18.0,168.83,0.44
37,Nottinghamshire,22.0,167.59,0.14
37,Somerset,1.0,74.0,0.0
37,Warwickshire,4.0,173.25,0.25
37,Worcestershire,17.0,164.12,0.41
37,Yorkshire,23.0,155.48,0.57
38,Abu Dhabi Knight Riders,6.0,172.17,0.67
38,Dubai Capitals,8.0,165.62,0.25
38,Gulf Giants,8.0,156.0,0.62
38,MI Emirates,6.0,132.83,0.5
38,Sharjah Warriors,4.0,146.5,0.75
38,Sharjah Warriorz,3.0,137.33,1.0
39,Boland,4.0,119.0,0.25
39,Cape Cobras,16.0,139.88,0.5
39,Impi,1.0,151.0,1.0
39,Knights,16.0,134.06,0.62
39,Lions,13.0,149.85,0.23
39,North West,3.0,130.67,0.67
39,Titans,21.0,148.9,0.38
39,Warriors,15.0,146.8,0.33
39,Western Province,4.0,134.75,0.75
40,Abu Dhabi Knight Riders,7.0,184.0,0.86
40,Desert Vipers,8.0,162.62,0.75
40,Gulf Giants,7.0,137.0,0.29
40,MI Emirates,8.0,162.88,0.62
40,Sharjah Warriors,4.0,117.0,0.0
40,Sharjah Warriorz,2.0,166.0,0.0
41,Birmingham Bears,12.0,160.17,0.5
41,Derbyshire,11.0,171.55,0.64
41,Gloucestershire,1.0,180.0,1.0
41,Lancashire,23.0,145.74,0.35
41,Leicestershire,23.0,145.91,0.48
41,Northamptonshire,22.0,154.91,0.45
41,Nottinghamshire,21.0,155.9,0.33
41,Surrey,1.0,162.0,0.0
41,Sussex,1.0,140.0,0.0
41,Warwickshire,3.0,154.0,0.0
41,Worcestershire,16.0,165.81,0.31
41,Yorkshire,22.0,154.95,0.5
42,Australia,61.0,138.28,0.41
42,Bangladesh,7.0,125.14,0.57
42,India,59.0,145.29,0.56
42,Ireland,6.0,145.67,0.5
42,Namibia,1.0,122.0,1.0
42,Netherlands,2.0,125.0,0.0
42,New Zealand,53.0,146.58,0.7
42,Oman,1.0,50.0,1.0
42,Pakistan,49.0,156.22,0.73
42,Scotland,1.0,113.0,1.0
42,South Africa,48.0,152.23,0.6
42,Sri Lanka,22.0,144.5,0.73
42,Thailand,1.0,176.0,1.0
42,United States of America,1.0,117.0,1.0
42,West Indies,62.0,150.58,0.65
42,Zimbabwe,1.0,188.0,1.0
43,Birmingham Bears,1.0,171.0,1.0
43,Derbyshire,1.0,160.0,1.0
43,Glamorgan,19.0,166.05,0.53
43,Gloucestershire,12.0,169.58,0.42
43,Hampshire,25.0,150.72,0.4
43,Kent,23.0,170.91,0.43
43,Lancashire,2.0,163.0,0.5
43,Middlesex,23.0,161.57,0.57
43,Nottinghamshire,1.0,123.0,0.0
43,Somerset,16.0,155.44,0.25
43,Surrey,19.0,167.79,0.53
43,Sussex,18.0,169.39,0.5
43,Warwickshire,1.0,178.0,0.0
43,Worcestershire,1.0,148.0,1.0
44,Bulgaria,3.0,98.33,1.0
44,Cyprus,12.0,137.33,0.33
44,Czech Republic,5.0,104.8,0.8
44,Denmark,1.0,64.0,0.0
44,Finland,5.0,118.2,0.6
44,Gibraltar,5.0,86.8,0.2
44,Guernsey,1.0,99.0,0.0
44,Isle of Man,2.0,94.5,0.0
44,Malta,4.0,159.75,0.5
44,Norway,2.0,87.5,0.0
44,Switzerland,5.0,128.8,0.0
45,Botswana,5.0,58.0,0.0
45,Cameroon,2.0,50.0,0.0
45,Gambia,1.0,123.0,1.0
45,Ivory Coast,1.0,44.0,1.0
45,Mozambique,13.0,97.77,0.23
45,Nigeria,2.0,120.0,0.0
45,Sierra Leone,6.0,36.17,0.0
45,St Helena,1.0,173.0,1.0
45,Tanzania,2.0,71.5,0.0
45,Zimbabwe,1.0,17.0,0.0
46,Cook Islands,6.0,133.5,0.67
46,France,1.0,115.0,1.0
46,Indonesia,2.0,85.0,0.0
46,Japan,4.0,77.5,0.0
46,Papua New Guinea,4.0,54.0,0.0
46,Samoa,8.0,117.38,0.62
46,Vanuatu,7.0,121.14,0.29
47,Bulgaria,1.0,199.0,1.0
47,Croatia,1.0,87.0,1.0
47,Cyprus,1.0,159.0,1.0
47,Denmark,7.0,93.0,0.14
47,Estonia,5.0,111.8,0.4
47,Greece,1.0,183.0,1.0
47,Guernsey,1.0,90.0,1.0
47,Isle of Man,1.0,34.0,0.0
47,Italy,2.0,116.0,0.0
47,Jersey,1.0,66.0,0.0
47,Malta,1.0,118.0,1.0
47,Norway,7.0,106.14,0.29
47,Spain,2.0,122.5,0.5
47,Sweden,9.0,107.89,0.33
48,Austria,2.0,142.0,0.0
48,Belgium,5.0,113.8,0.2
48,Czech Republic,1.0,153.0,1.0
48,Denmark,1.0,103.0,0.0
48,Fiji,1.0,59.0,0.0
48,Germany,8.0,80.12,0.12
48,Guernsey,1.0,97.0,0.0
48,Hungary,1.0,97.0,0.0
48,Ireland,1.0,24.0,0.0
48,Isle of Man,1.0,149.0,1.0
48,Italy,3.0,98.33,0.0
48,Jersey,1.0,110.0,1.0
48,Luxembourg,4.0,155.5,0.75
48,Malta,7.0,125.43,0.57
48,Netherlands,3.0,63.0,0.0
48,Norway,4.0,128.75,0.5
48,Portugal,1.0,114.0,1.0
48,Romania,1.0,191.0,1.0
48,Samoa,1.0,32.0,0.0
48,Scotland,3.0,59.67,0.0
48,Sweden,2.0,151.0,1.0
48,Switzerland,2.0,152.5,0.0
48,Turkey,2.0,168.0,1.0
48,Vanuatu,1.0,45.0,0.0
49,Cameroon,1.0,115.0,1.0
49,Eswatini,1.0,122.0,0.0
49,Ghana,2.0,62.5,0.0
49,Kenya,1.0,46.0,0.0
49,Mozambique,2.0,106.0,0.0
49,Sierra Leone,2.0,81.5,0.0
49,Tanzania,1.0,59.0,0.0
50,Austria,11.0,130.91,0.82
50,Bahrain,2.0,133.5,0.0
50,Belgium,2.0,158.5,1.0
50,Brazil,1.0,109.0,0.0
50,Canada,1.0,131.0,0.0
50,Croatia,1.0,100.0,1.0
50,Cyprus,1.0,179.0,1.0
50,Denmark,6.0,114.0,0.83
50,France,8.0,108.38,0.88
50,Gibraltar,1.0,183.0,1.0
50,Greece,4.0,143.5,1.0
50,Guernsey,4.0,136.25,0.5
50,Ireland,4.0,61.25,0.0
50,Isle of Man,2.0,153.0,1.0
50,Italy,14.0,111.5,0.21
50,Jersey,8.0,111.25,0.5
50,Malawi,3.0,174.0,0.67
50,Netherlands,4.0,74.75,0.0
50,Nigeria,1.0,78.0,0.0
50,Norway,6.0,120.5,0.67
50,Oman,4.0,131.5,1.0
50,Philippines,1.0,115.0,1.0
50,Scotland,3.0,54.0,0.0
50,Spain,8.0,135.25,0.5
50,Sweden,6.0,151.33,1.0
50,Tanzania,2.0,138.5,0.5
50,Uganda,1.0,46.0,0.0
50,United Arab Emirates,1.0,167.0,0.0
51,Botswana,1.0,135.0,0.0
51,Cameroon,1.0,41.0,1.0
51,Gambia,2.0,190.0,1.0
51,Kenya,2.0,99.5,0.0
51,Lesotho,1.0,133.0,1.0
51,Malawi,2.0,92.0,0.5
51,Mali,1.0,27.0,1.0
51,Mozambique,2.0,132.5,0.5
51,Namibia,1.0,91.0,0.0
51,Nigeria,5.0,99.4,0.0
51,Rwanda,10.0,99.6,0.3
51,Seychelles,1.0,96.0,1.0
51,Sierra Leone,5.0,111.0,0.6
51,South Africa,1.0,103.0,0.0
51,Swaziland,1.0,75.0,1.0
51,Tanzania,2.0,102.5,0.0
51,Uganda,4.0,104.0,0.0
52,Austria,1.0,117.0,0.0
52,Belgium,1.0,139.0,0.0
52,Bulgaria,7.0,199.14,0.43
52,Croatia,2.0,80.5,0.5
52,Czech Republic,4.0,161.5,0.75
52,Denmark,1.0,124.0,0.0
52,Estonia,5.0,150.2,0.8
52,Germany,1.0,139.0,0.0
52,Guernsey,1.0,70.0,0.0
52,Hungary,3.0,140.67,0.33
52,Isle of Man,1.0,61.0,0.0
52,Israel,2.0,106.5,0.0
52,Jersey,2.0,66.0,0.0
52,Luxembourg,2.0,163.0,0.5
52,Malta,8.0,162.25,0.25
52,Norway,1.0,126.0,0.0
52,Portugal,8.0,123.0,0.0
52,Romania,2.0,155.0,0.5
52,Serbia,4.0,102.25,1.0
52,Slovenia,1.0,136.0,0.0
52,Spain,2.0,96.5,0.0
52,Sweden,1.0,99.0,0.0
52,Switzerland,1.0,133.0,0.0
52,Turkey,2.0,175.5,1.0
53,Birmingham Bears,2.0,134.5,0.0
53,Essex,19.0,170.53,0.42
53,Gloucestershire,21.0,144.14,0.43
53,Hampshire,16.0,142.69,0.38
53,Kent,9.0,164.67,0.78
53,Lancashire,1.0,136.0,0.0
53,Leicestershire,1.0,126.0,1.0
53,Middlesex,16.0,156.12,0.69
53,Northamptonshire,2.0,129.5,0.5
53,Somerset,21.0,148.52,0.33
53,Surrey,21.0,150.14,0.33
53,Sussex,20.0,160.4,0.4
53,Warwickshire,1.0,164.0,0.0
53,Worcestershire,1.0,196.0,1.0
53,Yorkshire,1.0,90.0,0.0
54,Birmingham Bears,3.0,156.0,1.0
54,Derbyshire,1.0,135.0,0.0
54,Durham,1.0,161.0,0.0
54,Essex,11.0,172.64,0.55
54,Glamorgan,21.0,159.05,0.48
54,Hampshire,14.0,139.71,0.29
54,Kent,22.0,147.45,0.64
54,Middlesex,22.0,166.23,0.68
54,Northamptonshire,2.0,149.5,1.0
54,Somerset,22.0,162.91,0.5
54,Surrey,12.0,144.25,0.33
54,Sussex,22.0,154.05,0.45
54,Worcestershire,3.0,171.33,0.67
55,Bulgaria,3.0,88.33,0.67
55,Croatia,1.0,101.0,0.0
55,Cyprus,1.0,100.0,0.0
55,Czech Republic,1.0,84.0,0.0
55,Denmark,1.0,134.0,0.0
55,Finland,1.0,146.0,0.0
55,Germany,4.0,78.25,0.0
55,Isle of Man,4.0,86.5,0.0
55,Malta,1.0,91.0,1.0
55,Romania,2.0,154.0,0.5
55,Serbia,3.0,131.0,1.0
55,Spain,5.0,79.2,0.0
55,Sweden,1.0,43.0,0.0
55,Turkey,2.0,117.5,0.0
56,Austria,1.0,139.0,0.0
56,Bulgaria,2.0,114.5,1.0
56,Denmark,2.0,138.5,1.0
56,Estonia,1.0,102.0,1.0
56,Finland,1.0,86.0,0.0
56,France,1.0,153.0,1.0
56,Germany,4.0,138.0,0.5
56,Gibraltar,1.0,76.0,1.0
56,Isle of Man,1.0,101.0,1.0
56,Israel,1.0,80.0,1.0
56,Italy,2.0,116.0,0.0
56,Jersey,10.0,113.7,0.2
56,Luxembourg,1.0,131.0,1.0
56,Malta,1.0,140.0,1.0
56,Netherlands,1.0,99.0,0.0
56,Norway,5.0,110.8,0.6
56,Slovenia,1.0,60.0,1.0
56,Spain,2.0,94.5,0.5
57,Abu Dhabi Knight Riders,5.0,141.0,0.6
57,Desert Vipers,8.0,156.5,0.38
57,Dubai Capitals,7.0,154.57,0.71
57,MI Emirates,7.0,153.29,0.57
57,Sharjah Warriors,4.0,155.75,0.75
57,Sharjah Warriorz,2.0,173.0,0.5
58,Barbados,2.0,82.0,0.0
58,Jamaica,1.0,90.0,0.0
58,Leeward Islands,1.0,122.0,1.0
58,Windward Islands,2.0,95.5,1.0
59,Birmingham Bears,1.0,186.0,1.0
59,Derbyshire,1.0,249.0,1.0
59,Essex,24.0,163.29,0.5
59,Glamorgan,16.0,151.19,0.62
59,Gloucestershire,14.0,143.71,0.71
59,Kent,19.0,165.58,0.37
59,Lancashire,3.0,122.67,0.33
59,Middlesex,21.0,155.19,0.62
59,Nottinghamshire,3.0,156.33,0.67
59,Somerset,25.0,156.44,0.28
59,Surrey,15.0,134.6,0.2
59,Sussex,21.0,170.43,0.52
59,Worcestershire,2.0,149.0,1.0
60,Bahrain,7.0,104.86,0.29
60,Bangladesh,3.0,130.67,0.33
60,Bhutan,3.0,123.67,1.0
60,Canada,2.0,159.0,1.0
60,China,12.0,103.83,0.83
60,India,1.0,152.0,0.0
60,Ireland,5.0,143.0,0.4
60,Italy,1.0,111.0,1.0
60,Japan,13.0,110.92,0.69
60,Jersey,2.0,148.5,0.5
60,Kuwait,14.0,125.71,0.64
60,Malaysia,24.0,117.46,0.5
60,Maldives,2.0,164.5,1.0
60,Mongolia,3.0,37.67,1.0
60,Myanmar,3.0,68.0,0.67
60,Namibia,7.0,118.71,0.57
60,Nepal,23.0,100.09,0.39
60,Netherlands,7.0,119.86,0.14
60,Nigeria,1.0,82.0,1.0
60,Oman,8.0,125.5,0.12
60,Pakistan,2.0,65.0,0.0
60,Papua New Guinea,4.0,133.25,0.5
60,Qatar,7.0,157.29,0.57
60,Saudi Arabia,1.0,147.0,0.0
60,Scotland,5.0,120.8,0.2
60,Singapore,6.0,175.67,0.83
60,South Korea,2.0,119.0,1.0
60,Sri Lanka,2.0,108.0,0.0
60,Tanzania,2.0,96.5,1.0
60,Thailand,7.0,66.86,0.14
60,Uganda,6.0,93.17,0.33
60,United Arab Emirates,18.0,119.22,0.17
60,United States of America,2.0,147.0,0.5
60,Zimbabwe,1.0,144.0,0.0
61,Austria,5.0,162.6,0.2
61,Belgium,1.0,120.0,0.0
61,Bulgaria,1.0,158.0,1.0
61,Croatia,2.0,138.5,1.0
61,Czech Republic,6.0,133.0,0.17
61,France,1.0,149.0,1.0
61,Gibraltar,3.0,141.67,0.67
61,Israel,2.0,138.5,0.5
61,Luxembourg,3.0,169.0,0.67
61,Malta,4.0,173.0,0.75
61,Portugal,1.0,132.0,0.0
61,Romania,5.0,139.8,0.2
61,Slovenia,3.0,195.67,1.0
62,Pakistan,3.0,167.33,0.33
62,West Indies,1.0,127.0,0.0
63,Cape Cobras,1.0,171.0,0.0
63,Dolphins,1.0,148.0,0.0
63,Knights,1.0,178.0,0.0
63,Lions,2.0,86.0,0.0
63,Titans,2.0,128.5,0.0
63,Warriors,1.0,146.0,0.0
64,Australia,59.0,151.29,0.42
64,Bangladesh,33.0,143.97,0.88
64,Barbados,1.0,162.0,1.0
64,England,59.0,150.8,0.44
64,Hong Kong,1.0,192.0,1.0
64,Ireland,10.0,149.9,1.0
64,Malaysia,3.0,174.33,0.67
64,Namibia,1.0,136.0,1.0
64,Nepal,2.0,190.0,1.0
64,Netherlands,1.0,179.0,1.0
64,New Zealand,35.0,143.2,0.4
64,Pakistan,27.0,124.85,0.74
64,Scotland,1.0,89.0,1.0
64,South Africa,47.0,149.89,0.57
64,Sri Lanka,47.0,148.96,0.7
64,Thailand,3.0,106.67,1.0
64,United Arab Emirates,4.0,130.25,1.0
64,United States of America,1.0,111.0,1.0
64,West Indies,43.0,155.47,0.7
64,Zimbabwe,13.0,154.23,0.77
65,Bahrain,6.0,100.33,0.33
65,Bhutan,6.0,87.0,0.5
65,Cambodia,14.0,126.43,0.36
65,Cook Islands,4.0,109.5,1.0
65,Fiji,2.0,108.0,1.0
65,Japan,12.0,91.25,0.5
65,Malaysia,1.0,80.0,0.0
65,Maldives,1.0,95.0,0.0
65,Mongolia,6.0,113.83,1.0
65,Myanmar,6.0,136.33,1.0
65,Papua New Guinea,3.0,89.0,0.0
65,Philippines,16.0,122.56,0.31
65,Qatar,1.0,70.0,1.0
65,Samoa,1.0,53.0,1.0
65,Saudi Arabia,1.0,103.0,0.0
65,Singapore,5.0,95.6,1.0
65,South Korea,9.0,115.67,0.78
65,Thailand,8.0,111.0,0.25
65,United Arab Emirates,1.0,66.0,0.0
65,Vanuatu,2.0,93.0,0.0
66,Kuwait,1.0,108.0,0.0
67,Australia,9.0,104.44,0.0
67,Austria,1.0,226.0,1.0
67,Bahrain,1.0,158.0,1.0
67,Bangladesh,18.0,116.61,0.44
67,Canada,5.0,138.8,0.6
67,Denmark,1.0,123.0,1.0
67,England,6.0,125.17,0.33
67,France,1.0,25.0,1.0
67,Germany,4.0,148.25,1.0
67,Hong Kong,5.0,164.6,0.6
67,India,10.0,117.7,0.0
67,Italy,3.0,166.33,1.0
67,Jersey,3.0,104.33,1.0
67,Kenya,5.0,98.4,1.0
67,Namibia,5.0,140.6,0.8
67,Nepal,3.0,108.67,1.0
67,Netherlands,29.0,137.45,0.69
67,New Zealand,9.0,122.22,0.0
67,Nigeria,1.0,67.0,1.0
67,Oman,6.0,155.17,0.67
67,Pakistan,18.0,129.39,0.33
67,Papua New Guinea,5.0,104.6,0.6
67,Scotland,26.0,137.77,0.65
67,South Africa,13.0,129.0,0.15
67,Sri Lanka,6.0,132.83,0.17
67,Thailand,5.0,80.6,0.4
67,Uganda,2.0,113.0,1.0
67,United Arab Emirates,14.0,133.64,0.5
67,United States of America,5.0,153.2,0.8
67,Vanuatu,1.0,89.0,1.0
67,West Indies,16.0,126.06,0.19
67,Zimbabwe,27.0,146.37,0.7
68,Karachi Kings,24.0,156.04,0.75
68,Lahore Qalandars,23.0,147.39,0.43
68,Multan Sultans,18.0,156.39,0.56
68,Peshawar Zalmi,26.0,171.96,0.5
68,Quetta Gladiators,22.0,163.32,0.45
69,Belgium,1.0,121.0,0.0
69,Cyprus,3.0,122.0,1.0
69,Estonia,2.0,97.0,1.0
69,Finland,1.0,136.0,1.0
69,France,1.0,133.0,0.0
69,Germany,2.0,102.5,0.0
69,Gibraltar,1.0,70.0,1.0
69,Greece,4.0,105.75,1.0
69,Guernsey,1.0,100.0,0.0
69,Italy,3.0,91.33,0.0
69,Jersey,3.0,103.0,0.33
69,Luxembourg,1.0,154.0,1.0
69,Malta,2.0,74.5,1.0
69,Portugal,1.0,86.0,0.0
69,Romania,2.0,81.5,1.0
69,Serbia,1.0,165.0,1.0
69,Spain,5.0,82.0,0.0
69,Sweden,1.0,124.0,1.0
69,Turkey,2.0,176.5,1.0
70,Austria,1.0,107.0,0.0
70,Czech Republic,1.0,112.0,0.0
70,Gibraltar,2.0,133.5,1.0
70,Guernsey,1.0,79.0,0.0
70,Hungary,2.0,144.0,0.5
70,Luxembourg,1.0,175.0,1.0
70,Malta,1.0,120.0,0.0
70,Norway,1.0,119.0,0.0
70,Portugal,1.0,119.0,1.0
70,Romania,1.0,125.0,0.0
70,Spain,2.0,98.5,0.0
70,Sweden,1.0,102.0,0.0
71,Belgium,1.0,144.0,1.0
71,Canada,1.0,104.0,0.0
71,Croatia,1.0,210.0,1.0
71,Denmark,4.0,130.0,0.75
71,Finland,2.0,145.5,1.0
71,France,3.0,120.0,1.0
71,Germany,14.0,119.0,0.79
71,Guernsey,2.0,124.0,1.0
71,Hong Kong,1.0,110.0,0.0
71,Ireland,3.0,132.0,0.0
71,Isle of Man,3.0,92.67,1.0
71,Jersey,8.0,116.88,0.5
71,Luxembourg,1.0,166.0,1.0
71,Namibia,2.0,125.5,0.5
71,Netherlands,7.0,91.71,0.0
71,Romania,1.0,244.0,1.0
71,Scotland,4.0,116.25,0.25
71,Spain,4.0,147.25,0.75
71,Sweden,2.0,144.5,1.0
71,Turkey,2.0,126.5,1.0
71,Uganda,1.0,148.0,0.0
71,United Arab Emirates,1.0,158.0,1.0
71,United States of America,1.0,163.0,1.0
72,Botswana,1.0,31.0,0.0
72,Eswatini,1.0,41.0,0.0
72,Nigeria,1.0,7.0,0.0
72,Sierra Leone,1.0,21.0,0.0
72,St Helena,1.0,26.0,0.0
73,Barbados,2.0,99.5,0.0
73,Guyana,1.0,92.0,1.0
73,Leeward Islands,1.0,170.0,1.0
73,Trinidad and Tobago,1.0,133.0,1.0
73,Windward Islands,1.0,91.0,1.0
74,Canada,1.0,97.0,0.0
74,China,7.0,118.57,0.86
74,Cook Islands,4.0,119.0,1.0
74,Fiji,4.0,117.25,1.0
74,Hong Kong,13.0,102.15,0.15
74,Indonesia,12.0,114.25,0.5
74,Malaysia,1.0,85.0,0.0
74,Maldives,1.0,150.0,1.0
74,Mongolia,7.0,195.29,0.86
74,Nepal,2.0,58.0,0.0
74,Oman,1.0,130.0,1.0
74,Papua New Guinea,5.0,76.6,0.0
74,Philippines,8.0,121.88,0.88
74,Samoa,4.0,101.0,0.5
74,Saudi Arabia,1.0,97.0,0.0
74,Singapore,7.0,116.43,0.71
74,South Korea,7.0,140.43,0.86
74,Sri Lanka,1.0,21.0,0.0
74,Tanzania,1.0,28.0,0.0
74,Thailand,3.0,127.33,0.67
74,United Arab Emirates,1.0,67.0,0.0
74,Vanuatu,8.0,93.88,0.25
74,Zimbabwe,1.0,58.0,0.0
75,Austria,1.0,106.0,1.0
75,Belgium,1.0,198.0,1.0
75,Canada,1.0,123.0,0.0
75,Denmark,6.0,139.17,1.0
75,Finland,1.0,130.0,1.0
75,France,1.0,104.0,0.0
75,Germany,8.0,113.62,0.5
75,Gibraltar,2.0,68.5,1.0
75,Guernsey,10.0,143.5,0.8
75,Hong Kong,2.0,145.0,0.5
75,Ireland,3.0,101.67,0.0
75,Isle of Man,3.0,137.0,0.67
75,Italy,8.0,124.88,0.5
75,Namibia,1.0,161.0,0.0
75,Nepal,1.0,107.0,1.0
75,Netherlands,3.0,109.0,0.0
75,Nigeria,1.0,184.0,1.0
75,Norway,2.0,115.5,1.0
75,Oman,1.0,141.0,1.0
75,Papua New Guinea,1.0,121.0,0.0
75,Scotland,2.0,134.5,0.5
75,Serbia,1.0,233.0,1.0
75,Singapore,1.0,141.0,1.0
75,Spain,4.0,131.0,0.5
75,Sweden,2.0,119.5,0.5
75,Switzerland,1.0,219.0,1.0
75,Turkey,1.0,54.0,1.0
75,Uganda,1.0,105.0,0.0
75,United Arab Emirates,1.0,147.0,1.0
75,United States of America,2.0,120.5,0.0
75,Zimbabwe,1.0,123.0,0.0
76,Bloomfield Cricket and Athletic Club,1.0,78.0,0.0
76,Colts Cricket Club,1.0,91.0,0.0
76,Panadura Sports Club,1.0,98.0,0.0
77,Islamabad United,24.0,151.04,0.25
77,Lahore Qalandars,23.0,156.65,0.61
77,Multan Sultans,16.0,158.62,0.44
77,Peshawar Zalmi,22.0,157.59,0.36
77,Quetta Gladiators,20.0,150.7,0.35
78,Birmingham Bears,1.0,162.0,1.0
78,Essex,23.0,177.87,0.57
78,Glamorgan,9.0,154.22,0.11
78,Gloucestershire,22.0,152.41,0.36
78,Hampshire,19.0,160.05,0.58
78,Lancashire,3.0,142.67,0.0
78,Middlesex,18.0,180.89,0.56
78,Somerset,23.0,172.39,0.65
78,Surrey,24.0,162.75,0.46
78,Sussex,22.0,151.32,0.41
79,Bangladesh,2.0,91.5,0.0
79,Bermuda,2.0,131.5,1.0
79,Botswana,10.0,111.2,0.9
79,Brazil,1.0,184.0,1.0
79,Cameroon,3.0,82.33,1.0
79,Canada,5.0,139.6,0.8
79,Denmark,1.0,85.0,1.0
79,Gambia,1.0,175.0,1.0
79,Ghana,2.0,128.0,1.0
79,Ireland,5.0,96.2,0.0
79,Lesotho,2.0,235.5,1.0
79,Malawi,4.0,121.0,0.75
79,Malaysia,1.0,88.0,0.0
79,Mali,1.0,34.0,1.0
79,Mozambique,1.0,224.0,1.0
79,Namibia,4.0,96.75,0.5
79,Nepal,5.0,142.6,0.2
79,Netherlands,5.0,124.8,0.4
79,New Zealand,1.0,73.0,0.0
79,Nigeria,15.0,132.93,0.8
79,Oman,1.0,143.0,1.0
79,Pakistan,1.0,92.0,0.0
79,Papua New Guinea,2.0,124.5,0.0
79,Qatar,2.0,100.0,0.5
79,Rwanda,26.0,113.31,0.62
79,Saudi Arabia,1.0,84.0,0.0
79,Scotland,4.0,129.25,0.25
79,Seychelles,3.0,112.33,1.0
79,Singapore,1.0,159.0,1.0
79,Sri Lanka,2.0,87.5,0.0
79,Tanzania,11.0,121.09,0.55
79,Uganda,26.0,122.81,0.27
79,United Arab Emirates,2.0,122.5,0.5
79,Zimbabwe,5.0,95.6,0.0
80,Boland,2.0,171.5,1.0
80,Cape Cobras,15.0,148.13,0.2
80,Dolphins,16.0,134.88,0.31
80,Impi,1.0,157.0,1.0
80,Lions,16.0,132.88,0.31
80,North West,3.0,124.0,0.0
80,Titans,18.0,157.78,0.39
80,Warriors,16.0,137.38,0.5
80,Western Province,3.0,134.0,0.33
81,Ace Capital Cricket Club,1.0,81.0,0.0
81,Colombo Cricket Club,1.0,56.0,0.0
81,Colts Cricket Club,1.0,89.0,0.0
81,Nondescripts Cricket Club,1.0,135.0,0.0
81,Panadura Sports Club,1.0,160.0,0.0
82,Bahrain,14.0,153.57,0.71
82,Bhutan,4.0,91.75,0.5
82,Cambodia,1.0,144.0,1.0
82,China,2.0,71.0,0.5
82,Hong Kong,14.0,107.36,0.29
82,Iran,1.0,109.0,1.0
82,Malaysia,11.0,100.55,0.18
82,Maldives,6.0,138.83,1.0
82,Mongolia,1.0,210.0,1.0
82,Myanmar,7.0,105.43,0.71
82,Nepal,9.0,93.67,0.11
82,Oman,5.0,124.0,0.2
82,Qatar,9.0,135.11,0.67
82,Saudi Arabia,8.0,127.38,0.75
82,Singapore,6.0,97.83,0.83
82,Tanzania,1.0,103.0,1.0
82,Thailand,5.0,50.8,0.0
82,United Arab Emirates,11.0,114.18,0.09
82,Vanuatu,2.0,107.0,1.0
83,Warriors,1.0,88.0,0.0
84,Islamabad United,23.0,162.17,0.48
84,Karachi Kings,23.0,150.09,0.3
84,Multan Sultans,21.0,161.29,0.48
84,Peshawar Zalmi,22.0,144.73,0.41
84,Quetta Gladiators,21.0,166.0,0.52
85,Birmingham Bears,7.0,151.57,0.43
85,Derbyshire,21.0,174.14,0.76
85,Durham,24.0,155.17,0.62
85,Essex,2.0,160.5,0.5
85,Glamorgan,1.0,137.0,1.0
85,Hampshire,3.0,143.33,0.67
85,Kent,3.0,144.0,1.0
85,Leicestershire,17.0,153.24,0.71
85,Northamptonshire,15.0,160.8,0.6
85,Nottinghamshire,17.0,159.06,0.41
85,Somerset,2.0,171.5,0.0
85,Surrey,1.0,174.0,0.0
85,Sussex,2.0,127.0,0.5
85,Warwickshire,8.0,135.5,0.38
85,Worcestershire,20.0,166.5,0.65
85,Yorkshire,21.0,179.24,0.57
86,Barbados,1.0,60.0,0.0
86,Guyana,1.0,47.0,0.0
86,Jamaica,1.0,46.0,0.0
86,Trinidad and Tobago,1.0,72.0,0.0
86,Windward Islands,1.0,56.0,0.0
87,Birmingham Bears,9.0,158.33,0.33
87,Derbyshire,23.0,155.65,0.35
87,Durham,23.0,144.0,0.52
87,Glamorgan,1.0,123.0,0.0
87,Lancashire,18.0,150.83,0.28
87,Northamptonshire,20.0,157.55,0.3
87,Nottinghamshire,21.0,158.81,0.43
87,Warwickshire,7.0,143.43,0.29
87,Worcestershire,15.0,153.73,0.53
87,Yorkshire,17.0,172.65,0.47
88,Botswana,6.0,57.17,0.0
88,Cameroon,2.0,48.5,0.0
88,Ghana,1.0,83.0,0.0
88,Kenya,2.0,48.0,0.0
88,Malawi,5.0,66.8,0.0
88,Mali,2.0,143.0,1.0
88,Mozambique,5.0,88.4,0.0
88,Namibia,2.0,33.0,0.0
88,Rwanda,3.0,40.33,0.0
88,Seychelles,1.0,131.0,0.0
88,St Helena,1.0,81.0,0.0
88,Swaziland,1.0,109.0,1.0
88,Uganda,1.0,26.0,0.0
89,Boland,3.0,157.0,0.67
89,Cape Cobras,15.0,148.8,0.53
89,Dolphins,14.0,145.21,0.71
89,Impi,1.0,153.0,1.0
89,Knights,15.0,119.2,0.53
89,North West,3.0,156.33,0.33
89,Titans,19.0,143.79,0.53
89,Warriors,19.0,145.53,0.47
89,Western Province,3.0,148.33,0.33
90,Austria,7.0,113.29,0.29
90,Belgium,2.0,131.5,0.0
90,Bulgaria,2.0,175.5,1.0
90,Czech Republic,4.0,144.0,0.25
90,Denmark,1.0,50.0,0.0
90,France,4.0,139.75,0.25
90,Gibraltar,2.0,156.5,0.5
90,Guernsey,1.0,114.0,0.0
90,Hungary,3.0,134.0,0.33
90,Isle of Man,1.0,91.0,0.0
90,Israel,1.0,172.0,0.0
90,Italy,1.0,89.0,0.0
90,Malta,3.0,158.33,0.33
90,Romania,4.0,142.0,0.25
90,Slovenia,1.0,129.0,1.0
90,Switzerland,7.0,114.29,0.29
90,Turkey,1.0,147.0,1.0
91,Abu Dhabi Knight Riders,6.0,161.17,0.83
91,Desert Vipers,6.0,189.0,0.5
91,Dubai Capitals,8.0,167.0,0.38
91,Gulf Giants,7.0,160.86,0.43
91,Sharjah Warriors,4.0,166.0,1.0
91,Sharjah Warriorz,3.0,165.33,0.33
92,Bahrain,7.0,110.14,0.0
92,Botswana,4.0,94.0,0.0
92,Brazil,1.0,101.0,0.0
92,Cameroon,5.0,80.0,1.0
92,Germany,3.0,164.0,0.33
92,Ghana,2.0,104.0,0.5
92,Kenya,4.0,62.5,0.0
92,Lesotho,5.0,134.8,1.0
92,Mali,1.0,44.0,1.0
92,Mozambique,1.0,104.0,0.0
92,Namibia,1.0,53.0,0.0
92,Nigeria,1.0,90.0,0.0
92,Rwanda,12.0,109.08,0.33
92,Seychelles,1.0,142.0,1.0
92,Sierra Leone,3.0,88.67,0.0
92,St Helena,2.0,84.5,0.5
92,Swaziland,2.0,101.5,1.0
92,Tanzania,3.0,94.33,0.0
92,Uganda,3.0,61.0,0.0
93,Bahrain,9.0,137.11,0.44
93,Bangladesh,5.0,68.2,0.0
93,Bhutan,5.0,125.4,1.0
93,China,5.0,42.0,0.8
93,Hong Kong,24.0,124.21,0.5
93,India,3.0,14.67,0.0
93,Indonesia,1.0,81.0,1.0
93,Japan,1.0,101.0,1.0
93,Kenya,1.0,89.0,1.0
93,Kuwait,11.0,118.91,0.82
93,Maldives,4.0,135.25,0.75
93,Mongolia,1.0,35.0,1.0
93,Myanmar,3.0,102.67,1.0
93,Namibia,2.0,69.5,0.0
93,Nepal,21.0,105.76,0.19
93,Netherlands,2.0,133.5,0.0
93,Oman,3.0,134.0,0.33
93,Pakistan,2.0,43.5,0.0
93,Papua New Guinea,6.0,149.83,0.33
93,Qatar,7.0,101.43,0.57
93,Saudi Arabia,5.0,151.4,0.6
93,Scotland,1.0,117.0,0.0
93,Singapore,25.0,148.24,0.8
93,South Korea,1.0,72.0,1.0
93,Sri Lanka,4.0,50.25,0.0
93,Tanzania,1.0,86.0,1.0
93,Thailand,14.0,85.57,0.57
93,United Arab Emirates,10.0,67.6,0.0
93,Vanuatu,6.0,150.5,0.5
94,Bahrain,2.0,114.0,0.0
94,Bangladesh,1.0,6.0,0.0
94,Bhutan,9.0,109.89,0.44
94,Hong Kong,2.0,76.0,0.0
94,Indonesia,1.0,75.0,1.0
94,Japan,1.0,108.0,0.0
94,Kuwait,6.0,96.0,0.0
94,Malaysia,3.0,88.67,0.0
94,Mongolia,1.0,178.0,1.0
94,Myanmar,1.0,52.0,1.0
94,Nepal,6.0,43.83,0.0
94,Oman,2.0,115.5,0.0
94,Qatar,4.0,110.25,0.0
94,Saudi Arabia,4.0,95.25,0.0
94,Singapore,2.0,132.0,0.0
94,Thailand,6.0,120.5,0.33
94,United Arab Emirates,1.0,80.0,0.0
95,Botswana,1.0,37.0,0.0
95,Cameroon,1.0,57.0,0.0
95,Ghana,1.0,24.0,0.0
95,Kenya,1.0,30.0,0.0
95,Lesotho,2.0,71.5,0.0
95,Malawi,1.0,43.0,0.0
95,Rwanda,2.0,18.0,0.0
95,Seychelles,1.0,14.0,0.0
95,Tanzania,1.0,18.0,0.0
96,Austria,2.0,159.0,0.0
96,Belgium,10.0,112.9,0.2
96,Bulgaria,3.0,176.33,1.0
96,Croatia,2.0,104.5,1.0
96,Cyprus,1.0,128.0,0.0
96,Czech Republic,1.0,164.0,1.0
96,Estonia,4.0,190.5,0.5
96,Finland,1.0,117.0,0.0
96,France,7.0,107.57,0.43
96,Gibraltar,8.0,156.38,0.75
96,Greece,1.0,90.0,0.0
96,Guernsey,1.0,139.0,0.0
96,Hungary,4.0,145.75,0.25
96,Isle of Man,2.0,73.0,0.0
96,Israel,1.0,136.0,1.0
96,Luxembourg,3.0,172.33,0.67
96,Portugal,6.0,128.83,0.0
96,Romania,11.0,159.09,0.45
96,Switzerland,4.0,159.5,0.25
97,Argentina,3.0,107.67,0.0
97,Bahamas,1.0,71.0,0.0
97,Bermuda,1.0,96.0,0.0
97,Brazil,2.0,113.5,0.5
97,Cayman Islands,1.0,85.0,0.0
97,Chile,1.0,74.0,1.0
97,Costa Rica,9.0,93.0,0.67
97,Panama,2.0,86.0,0.0
97,Suriname,1.0,52.0,1.0
97,Turks and Caicos Island,1.0,100.0,1.0
98,Essex,23.0,161.26,0.39
98,Glamorgan,16.0,151.5,0.31
98,Gloucestershire,21.0,168.33,0.24
98,Hampshire,22.0,155.73,0.32
98,Kent,17.0,170.53,0.35
98,Northamptonshire,1.0,132.0,0.0
98,Nottinghamshire,1.0,160.0,0.0
98,Somerset,16.0,161.0,0.31
98,Surrey,23.0,164.65,0.3
98,Sussex,18.0,156.33,0.17
99,China,2.0,42.0,0.0
99,Hong Kong,3.0,36.67,0.0
99,Indonesia,6.0,34.67,0.0
99,Japan,7.0,35.86,0.0
99,Kuwait,1.0,50.0,0.0
99,Malaysia,1.0,31.0,0.0
99,Maldives,1.0,61.0,0.0
99,Myanmar,3.0,57.0,0.0
99,Philippines,2.0,69.5,0.0
99,Singapore,1.0,10.0,0.0
100,Ace Capital Cricket Club,1.0,115.0,1.0
100,Badureliya Sports Club,2.0,109.5,1.0
100,Bloomfield Cricket and Athletic Club,2.0,113.0,0.5
100,Burgher Recreation Club,1.0,132.0,1.0
100,Chilaw Marians Cricket Club,1.0,128.0,1.0
100,Colombo Cricket Club,2.0,98.5,0.5
100,Nondescripts Cricket Club,1.0,114.0,0.0
100,Panadura Sports Club,1.0,131.0,1.0
101,Botswana,9.0,72.56,0.0
101,Cameroon,4.0,119.0,0.5
101,Eswatini,12.0,127.75,0.58
101,Gambia,2.0,135.0,1.0
101,Ghana,2.0,120.5,0.5
101,Kenya,1.0,76.0,0.0
101,Lesotho,5.0,149.4,1.0
101,Malawi,1.0,108.0,1.0
101,Namibia,2.0,64.5,0.0
101,Nigeria,2.0,89.5,0.0
101,Rwanda,5.0,71.6,0.2
101,Seychelles,1.0,158.0,1.0
101,Sierra Leone,5.0,59.2,0.0
101,Tanzania,3.0,88.0,0.0
101,Uganda,1.0,124.0,0.0
101,Zimbabwe,2.0,45.5,0.0
102,Islamabad United,18.0,157.11,0.44
102,Karachi Kings,17.0,150.12,0.41
102,Lahore Qalandars,21.0,170.29,0.52
102,Peshawar Zalmi,18.0,171.67,0.61
102,Quetta Gladiators,15.0,167.2,0.6
103,Bhutan,5.0,92.8,0.8
103,Cambodia,1.0,72.0,0.0
103,China,3.0,62.67,0.0
103,Hong Kong,3.0,68.0,0.33
103,Indonesia,6.0,93.5,0.0
103,Kuwait,7.0,95.43,0.29
103,Malaysia,3.0,39.67,0.0
103,Maldives,1.0,51.0,0.0
103,Mongolia,3.0,107.0,1.0
103,Nepal,1.0,29.0,0.0
103,Singapore,9.0,79.78,0.78
103,Thailand,3.0,32.67,0.0
104,Australia,1.0,72.0,0.0
104,Bermuda,1.0,111.0,1.0
104,Botswana,13.0,131.08,0.92
104,Canada,4.0,112.75,1.0
104,China,1.0,56.0,1.0
104,England,1.0,84.0,0.0
104,Ghana,1.0,92.0,1.0
104,Hong Kong,7.0,106.43,0.43
104,India,1.0,132.0,0.0
104,Ireland,5.0,127.6,0.2
104,Italy,2.0,113.5,0.5
104,Jersey,1.0,164.0,1.0
104,Kenya,4.0,113.75,0.5
104,Lesotho,2.0,212.0,1.0
104,Malawi,1.0,54.0,1.0
104,Malaysia,2.0,73.5,1.0
104,Mozambique,2.0,127.5,1.0
104,Nepal,5.0,128.0,0.6
104,Netherlands,11.0,112.09,0.18
104,New Zealand,1.0,111.0,0.0
104,Nigeria,8.0,100.38,0.75
104,Oman,9.0,129.0,0.44
104,Pakistan,1.0,144.0,0.0
104,Papua New Guinea,4.0,145.75,0.5
104,Rwanda,3.0,136.67,1.0
104,Scotland,5.0,126.8,0.6
104,Sierra Leone,4.0,117.0,1.0
104,Singapore,1.0,191.0,1.0
104,South Africa,1.0,89.0,1.0
104,Sri Lanka,2.0,129.5,0.5
104,St Helena,1.0,180.0,1.0
104,Swaziland,1.0,74.0,1.0
104,Tanzania,6.0,100.83,0.83
104,Thailand,3.0,65.67,0.0
104,Uganda,27.0,111.78,0.59
104,United Arab Emirates,16.0,111.62,0.38
104,United States of America,4.0,133.75,0.25
104,Zimbabwe,29.0,123.79,0.41
105,Ace Capital Cricket Club,1.0,152.0,1.0
105,Tamil Union Cricket and Athletic Club,1.0,76.0,0.0
106,Bahrain,4.0,36.25,1.0
106,Bangladesh,3.0,87.0,0.0
106,Bermuda,1.0,148.0,1.0
106,Bhutan,6.0,108.5,1.0
106,Canada,3.0,109.67,0.33
106,China,3.0,69.33,1.0
106,Denmark,1.0,80.0,1.0
106,Hong Kong,21.0,104.33,0.57
106,India,2.0,137.5,0.0
106,Ireland,3.0,98.67,0.0
106,Japan,2.0,114.0,1.0
106,Jersey,1.0,105.0,0.0
106,Kenya,5.0,149.6,0.8
106,Kuwait,9.0,101.22,0.89
106,Malaysia,21.0,121.05,0.81
106,Maldives,6.0,94.67,1.0
106,Myanmar,1.0,30.0,1.0
106,Namibia,4.0,140.0,0.25
106,Netherlands,19.0,126.0,0.26
106,Oman,9.0,119.44,0.56
106,Pakistan,1.0,108.0,0.0
106,Papua New Guinea,7.0,153.0,0.71
106,Philippines,1.0,218.0,1.0
106,Qatar,7.0,142.86,0.86
106,Saudi Arabia,1.0,75.0,1.0
106,Scotland,3.0,131.33,0.33
106,Singapore,4.0,102.75,0.5
106,South Africa,1.0,114.0,0.0
106,Tanzania,1.0,88.0,0.0
106,Thailand,10.0,80.7,0.2
106,Uganda,7.0,91.0,0.43
106,United Arab Emirates,16.0,119.38,0.56
106,United States of America,5.0,123.2,0.6
106,Zimbabwe,2.0,126.0,0.0
107,Bangladesh,8.0,121.25,0.12
107,Bermuda,1.0,206.0,1.0
107,Canada,5.0,146.4,0.8
107,China,1.0,101.0,0.0
107,Denmark,1.0,110.0,1.0
107,England,2.0,148.0,1.0
107,France,3.0,64.33,1.0
107,Germany,4.0,174.5,1.0
107,Guernsey,1.0,172.0,1.0
107,Hong Kong,7.0,136.57,0.86
107,India,1.0,123.0,0.0
107,Ireland,29.0,120.48,0.28
107,Italy,7.0,112.43,1.0
107,Jersey,4.0,153.5,0.75
107,Kenya,5.0,135.8,0.6
107,Malaysia,2.0,149.0,0.5
107,Namibia,10.0,125.5,0.8
107,Nepal,20.0,129.85,0.5
107,New Zealand,3.0,143.33,0.0
107,Oman,7.0,144.86,0.57
107,Pakistan,3.0,78.67,0.0
107,Papua New Guinea,6.0,113.17,0.33
107,Scotland,30.0,121.03,0.37
107,Singapore,1.0,104.0,1.0
107,South Africa,3.0,133.33,0.33
107,Sri Lanka,5.0,79.6,0.0
107,Thailand,11.0,86.73,0.27
107,Uganda,2.0,152.5,0.5
107,United Arab Emirates,12.0,117.42,0.42
107,United States of America,8.0,150.0,1.0
107,Vanuatu,1.0,154.0,1.0
107,Zimbabwe,8.0,119.75,0.38
108,Australia,46.0,136.22,0.24
108,Bangladesh,25.0,145.96,0.8
108,England,52.0,134.79,0.25
108,India,35.0,143.74,0.46
108,Ireland,9.0,165.11,1.0
108,Kenya,1.0,74.0,1.0
108,Namibia,1.0,163.0,1.0
108,Netherlands,3.0,149.67,1.0
108,Pakistan,59.0,145.39,0.53
108,Papua New Guinea,1.0,79.0,1.0
108,Scotland,4.0,185.25,1.0
108,South Africa,33.0,145.12,0.52
108,Sri Lanka,43.0,132.26,0.6
108,Uganda,1.0,41.0,1.0
108,United Arab Emirates,3.0,154.33,0.67
108,West Indies,35.0,139.29,0.54
108,Zimbabwe,8.0,152.75,1.0
109,Botswana,8.0,116.38,0.88
109,Brazil,2.0,74.0,0.5
109,Cameroon,3.0,66.0,1.0
109,Canada,1.0,109.0,0.0
109,Eswatini,2.0,179.5,1.0
109,Germany,1.0,79.0,1.0
109,Ghana,5.0,129.4,1.0
109,Hong Kong,1.0,81.0,0.0
109,Ireland,1.0,66.0,0.0
109,Ivory Coast,1.0,271.0,1.0
109,Jersey,1.0,115.0,0.0
109,Kenya,15.0,121.33,0.2
109,Malawi,1.0,180.0,1.0
109,Mozambique,2.0,90.5,1.0
109,Namibia,8.0,87.0,0.25
109,Oman,1.0,71.0,0.0
109,Rwanda,15.0,93.73,0.53
109,Sierra Leone,16.0,117.5,0.94
109,St Helena,1.0,185.0,1.0
109,Tanzania,7.0,93.14,0.29
109,Uganda,17.0,94.41,0.12
109,United Arab Emirates,3.0,85.67,0.0
109,Zimbabwe,5.0,79.4,0.0
110,Ace Capital Cricket Club,1.0,118.0,1.0
110,Badureliya Sports Club,1.0,31.0,0.0
110,Bloomfield Cricket and Athletic Club,1.0,55.0,1.0
110,Colts Cricket Club,1.0,140.0,1.0
110,Kurunegala Youth Cricket Club,1.0,138.0,1.0
110,Moors Sports Club,1.0,118.0,1.0
110,Nugegoda Sports Welfare Club,1.0,135.0,1.0
110,Panadura Sports Club,2.0,116.5,0.5
110,Police Sports Club,1.0,66.0,1.0
110,Ragama Cricket Club,1.0,153.0,1.0
110,Tamil Union Cricket and Athletic Club,1.0,55.0,1.0
111,Boland,4.0,128.5,0.25
111,Dolphins,3.0,134.67,0.33
111,Knights,3.0,131.0,1.0
111,Lions,3.0,158.67,0.67
111,Titans,3.0,141.33,0.0
111,Warriors,2.0,162.5,0.5
111,Western Province,4.0,122.0,0.25
112,Birmingham Bears,16.0,167.62,0.44
112,Derbyshire,18.0,172.56,0.56
112,Durham,20.0,149.95,0.5
112,Glamorgan,2.0,129.5,0.5
112,Gloucestershire,2.0,131.5,0.0
112,Lancashire,15.0,156.07,0.4
112,Leicestershire,21.0,157.24,0.52
112,Middlesex,1.0,135.0,1.0
112,Nottinghamshire,11.0,162.73,0.27
112,Somerset,3.0,169.67,0.33
112,Sussex,1.0,166.0,1.0
112,Warwickshire,9.0,147.22,0.56
112,Worcestershire,21.0,165.57,0.52
112,Yorkshire,15.0,150.13,0.33
113,Austria,4.0,122.5,0.25
113,Czech Republic,2.0,156.5,1.0
113,Denmark,6.0,103.83,0.17
113,Estonia,2.0,105.5,1.0
113,Finland,7.0,116.43,0.71
113,France,4.0,132.0,0.5
113,Germany,6.0,122.0,0.33
113,Gibraltar,1.0,175.0,1.0
113,Guernsey,5.0,116.8,0.4
113,Israel,1.0,143.0,1.0
113,Jersey,2.0,74.5,0.0
113,Portugal,6.0,130.0,0.33
113,Slovenia,1.0,51.0,1.0
113,Spain,3.0,80.67,0.0
113,Sweden,8.0,129.62,0.62
113,Switzerland,1.0,174.0,1.0
114,Birmingham Bears,14.0,162.5,0.43
114,Derbyshire,22.0,168.95,0.82
114,Durham,20.0,159.75,0.65
114,Essex,1.0,162.0,1.0
114,Hampshire,3.0,163.0,0.33
114,Lancashire,17.0,155.59,0.53
114,Leicestershire,23.0,161.17,0.48
114,Middlesex,1.0,165.0,1.0
114,Northamptonshire,12.0,151.83,0.67
114,Somerset,3.0,166.33,0.33
114,Surrey,1.0,129.0,1.0
114,Warwickshire,9.0,163.33,0.56
114,Worcestershire,21.0,150.57,0.43
114,Yorkshire,16.0,171.12,0.62
115,Bloomfield Cricket and Athletic Club,1.0,57.0,0.0
115,Chilaw Marians Cricket Club,1.0,110.0,1.0
115,Colts Cricket Club,1.0,142.0,1.0
115,Nondescripts Cricket Club,1.0,132.0,0.0
115,Police Sports Club,2.0,107.0,0.0
115,Tamil Union Cricket and Athletic Club,1.0,142.0,1.0
116,Australia,1.0,125.0,0.0
116,Bahrain,9.0,137.67,0.78
116,Bangladesh,2.0,96.0,0.0
116,Cambodia,1.0,154.0,1.0
116,Canada,7.0,141.29,0.43
116,China,1.0,56.0,0.0
116,England,1.0,47.0,0.0
116,Germany,4.0,91.5,0.0
116,Hong Kong,8.0,128.5,0.88
116,Ireland,6.0,144.67,0.33
116,Japan,1.0,116.0,0.0
116,Jersey,1.0,127.0,0.0
116,Kenya,1.0,136.0,0.0
116,Kuwait,5.0,158.2,0.8
116,Malaysia,3.0,142.33,0.67
116,Maldives,2.0,117.5,1.0
116,Namibia,9.0,112.89,0.33
116,Nepal,9.0,106.11,0.22
116,Netherlands,7.0,133.86,0.43
116,Nigeria,1.0,72.0,1.0
116,Papua New Guinea,4.0,135.25,0.75
116,Philippines,1.0,40.0,1.0
116,Qatar,3.0,116.33,0.67
116,Saudi Arabia,4.0,151.75,0.75
116,Scotland,6.0,138.83,0.0
116,Singapore,3.0,152.67,0.33
116,United Arab Emirates,12.0,115.0,0.33
116,United States of America,3.0,151.33,0.0
117,Australia,45.0,122.0,0.27
117,Bangladesh,37.0,136.84,0.76
117,Barbados,1.0,129.0,0.0
117,Canada,1.0,107.0,1.0
117,China,1.0,41.0,1.0
117,England,48.0,133.12,0.21
117,Hong Kong,2.0,176.5,1.0
117,ICC World XI,3.0,184.67,0.67
117,India,27.0,121.67,0.22
117,Ireland,18.0,138.78,0.67
117,Kenya,1.0,93.0,1.0
117,Malaysia,2.0,119.0,1.0
117,Namibia,1.0,189.0,1.0
117,Nepal,1.0,110.0,1.0
117,Netherlands,3.0,114.0,1.0
117,New Zealand,57.0,145.19,0.46
117,Scotland,4.0,182.5,1.0
117,South Africa,43.0,142.33,0.53
117,Sri Lanka,38.0,130.79,0.58
117,Thailand,4.0,107.0,0.75
117,United Arab Emirates,6.0,151.17,1.0
117,West Indies,37.0,133.0,0.54
117,Zimbabwe,20.0,148.45,0.85
118,Ace Capital Cricket Club,1.0,102.0,1.0
118,Badureliya Sports Club,1.0,149.0,1.0
118,Bloomfield Cricket and Athletic Club,1.0,125.0,0.0
118,Colombo Cricket Club,2.0,149.0,0.5
118,Colts Cricket Club,2.0,147.5,1.0
118,Kandy Customs Cricket Club,1.0,102.0,1.0
118,Kurunegala Youth Cricket Club,2.0,121.5,0.5
118,Moors Sports Club,1.0,130.0,0.0
118,Nondescripts Cricket Club,2.0,161.5,0.5
119,Argentina,2.0,115.5,0.5
119,Bahamas,3.0,109.33,0.33
119,Belize,3.0,120.67,0.33
119,Bermuda,4.0,93.0,0.0
119,Brazil,1.0,122.0,0.0
119,Canada,4.0,46.5,0.0
119,Cayman Islands,3.0,84.0,0.0
119,Costa Rica,1.0,92.0,1.0
119,Mexico,2.0,113.0,1.0
119,Suriname,1.0,93.0,1.0
119,Turks and Caicos Island,1.0,145.0,1.0
119,United States of America,2.0,79.5,0.0
120,Bangladesh,4.0,73.0,0.0
120,Bermuda,2.0,129.0,1.0
120,China,1.0,94.0,1.0
120,Cook Islands,1.0,167.0,1.0
120,Fiji,4.0,76.25,1.0
120,Hong Kong,4.0,126.75,0.5
120,Indonesia,3.0,115.67,1.0
120,Ireland,5.0,100.0,0.4
120,Japan,5.0,103.2,1.0
120,Jersey,1.0,145.0,1.0
120,Kenya,2.0,147.5,1.0
120,Malaysia,6.0,144.17,0.67
120,Namibia,4.0,154.75,0.5
120,Nepal,7.0,139.29,0.29
120,Netherlands,5.0,120.2,0.6
120,New Zealand,1.0,78.0,0.0
120,Oman,4.0,135.0,0.25
120,Philippines,4.0,218.5,0.75
120,Samoa,7.0,106.86,0.86
120,Scotland,9.0,128.56,0.22
120,Singapore,3.0,178.67,0.67
120,Thailand,2.0,69.0,0.5
120,Uganda,2.0,119.0,0.5
120,United Arab Emirates,5.0,122.4,0.4
120,United States of America,4.0,109.0,0.75
120,Vanuatu,13.0,115.31,0.92
120,West Indies,1.0,136.0,0.0
120,Zimbabwe,6.0,99.17,0.0
121,Islamabad United,26.0,164.81,0.5
121,Karachi Kings,22.0,168.18,0.64
121,Lahore Qalandars,22.0,143.68,0.5
121,Multan Sultans,18.0,166.67,0.39
121,Quetta Gladiators,26.0,162.04,0.5
122,Bahrain,1.0,100.0,0.0
122,Canada,1.0,98.0,0.0
122,China,2.0,67.0,0.0
122,Cook Islands,2.0,101.5,0.5
122,Germany,1.0,109.0,0.0
122,Indonesia,16.0,122.19,0.56
122,Japan,8.0,94.12,0.12
122,Mongolia,2.0,129.0,1.0
122,Nepal,1.0,82.0,0.0
122,Oman,1.0,36.0,0.0
122,Papua New Guinea,4.0,69.75,0.0
122,Singapore,3.0,109.0,0.33
122,South Korea,8.0,156.25,0.88
122,Vanuatu,4.0,82.75,0.5
123,Bloomfield Cricket and Athletic Club,1.0,145.0,0.0
123,Burgher Recreation Club,1.0,94.0,0.0
123,Chilaw Marians Cricket Club,1.0,138.0,0.0
123,Colombo Cricket Club,1.0,129.0,0.0
123,Colts Cricket Club,1.0,107.0,0.0
123,Nondescripts Cricket Club,1.0,62.0,0.0
123,Nugegoda Sports Welfare Club,2.0,109.0,1.0
123,Tamil Union Cricket and Athletic Club,1.0,101.0,0.0
124,Austria,1.0,125.0,0.0
124,Belgium,4.0,128.75,0.75
124,Cyprus,1.0,115.0,1.0
124,Denmark,2.0,95.5,0.0
124,France,1.0,112.0,0.0
124,Gibraltar,8.0,154.25,1.0
124,Hungary,1.0,147.0,1.0
124,Isle of Man,1.0,174.0,1.0
124,Israel,1.0,118.0,0.0
124,Malta,6.0,148.33,1.0
124,Norway,6.0,135.67,0.67
124,Romania,1.0,142.0,0.0
124,Spain,3.0,92.67,0.0
125,Bahrain,13.0,124.46,0.69
125,Bhutan,2.0,88.0,0.5
125,Cambodia,1.0,170.0,1.0
125,Hong Kong,7.0,140.14,0.14
125,Indonesia,1.0,67.0,0.0
125,Kenya,2.0,99.0,0.5
125,Kuwait,9.0,136.0,0.33
125,Malaysia,6.0,101.67,0.33
125,Maldives,4.0,157.25,1.0
125,Nepal,7.0,96.71,0.14
125,Oman,3.0,104.33,0.33
125,Saudi Arabia,11.0,152.27,0.55
125,Singapore,5.0,128.0,0.8
125,Tanzania,2.0,103.0,0.0
125,Thailand,1.0,123.0,1.0
125,Uganda,1.0,108.0,1.0
125,United Arab Emirates,10.0,100.2,0.0
126,Islamabad United,22.0,165.41,0.55
126,Karachi Kings,20.0,152.05,0.65
126,Lahore Qalandars,20.0,156.65,0.45
126,Multan Sultans,15.0,144.73,0.4
126,Peshawar Zalmi,25.0,160.64,0.48
127,Nondescripts Cricket Club,1.0,107.0,0.0
128,Austria,2.0,149.0,0.5
128,Bulgaria,7.0,124.14,0.86
128,Cyprus,1.0,134.0,0.0
128,Czech Republic,6.0,177.17,0.67
128,France,1.0,103.0,0.0
128,Gibraltar,2.0,155.0,0.5
128,Greece,2.0,114.0,0.5
128,Hungary,5.0,142.2,0.8
128,Isle of Man,2.0,80.5,0.0
128,Israel,1.0,149.0,1.0
128,Italy,1.0,84.0,0.0
128,Luxembourg,4.0,161.75,0.75
128,Malta,11.0,157.55,0.55
128,Portugal,1.0,146.0,1.0
128,Serbia,3.0,146.67,1.0
128,Sweden,1.0,104.0,0.0
128,Switzerland,1.0,134.0,0.0
128,Turkey,1.0,147.0,1.0
129,Botswana,12.0,107.67,0.92
129,Brazil,2.0,110.0,1.0
129,Cameroon,3.0,102.67,1.0
129,Ghana,10.0,107.8,0.5
129,Kenya,26.0,107.0,0.38
129,Lesotho,4.0,84.25,0.75
129,Malawi,12.0,112.58,0.67
129,Mali,2.0,21.0,1.0
129,Mozambique,5.0,72.4,0.8
129,Namibia,3.0,65.0,0.0
129,Nigeria,14.0,97.71,0.43
129,Seychelles,2.0,134.0,1.0
129,Sierra Leone,6.0,128.5,0.83
129,St Helena,1.0,130.0,1.0
129,Swaziland,1.0,79.0,1.0
129,Tanzania,18.0,105.22,0.06
129,Uganda,28.0,87.57,0.04
129,Zimbabwe,4.0,78.75,0.0
130,Cook Islands,4.0,151.0,0.25
130,Fiji,8.0,119.25,0.38
130,France,1.0,33.0,1.0
130,Indonesia,1.0,52.0,0.0
130,Japan,4.0,72.0,0.5
130,Papua New Guinea,7.0,82.71,0.14
130,Vanuatu,14.0,95.21,0.5
131,Bahrain,9.0,123.56,0.33
131,Bhutan,3.0,161.33,1.0
131,Cambodia,2.0,157.5,1.0
131,Canada,2.0,127.0,0.0
131,Hong Kong,1.0,202.0,1.0
131,Indonesia,1.0,185.0,1.0
131,Japan,1.0,98.0,1.0
131,Kenya,1.0,123.0,1.0
131,Kuwait,8.0,126.0,0.25
131,Malaysia,5.0,154.0,0.4
131,Maldives,4.0,129.75,1.0
131,Nepal,1.0,73.0,0.0
131,Oman,4.0,104.5,0.25
131,Qatar,11.0,128.36,0.27
131,Singapore,3.0,146.33,1.0
131,Thailand,5.0,137.0,1.0
131,United Arab Emirates,5.0,118.6,0.2
132,Australia,4.0,152.25,0.0
132,Austria,1.0,232.0,1.0
132,Bangladesh,6.0,87.0,0.17
132,Bermuda,3.0,145.0,0.67
132,Canada,2.0,137.5,1.0
132,Denmark,2.0,182.0,1.0
132,England,2.0,99.5,0.0
132,France,3.0,112.67,1.0
132,Germany,3.0,146.33,1.0
132,Hong Kong,5.0,122.2,0.8
132,India,1.0,85.0,0.0
132,Ireland,26.0,129.46,0.31
132,Italy,4.0,181.5,0.75
132,Jersey,2.0,141.0,0.5
132,Kenya,4.0,118.25,0.75
132,Malaysia,1.0,148.0,1.0
132,Namibia,5.0,121.2,0.4
132,Nepal,3.0,142.67,0.67
132,Netherlands,30.0,133.2,0.57
132,New Zealand,4.0,138.5,0.0
132,Oman,6.0,144.33,1.0
132,Pakistan,4.0,118.75,0.0
132,Papua New Guinea,9.0,142.44,0.78
132,Singapore,1.0,166.0,0.0
132,South Africa,2.0,83.5,0.0
132,Sri Lanka,3.0,89.33,0.0
132,Thailand,6.0,94.83,0.83
132,Uganda,2.0,104.0,1.0
132,United Arab Emirates,7.0,140.14,0.71
132,United States of America,3.0,113.0,1.0
132,West Indies,2.0,129.5,0.5
132,Zimbabwe,6.0,134.33,0.17
133,Belgium,1.0,102.0,0.0
133,Bulgaria,13.0,151.62,0.62
133,Croatia,3.0,80.67,0.33
133,Cyprus,3.0,92.33,0.33
133,Gibraltar,4.0,100.0,0.0
133,Greece,3.0,103.33,0.0
133,Isle of Man,1.0,97.0,0.0
133,Jersey,1.0,68.0,0.0
133,Romania,3.0,105.67,0.0
133,Slovenia,2.0,213.0,1.0
133,Switzerland,1.0,106.0,0.0
133,Turkey,3.0,122.0,0.67
134,Ghana,1.0,95.0,0.0
134,Kenya,3.0,84.67,0.0
134,Lesotho,1.0,132.0,1.0
134,Malawi,2.0,81.5,0.0
134,Mali,1.0,162.0,0.0
134,Mozambique,1.0,98.0,0.0
134,Rwanda,2.0,60.0,0.0
134,Swaziland,1.0,130.0,1.0
134,Uganda,1.0,69.0,0.0
134,Zimbabwe,1.0,18.0,0.0
135,Abu Dhabi Knight Riders,4.0,112.5,0.5
135,Desert Vipers,4.0,141.5,0.25
135,Dubai Capitals,3.0,152.67,1.0
135,Gulf Giants,4.0,133.25,0.25
135,MI Emirates,4.0,126.0,0.0
136,Abu Dhabi Knight Riders,2.0,145.5,0.5
136,Desert Vipers,3.0,134.67,0.0
136,Dubai Capitals,2.0,168.5,1.0
136,Gulf Giants,2.0,173.0,0.5
136,MI Emirates,3.0,167.0,0.67
137,Botswana,8.0,96.88,0.62
137,Brazil,1.0,85.0,0.0
137,Cameroon,6.0,85.83,0.83
137,Eswatini,6.0,129.5,1.0
137,Gambia,2.0,83.5,1.0
137,Ghana,5.0,89.0,0.4
137,Ivory Coast,1.0,189.0,1.0
137,Malawi,3.0,108.67,1.0
137,Mozambique,5.0,75.6,1.0
137,Namibia,4.0,78.25,0.0
137,Nigeria,16.0,81.06,0.06
137,Rwanda,6.0,97.17,0.17
137,St Helena,1.0,141.0,1.0
137,Tanzania,3.0,67.67,0.0
137,Uganda,3.0,57.0,0.0
138,Bahrain,5.0,139.4,0.0
138,Bermuda,1.0,152.0,1.0
138,Bhutan,3.0,107.33,0.67
138,Cambodia,8.0,98.38,0.88
138,China,1.0,30.0,1.0
138,Hong Kong,6.0,138.17,0.17
138,Indonesia,6.0,42.33,0.0
138,Japan,7.0,108.57,0.29
138,Jersey,1.0,140.0,0.0
138,Kenya,1.0,157.0,0.0
138,Kuwait,6.0,97.17,0.17
138,Malaysia,26.0,117.31,0.19
138,Maldives,2.0,176.0,1.0
138,Mongolia,1.0,13.0,1.0
138,Myanmar,9.0,72.11,0.22
138,Namibia,1.0,104.0,0.0
138,Nepal,4.0,142.0,0.25
138,Netherlands,1.0,101.0,0.0
138,Oman,3.0,153.33,0.67
138,Papua New Guinea,3.0,169.33,0.33
138,Philippines,3.0,111.67,0.67
138,Qatar,5.0,133.2,0.2
138,Saudi Arabia,3.0,110.67,0.0
138,Scotland,1.0,168.0,1.0
138,Thailand,6.0,108.33,0.67
138,United Arab Emirates,2.0,71.0,0.0
138,United States of America,1.0,69.0,0.0
138,Zimbabwe,3.0,157.67,0.33
139,Ace Capital Cricket Club,1.0,132.0,0.0
139,Tamil Union Cricket and Athletic Club,1.0,98.0,1.0
140,Austria,4.0,80.0,0.0
140,Bulgaria,1.0,140.0,0.0
140,Gibraltar,1.0,137.0,1.0
140,Guernsey,1.0,55.0,0.0
140,Hungary,3.0,133.67,0.0
140,Luxembourg,1.0,124.0,0.0
140,Norway,1.0,49.0,0.0
140,Serbia,2.0,200.5,0.0
140,Sweden,1.0,101.0,0.0
141,Birmingham Bears,2.0,155.5,0.5
141,Derbyshire,1.0,265.0,1.0
141,Essex,16.0,171.81,0.75
141,Glamorgan,20.0,164.05,0.65
141,Gloucestershire,22.0,167.36,0.5
141,Hampshire,25.0,163.8,0.72
141,Kent,23.0,166.48,0.35
141,Lancashire,2.0,183.5,1.0
141,Middlesex,16.0,168.44,0.69
141,Northamptonshire,3.0,174.33,0.67
141,Nottinghamshire,3.0,172.67,0.67
141,Surrey,23.0,161.39,0.48
141,Sussex,10.0,162.5,0.6
141,Worcestershire,2.0,197.0,0.5
142,Australia,36.0,142.69,0.31
142,Bangladesh,18.0,133.06,0.94
142,England,48.0,148.33,0.35
142,Ghana,1.0,237.0,1.0
142,India,47.0,147.02,0.38
142,Ireland,13.0,157.92,0.85
142,Namibia,1.0,29.0,0.0
142,Nepal,1.0,115.0,1.0
142,Netherlands,3.0,132.0,0.67
142,New Zealand,32.0,144.5,0.47
142,Pakistan,43.0,138.88,0.47
142,Scotland,2.0,188.5,1.0
142,Sri Lanka,35.0,122.77,0.63
142,Tanzania,1.0,67.0,1.0
142,Thailand,1.0,195.0,1.0
142,Uganda,1.0,122.0,1.0
142,United States of America,1.0,194.0,1.0
142,West Indies,45.0,142.84,0.47
142,Zimbabwe,10.0,120.4,0.7
143,China,4.0,62.75,0.5
143,Hong Kong,2.0,66.5,0.0
143,Indonesia,9.0,99.78,0.22
143,Japan,7.0,103.86,0.14
143,Malaysia,1.0,71.0,0.0
143,Philippines,8.0,117.88,0.12
143,Sri Lanka,1.0,55.0,0.0
144,Belgium,1.0,145.0,0.0
144,Croatia,5.0,133.4,1.0
144,Cyprus,1.0,152.0,1.0
144,Czech Republic,1.0,179.0,1.0
144,Denmark,1.0,113.0,0.0
144,Finland,2.0,131.5,0.5
144,Germany,8.0,120.75,0.5
144,Gibraltar,2.0,97.5,1.0
144,Greece,5.0,93.6,1.0
144,Guernsey,2.0,93.5,0.5
144,Isle of Man,6.0,96.0,0.83
144,Israel,2.0,99.5,1.0
144,Italy,4.0,124.75,0.25
144,Jersey,4.0,132.0,0.5
144,Norway,3.0,123.0,1.0
144,Portugal,3.0,103.33,1.0
144,Sweden,2.0,107.5,0.5
145,Australia,35.0,131.57,0.29
145,Bangladesh,33.0,141.52,0.64
145,China,1.0,66.0,1.0
145,England,22.0,128.14,0.27
145,Hong Kong,2.0,151.0,1.0
145,India,48.0,132.0,0.25
145,Ireland,6.0,148.67,0.83
145,Japan,1.0,22.0,1.0
145,Kenya,2.0,174.5,1.0
145,Malaysia,4.0,150.0,1.0
145,Namibia,2.0,104.0,0.5
145,Netherlands,5.0,121.0,1.0
145,New Zealand,42.0,123.64,0.26
145,Pakistan,37.0,129.14,0.41
145,Scotland,3.0,148.67,1.0
145,South Africa,35.0,114.34,0.31
145,South Korea,1.0,172.0,1.0
145,Thailand,5.0,112.0,0.8
145,Uganda,1.0,154.0,1.0
145,United Arab Emirates,4.0,134.75,1.0
145,United States of America,1.0,123.0,1.0
145,West Indies,31.0,133.97,0.42
145,Zimbabwe,8.0,151.25,0.75
146,Botswana,2.0,70.5,0.0
146,Eswatini,1.0,125.0,0.0
146,Ivory Coast,1.0,27.0,1.0
146,Lesotho,1.0,126.0,1.0
146,Malawi,2.0,86.5,0.5
146,Namibia,1.0,90.0,0.0
146,Nigeria,1.0,67.0,0.0
146,Rwanda,1.0,76.0,0.0
146,Sierra Leone,1.0,135.0,0.0
147,Argentina,1.0,123.0,0.0
147,Bahamas,1.0,71.0,0.0
147,Belize,1.0,99.0,1.0
147,Bermuda,1.0,69.0,0.0
147,Brazil,1.0,101.0,0.0
147,Cayman Islands,1.0,143.0,1.0
147,Mexico,1.0,48.0,0.0
147,Panama,1.0,83.0,0.0
148,Durham,1.0,164.0,1.0
148,Essex,19.0,167.16,0.42
148,Glamorgan,21.0,164.29,0.62
148,Gloucestershire,12.0,144.0,0.58
148,Hampshire,15.0,155.6,0.8
148,Kent,25.0,168.0,0.52
148,Lancashire,1.0,187.0,1.0
148,Middlesex,23.0,174.13,0.7
148,Nottinghamshire,1.0,127.0,0.0
148,Somerset,23.0,166.65,0.52
148,Sussex,19.0,169.79,0.63
148,Warwickshire,2.0,191.0,0.0
148,Worcestershire,1.0,144.0,1.0
148,Yorkshire,1.0,159.0,0.0
149,Durham,1.0,144.0,1.0
149,Essex,18.0,162.28,0.44
149,Glamorgan,21.0,158.19,0.52
149,Gloucestershire,23.0,162.3,0.52
149,Hampshire,21.0,167.1,0.48
149,Kent,21.0,162.52,0.52
149,Lancashire,2.0,106.5,0.5
149,Middlesex,17.0,155.76,0.82
149,Northamptonshire,1.0,165.0,0.0
149,Somerset,10.0,170.0,0.4
149,Surrey,21.0,150.33,0.19
149,Worcestershire,2.0,170.5,0.0
149,Yorkshire,1.0,178.0,1.0
150,Botswana,1.0,89.0,0.0
150,Ghana,1.0,74.0,0.0
150,Lesotho,1.0,105.0,0.0
150,Malawi,2.0,98.0,0.0
150,Namibia,1.0,72.0,0.0
150,Rwanda,1.0,77.0,0.0
150,Seychelles,1.0,128.0,0.0
150,Uganda,1.0,72.0,0.0
151,Austria,3.0,129.67,0.0
151,Croatia,1.0,70.0,1.0
151,Denmark,7.0,104.0,0.71
151,Finland,9.0,118.78,0.44
151,France,2.0,126.5,0.0
151,Germany,6.0,126.83,0.0
151,Gibraltar,1.0,103.0,1.0
151,Greece,1.0,150.0,1.0
151,Isle of Man,1.0,123.0,0.0
151,Israel,1.0,142.0,1.0
151,Italy,2.0,98.0,0.0
151,Jersey,2.0,74.5,0.5
151,Norway,7.0,127.86,0.29
151,Romania,1.0,106.0,1.0
151,Slovenia,1.0,105.0,1.0
151,Spain,2.0,92.5,0.5
151,Turkey,1.0,52.0,1.0
152,Austria,5.0,150.2,0.4
152,Belgium,5.0,125.8,0.8
152,Bulgaria,1.0,82.0,1.0
152,Croatia,1.0,106.0,1.0
152,Czech Republic,1.0,183.0,0.0
152,Estonia,5.0,175.8,1.0
152,France,2.0,154.5,1.0
152,Gibraltar,1.0,134.0,1.0
152,Jersey,1.0,52.0,0.0
152,Luxembourg,7.0,133.71,0.71
152,Malta,4.0,160.75,0.75
152,Norway,1.0,25.0,0.0
152,Romania,1.0,139.0,1.0
152,Serbia,1.0,146.0,1.0
153,Bloomfield Cricket and Athletic Club,1.0,120.0,1.0
153,Burgher Recreation Club,1.0,64.0,0.0
153,Chilaw Marians Cricket Club,1.0,150.0,1.0
153,Colts Cricket Club,1.0,165.0,0.0
153,Negombo Cricket Club,1.0,147.0,1.0
153,Nondescripts Cricket Club,1.0,167.0,0.0
153,Nugegoda Sports Welfare Club,1.0,139.0,0.0
153,Police Sports Club,1.0,108.0,1.0
153,Sinhalese Sports Club,1.0,97.0,0.0
154,Bahrain,4.0,135.5,0.5
154,Botswana,5.0,114.0,1.0
154,Brazil,1.0,76.0,1.0
154,Cameroon,4.0,167.0,1.0
154,Eswatini,2.0,232.5,1.0
154,Gambia,1.0,61.0,1.0
154,Germany,2.0,140.5,0.5
154,Ghana,2.0,105.0,1.0
154,Hong Kong,2.0,95.0,0.0
154,Japan,1.0,139.0,1.0
154,Kenya,11.0,123.09,0.45
154,Kuwait,1.0,97.0,0.0
154,Malawi,3.0,136.67,1.0
154,Malaysia,1.0,83.0,0.0
154,Mali,1.0,19.0,1.0
154,Mozambique,3.0,184.0,1.0
154,Namibia,6.0,91.0,0.17
154,Nepal,1.0,115.0,1.0
154,Nigeria,8.0,93.12,0.5
154,Qatar,2.0,165.0,1.0
154,Rwanda,18.0,137.44,0.94
154,Sierra Leone,3.0,101.0,1.0
154,South Africa,1.0,66.0,0.0
154,Uganda,24.0,119.12,0.33
154,Vanuatu,1.0,119.0,0.0
154,Zimbabwe,5.0,83.6,0.0
155,Bahrain,1.0,103.0,1.0
155,Bangladesh,6.0,72.0,0.0
155,Bhutan,7.0,98.29,0.71
155,Cambodia,1.0,178.0,1.0
155,China,6.0,47.17,1.0
155,Cook Islands,2.0,100.0,0.5
155,England,1.0,78.0,0.0
155,Hong Kong,7.0,99.29,0.86
155,India,3.0,59.0,0.0
155,Indonesia,8.0,119.0,0.75
155,Ireland,5.0,76.8,0.6
155,Japan,3.0,92.67,0.33
155,Kuwait,4.0,83.75,1.0
155,Malaysia,13.0,88.62,0.38
155,Maldives,6.0,121.83,0.67
155,Myanmar,3.0,108.33,1.0
155,Namibia,3.0,88.67,1.0
155,Nepal,10.0,91.6,0.7
155,Netherlands,11.0,99.55,0.73
155,Pakistan,5.0,91.2,0.2
155,Papua New Guinea,2.0,69.0,0.5
155,Qatar,1.0,122.0,0.0
155,Saudi Arabia,5.0,114.0,0.0
155,Scotland,6.0,89.0,0.17
155,Singapore,6.0,108.0,0.33
155,South Africa,1.0,82.0,0.0
155,Sri Lanka,5.0,87.6,0.2
155,Uganda,2.0,88.5,1.0
155,United Arab Emirates,11.0,82.09,0.73
155,United States of America,1.0,56.0,1.0
155,West Indies,1.0,78.0,0.0
155,Zimbabwe,9.0,111.11,0.44
156,Boland,4.0,138.25,0.5
156,Cape Cobras,14.0,137.07,0.71
156,Dolphins,21.0,150.62,0.62
156,Impi,2.0,132.0,1.0
156,Knights,18.0,162.22,0.61
156,Lions,19.0,161.21,0.47
156,North West,3.0,157.0,1.0
156,Warriors,18.0,138.11,0.67
156,Western Province,3.0,144.67,1.0
157,Jamaica,1.0,55.0,0.0
157,Leeward Islands,1.0,108.0,1.0
157,Windward Islands,2.0,73.0,1.0
158,Bulgaria,4.0,200.0,0.5
158,Croatia,1.0,88.0,1.0
158,Cyprus,1.0,48.0,0.0
158,France,2.0,84.0,0.0
158,Gibraltar,2.0,171.0,0.0
158,Greece,2.0,123.5,1.0
158,Isle of Man,2.0,99.0,0.0
158,Italy,2.0,80.5,0.0
158,Jersey,1.0,52.0,0.0
158,Luxembourg,1.0,74.0,0.0
158,Romania,1.0,96.0,0.0
158,Serbia,3.0,119.33,0.33
158,Sweden,1.0,51.0,0.0
159,Costa Rica,2.0,100.5,0.5
159,Mexico,1.0,99.0,0.0
159,Panama,1.0,96.0,0.0
160,Bahrain,2.0,86.5,0.5
160,Bermuda,1.0,134.0,1.0
160,Botswana,8.0,142.62,1.0
160,Brazil,1.0,81.0,1.0
160,Cameroon,2.0,100.5,1.0
160,Canada,1.0,93.0,0.0
160,Germany,1.0,213.0,1.0
160,Ghana,4.0,155.5,1.0
160,Hong Kong,6.0,94.67,0.67
160,Ireland,2.0,88.5,0.0
160,Italy,1.0,151.0,1.0
160,Jersey,1.0,110.0,1.0
160,Kenya,26.0,130.31,0.73
160,Lesotho,1.0,27.0,1.0
160,Malawi,3.0,107.33,1.0
160,Mozambique,1.0,162.0,1.0
160,Namibia,27.0,102.26,0.41
160,Nepal,7.0,91.86,0.57
160,Netherlands,2.0,104.5,0.5
160,New Zealand,1.0,40.0,0.0
160,Nigeria,17.0,116.65,0.88
160,Papua New Guinea,2.0,119.0,0.5
160,Qatar,1.0,105.0,0.0
160,Rwanda,28.0,131.32,0.96
160,Scotland,2.0,47.5,0.0
160,Seychelles,1.0,164.0,1.0
160,Sierra Leone,3.0,87.67,1.0
160,South Africa,1.0,72.0,0.0
160,Sri Lanka,1.0,87.0,0.0
160,Swaziland,1.0,76.0,1.0
160,Tanzania,23.0,130.83,0.65
160,Thailand,2.0,70.5,0.0
160,United Arab Emirates,4.0,113.5,0.5
160,United States of America,1.0,111.0,1.0
160,West Indies,1.0,39.0,0.0
160,Zimbabwe,10.0,97.6,0.2
161,Australia,1.0,117.0,0.0
161,Bahrain,9.0,165.44,0.78
161,Bangladesh,7.0,135.0,0.29
161,Bhutan,3.0,116.0,1.0
161,Cambodia,2.0,106.5,1.0
161,Canada,3.0,149.67,1.0
161,China,3.0,96.67,1.0
161,Germany,1.0,191.0,1.0
161,Hong Kong,18.0,129.61,0.83
161,India,4.0,83.75,0.0
161,Indonesia,1.0,122.0,1.0
161,Ireland,14.0,133.14,0.5
161,Italy,1.0,91.0,0.0
161,Japan,1.0,68.0,1.0
161,Jersey,1.0,112.0,0.0
161,Kenya,2.0,103.0,0.5
161,Kuwait,11.0,154.64,0.91
161,Malaysia,10.0,90.5,1.0
161,Maldives,1.0,123.0,1.0
161,Namibia,16.0,114.44,0.62
161,Nepal,17.0,125.47,0.41
161,Netherlands,12.0,111.5,0.42
161,New Zealand,3.0,138.0,0.33
161,Nigeria,3.0,104.0,1.0
161,Oman,11.0,163.27,0.64
161,Pakistan,6.0,121.17,0.0
161,Papua New Guinea,5.0,124.0,0.6
161,Qatar,10.0,151.7,1.0
161,Saudi Arabia,5.0,122.6,0.8
161,Scotland,7.0,110.71,0.29
161,Singapore,2.0,96.5,1.0
161,Sri Lanka,4.0,94.0,0.0
161,Thailand,11.0,81.91,0.27
161,Uganda,4.0,122.75,0.5
161,United States of America,7.0,127.0,0.57
161,Vanuatu,1.0,133.0,1.0
161,Zimbabwe,7.0,116.86,0.43
162,Argentina,6.0,121.67,1.0
162,Bahamas,2.0,154.0,1.0
162,Bangladesh,5.0,110.6,0.4
162,Belize,3.0,135.67,1.0
162,Bermuda,6.0,128.67,0.67
162,Brazil,4.0,98.75,1.0
162,Canada,22.0,133.86,0.68
162,Cayman Islands,3.0,105.33,1.0
162,Denmark,1.0,145.0,1.0
162,England,1.0,115.0,0.0
162,Hong Kong,2.0,115.0,0.5
162,India,1.0,110.0,0.0
162,Ireland,5.0,132.2,0.2
162,Italy,1.0,160.0,0.0
162,Jersey,2.0,123.5,1.0
162,Namibia,4.0,129.5,0.75
162,Nepal,5.0,119.2,0.0
162,Netherlands,8.0,107.62,0.0
162,Oman,3.0,154.33,1.0
162,Panama,2.0,82.5,1.0
162,Papua New Guinea,4.0,102.25,0.25
162,Scotland,3.0,62.0,0.0
162,Singapore,1.0,201.0,1.0
162,South Africa,1.0,176.0,0.0
162,Sri Lanka,1.0,105.0,0.0
162,Thailand,1.0,54.0,0.0
162,Uganda,1.0,110.0,0.0
162,United Arab Emirates,7.0,143.86,0.29
162,West Indies,1.0,128.0,0.0
162,Zimbabwe,4.0,120.25,0.25
163,Bahrain,1.0,110.0,0.0
163,Cook Islands,6.0,128.33,0.5
163,Fiji,7.0,151.86,0.71
163,France,1.0,123.0,1.0
163,Indonesia,2.0,108.0,1.0
163,Ireland,1.0,88.0,0.0
163,Japan,8.0,97.12,0.75
163,Kuwait,2.0,104.0,0.0
163,Malaysia,6.0,145.33,0.5
163,Netherlands,1.0,54.0,0.0
163,Papua New Guinea,13.0,95.92,0.08
163,Philippines,4.0,96.75,0.5
163,Samoa,14.0,97.93,0.43
163,Tanzania,1.0,128.0,1.0
163,United Arab Emirates,1.0,63.0,0.0
163,Zimbabwe,1.0,62.0,1.0
164,Boland,3.0,160.33,0.33
164,Cape Cobras,14.0,145.93,0.36
164,Dolphins,14.0,149.0,0.57
164,Impi,1.0,182.0,1.0
164,Knights,16.0,141.06,0.44
164,KwaZulu-Natal Inland,1.0,125.0,1.0
164,Lions,20.0,141.9,0.45
164,North West,2.0,162.5,0.5
164,Titans,19.0,120.63,0.26
164,Western Province,2.0,156.5,0.5
165,Derbyshire,4.0,193.25,0.75
165,Durham,3.0,155.67,1.0
165,Essex,1.0,197.0,1.0
165,Glamorgan,1.0,175.0,1.0
165,Lancashire,8.0,143.62,0.62
165,Leicestershire,7.0,157.86,0.71
165,Northamptonshire,9.0,137.22,0.44
165,Nottinghamshire,9.0,157.11,0.44
165,Surrey,2.0,200.5,1.0
165,Worcestershire,8.0,158.88,0.5
165,Yorkshire,5.0,146.6,0.4
166,Australia,39.0,156.85,0.33
166,Bangladesh,24.0,143.5,0.67
166,England,63.0,135.49,0.35
166,ICC World XI,1.0,199.0,1.0
166,India,43.0,140.74,0.28
166,Ireland,15.0,138.87,0.73
166,New Zealand,35.0,124.49,0.23
166,Pakistan,40.0,122.2,0.38
166,Papua New Guinea,1.0,137.0,1.0
166,Scotland,2.0,109.5,0.5
166,South Africa,45.0,137.33,0.51
166,Sri Lanka,31.0,131.29,0.58
166,Thailand,1.0,80.0,1.0
166,Uganda,1.0,173.0,1.0
166,United States of America,1.0,130.0,1.0
166,Zimbabwe,4.0,130.25,0.75
167,Boland,3.0,138.67,0.33
167,Dolphins,4.0,117.75,0.25
167,Knights,3.0,136.33,0.67
167,Lions,3.0,138.33,0.67
167,North West,4.0,159.0,0.75
167,Titans,3.0,132.67,0.0
167,Warriors,2.0,156.0,0.5
168,Barbados,1.0,87.0,0.0
168,Guyana,2.0,86.0,0.0
168,Jamaica,1.0,66.0,0.0
168,Leeward Islands,1.0,57.0,1.0
168,Trinidad and Tobago,2.0,73.0,0.0
169,Birmingham Bears,15.0,169.07,0.4
169,Derbyshire,17.0,162.41,0.59
169,Durham,17.0,152.59,0.59
169,Essex,1.0,145.0,0.0
169,Glamorgan,1.0,190.0,0.0
169,Gloucestershire,3.0,154.33,0.33
169,Hampshire,2.0,79.0,0.0
169,Lancashire,20.0,159.95,0.35
169,Leicestershire,15.0,152.6,0.47
169,Northamptonshire,21.0,165.1,0.48
169,Nottinghamshire,21.0,164.9,0.52
169,Somerset,2.0,190.5,0.5
169,Surrey,1.0,141.0,0.0
169,Sussex,2.0,172.5,1.0
169,Warwickshire,8.0,158.0,0.5
169,Yorkshire,15.0,173.6,0.33
170,Birmingham Bears,14.0,166.79,0.29
170,Derbyshire,23.0,150.91,0.43
170,Durham,23.0,157.09,0.48
170,Glamorgan,1.0,180.0,1.0
170,Lancashire,21.0,172.14,0.33
170,Leicestershire,17.0,177.29,0.47
170,Northamptonshire,15.0,176.0,0.67
170,Nottinghamshire,16.0,170.81,0.38
170,Surrey,1.0,160.0,1.0
170,Sussex,1.0,177.0,0.0
170,Warwickshire,5.0,152.4,0.6
170,Worcestershire,15.0,179.4,0.67
171,Australia,3.0,139.67,0.33
171,Bangladesh,27.0,142.96,0.3
171,Botswana,1.0,162.0,1.0
171,China,1.0,89.0,1.0
171,England,1.0,138.0,0.0
171,Eswatini,1.0,18.0,1.0
171,Hong Kong,1.0,158.0,1.0
171,India,13.0,132.62,0.23
171,Ireland,29.0,129.34,0.28
171,Japan,1.0,59.0,1.0
171,Jersey,1.0,146.0,1.0
171,Kenya,5.0,165.2,1.0
171,Mozambique,2.0,127.5,1.0
171,Namibia,29.0,132.03,0.59
171,Nepal,2.0,146.5,1.0
171,Netherlands,8.0,118.25,0.38
171,New Zealand,8.0,136.0,0.0
171,Nigeria,5.0,81.2,1.0
171,Pakistan,20.0,132.5,0.15
171,Papua New Guinea,6.0,109.67,0.67
171,Rwanda,4.0,185.5,1.0
171,Scotland,6.0,137.5,0.83
171,Seychelles,1.0,286.0,1.0
171,Singapore,3.0,193.67,0.67
171,South Africa,10.0,118.5,0.0
171,Sri Lanka,8.0,122.75,0.25
171,Tanzania,5.0,103.8,1.0
171,Thailand,9.0,108.89,0.56
171,Uganda,10.0,109.7,0.8
171,United Arab Emirates,7.0,123.29,0.57
171,United States of America,4.0,138.75,0.75
171,Vanuatu,1.0,61.0,0.0
171,West Indies,4.0,118.5,0.25
