opposition,team_id
New Zealand,3
Australia,108
Australia,42
England,3
South Africa,108
New Zealand,142
Australia,142
South Africa,3
West Indies,108
New Zealand,166
Sri Lanka,42
England,145
England,117
Pakistan,42
South Africa,64
India,142
New Zealand,145
Sri Lanka,108
England,166
West Indies,42
Bangladesh,79
Kenya,8
Bangladesh,117
Pakistan,8
Pakistan,79
Kenya,117
South Africa,166
West Indies,142
New Zealand,79
Kenya,108
Scotland,117
Australia,171
Zimbabwe,3
Pakistan,132
West Indies,8
Bangladesh,166
Zimbabwe,42
England,171
India,117
Pakistan,64
Sri Lanka,79
Kenya,145
South Africa,8
Bangladesh,142
India,108
New Zealand,64
Australia,8
Bangladesh,3
England,142
South Africa,42
Pakistan,145
Sri Lanka,117
Sri Lanka,8
England,108
Pakistan,3
New Zealand,42
Australia,117
Bangladesh,145
England,64
India,42
Sri Lanka,3
Australia,145
Australia,64
India,3
Pakistan,108
New Zealand,117
West Indies,3
Australia,166
Scotland,12
Bermuda,132
Kenya,67
Ireland,79
Scotland,107
Netherlands,132
India,145
Sri Lanka,64
England,107
Netherlands,42
Scotland,108
India,8
New Zealand,132
Bangladesh,64
Scotland,142
South Africa,132
Bangladesh,67
Ireland,8
Netherlands,117
Pakistan,107
Ireland,64
West Indies,145
Sri Lanka,166
India,67
Ireland,108
New Zealand,67
West Indies,64
India,166
Sri Lanka,67
Ireland,145
Ireland,117
Pakistan,67
Pakistan,142
South Africa,117
Bangladesh,108
New Zealand,8
Canada,107
Netherlands,23
Canada,79
Kenya,23
Ireland,132
Scotland,67
Ireland,107
Netherlands,67
West Indies,171
Zimbabwe,166
Ireland,166
West Indies,67
Sri Lanka,171
Zimbabwe,145
Ireland,42
New Zealand,171
England,67
Zimbabwe,108
United States of America,2
Argentina,162
Bermuda,25
Bahamas,12
Bermuda,6
Cayman Islands,12
United States of America,23
Canada,162
United States of America,12
Bermuda,162
India,171
Zimbabwe,64
South Africa,171
Zimbabwe,142
Pakistan,166
West Indies,117
Pakistan,171
Zimbabwe,117
Warriors,24
Cape Cobras,164
Impi,89
Lions,63
Knights,24
Cape Cobras,80
Impi,39
Dolphins,63
Knights,156
Titans,80
Lions,164
Cape Cobras,63
Warriors,89
Impi,24
Lions,24
Titans,39
Dolphins,156
Cape Cobras,89
Lions,80
Titans,63
Knights,89
Impi,156
Warriors,63
Impi,164
Warriors,39
Dolphins,164
Lions,156
Titans,89
Titans,24
Cape Cobras,156
Knights,39
Dolphins,80
Impi,80
Knights,63
Knights,164
Warriors,80
Warriors,156
Titans,164
Ireland,23
Canada,67
Scotland,23
Canada,132
Netherlands,8
Bangladesh,107
Ireland,3
Australia,67
Sri Lanka,142
South Africa,145
Dolphins,24
Cape Cobras,39
Lions,39
Dolphins,89
Netherlands,79
Kenya,107
Zimbabwe,8
Bangladesh,171
Pakistan,155
Thailand,117
Sri Lanka,74
Japan,145
Zimbabwe,155
Thailand,171
Japan,23
Canada,74
Zimbabwe,74
Japan,171
Netherlands,145
Sri Lanka,107
Papua New Guinea,79
Italy,60
Denmark,106
Hong Kong,71
Nepal,36
United Arab Emirates,160
Ireland,104
Namibia,67
Kenya,120
Uganda,161
Denmark,12
United Arab Emirates,104
Bermuda,36
Uganda,60
Italy,162
Namibia,161
Kenya,106
Hong Kong,160
United States of America,71
Nepal,79
United States of America,104
Namibia,162
United Arab Emirates,67
Ireland,161
Uganda,71
Kenya,36
Italy,160
Scotland,106
Denmark,79
Nepal,132
Hong Kong,23
Canada,60
Denmark,107
Nepal,120
Kenya,132
Scotland,79
Uganda,23
Canada,160
United Arab Emirates,60
Papua New Guinea,106
Netherlands,36
Italy,104
Namibia,71
Hong Kong,161
Ireland,162
United States of America,67
Namibia,60
Netherlands,106
Nepal,107
Hong Kong,104
Bermuda,79
Kenya,12
Papua New Guinea,132
Scotland,120
Ireland,160
Hong Kong,162
United States of America,60
Uganda,67
United Arab Emirates,23
Canada,161
United Arab Emirates,71
Italy,161
Bermuda,106
Canada,104
Nepal,12
Namibia,23
Papua New Guinea,12
Bermuda,120
United Arab Emirates,162
United States of America,161
Ireland,60
Hong Kong,67
Scotland,36
Denmark,132
Canada,71
Italy,23
Uganda,12
Bermuda,160
United States of America,36
Denmark,162
Scotland,71
Netherlands,161
United Arab Emirates,107
Hong Kong,106
Italy,132
Nepal,60
Hong Kong,120
Papua New Guinea,60
Nepal,161
United Arab Emirates,106
South Africa,67
Ireland,142
Zimbabwe,67
Ireland,171
Bangladesh,106
Nepal,8
Zimbabwe,107
Netherlands,171
Hong Kong,8
Bangladesh,60
Zimbabwe,161
United Arab Emirates,171
Netherlands,142
South Africa,107
Netherlands,108
New Zealand,107
Yorkshire,112
Derbyshire,87
Lancashire,114
Nottinghamshire,85
Northamptonshire,170
Durham,169
Hampshire,53
Glamorgan,59
Leicestershire,37
Worcestershire,41
Sussex,98
Middlesex,149
Worcestershire,85
Essex,98
Middlesex,43
Lancashire,169
Surrey,141
Somerset,148
Northamptonshire,87
Leicestershire,112
Kent,141
Hampshire,149
Glamorgan,43
Derbyshire,85
Nottinghamshire,169
Essex,53
Gloucestershire,98
Middlesex,54
Worcestershire,114
Somerset,78
Lancashire,37
Sussex,59
Middlesex,59
Hampshire,98
Durham,85
Lancashire,41
Warwickshire,85
Yorkshire,37
Derbyshire,170
Sussex,53
Hampshire,43
Surrey,98
Essex,59
Middlesex,148
Gloucestershire,78
Northamptonshire,169
Kent,54
Nottinghamshire,41
Durham,114
Glamorgan,149
Worcestershire,112
Lancashire,165
Warwickshire,87
Leicestershire,165
Hampshire,78
Kent,59
Middlesex,78
Somerset,53
Derbyshire,114
Kent,98
Gloucestershire,149
Lancashire,170
Nottinghamshire,37
Glamorgan,141
Yorkshire,85
Essex,148
Surrey,43
Sussex,54
Leicestershire,169
Worcestershire,87
Essex,78
Kent,43
Glamorgan,78
Warwickshire,114
Hampshire,141
Somerset,59
Kent,53
Gloucestershire,43
Nottinghamshire,165
Surrey,149
Sussex,148
Leicestershire,85
Lancashire,87
Derbyshire,169
Worcestershire,37
Essex,54
Sussex,141
Somerset,149
Somerset,98
Middlesex,141
Leicestershire,114
Northamptonshire,165
Warwickshire,112
Nottinghamshire,87
Glamorgan,148
Surrey,53
Worcestershire,165
Warwickshire,169
Northamptonshire,85
Leicestershire,41
Kent,149
Sussex,78
Gloucestershire,59
Hampshire,54
Durham,87
Lancashire,112
Warwickshire,37
Hampshire,148
Surrey,59
Derbyshire,165
Somerset,43
Essex,141
Yorkshire,114
Nottinghamshire,170
Derbyshire,41
Durham,37
Leicestershire,170
Yorkshire,87
Yorkshire,41
Kent,148
Surrey,78
Durham,170
Glamorgan,98
Middlesex,53
Northamptonshire,37
Gloucestershire,141
Somerset,54
Derbyshire,112
Yorkshire,165
Warwickshire,170
Gloucestershire,148
Surrey,54
Nottinghamshire,112
Northamptonshire,114
Durham,112
Glamorgan,54
Northamptonshire,41
Sussex,43
Essex,149
Gloucestershire,53
Lancashire,53
Glamorgan,85
Surrey,169
Essex,165
Worcestershire,148
Warwickshire,43
Hampshire,114
Nottinghamshire,59
Warwickshire,148
Surrey,165
Hampshire,85
Lancashire,59
Thailand,93
Malaysia,155
Nepal,155
Thailand,106
Malaysia,106
Nepal,93
South Korea,60
Hong Kong,143
China,74
Japan,28
Hong Kong,145
Sri Lanka,60
China,117
Pakistan,28
China,145
Sri Lanka,28
Kuwait,106
Nepal,82
South Korea,93
Malaysia,143
China,93
Malaysia,28
Nepal,94
Maldives,106
South Korea,28
China,143
Hong Kong,93
Malaysia,60
South Korea,145
Sri Lanka,143
Maldives,93
Malaysia,94
Saudi Arabia,82
Kuwait,131
Malaysia,116
Oman,93
Oman,138
Kuwait,94
Maldives,82
Singapore,116
Malaysia,131
Saudi Arabia,93
Saudi Arabia,138
Maldives,116
Oman,94
Singapore,131
Kuwait,116
Singapore,93
Oman,82
Malaysia,138
Durham,165
Warwickshire,41
United Arab Emirates,132
Scotland,161
United States of America,106
Nepal,162
Kenya,116
Jersey,60
Hong Kong,75
Oman,79
Jersey,120
Papua New Guinea,75
Ireland,106
Nepal,67
Netherlands,116
Yorkshire,169
Oman,107
Worcestershire,170
Papua New Guinea,67
Ireland,120
United States of America,75
United Arab Emirates,79
Kenya,161
Jersey,162
Namibia,75
Jersey,104
Jersey,106
Namibia,120
Scotland,116
Oman,132
Nepal,75
Papua New Guinea,104
Ireland,75
Papua New Guinea,162
Jersey,67
United States of America,120
Namibia,107
Netherlands,104
Namibia,116
Oman,104
Scotland,60
Hong Kong,132
Northamptonshire,149
Sussex,112
Worcestershire,59
Hampshire,169
Lancashire,78
Kent,85
Hong Kong,116
Oman,60
Oman,161
United Arab Emirates,116
China,171
Zimbabwe,28
Bangladesh,155
Thailand,8
Thailand,120
Papua New Guinea,155
Bangladesh,120
Scotland,155
China,107
Netherlands,28
Papua New Guinea,8
Thailand,132
Papua New Guinea,107
Netherlands,120
China,120
Papua New Guinea,28
Netherlands,155
Zimbabwe,132
Scotland,171
Thailand,107
Islamabad United,126
Quetta Gladiators,68
Peshawar Zalmi,68
Islamabad United,121
Karachi Kings,84
Lahore Qalandars,77
Lahore Qalandars,121
Peshawar Zalmi,84
Karachi Kings,126
Quetta Gladiators,77
Peshawar Zalmi,126
Quetta Gladiators,121
Islamabad United,77
Karachi Kings,68
Lahore Qalandars,126
Quetta Gladiators,84
Lahore Qalandars,68
Islamabad United,84
Peshawar Zalmi,77
Karachi Kings,121
United Arab Emirates,145
Sri Lanka,161
United Arab Emirates,8
Bangladesh,161
United Arab Emirates,117
Pakistan,161
India,161
United Arab Emirates,64
Zimbabwe,60
Hong Kong,171
Oman,67
Ireland,116
Bangladesh,116
Oman,8
England,8
Bangladesh,42
Essex,114
Nottinghamshire,43
Middlesex,112
Northamptonshire,98
Gloucestershire,41
Durham,54
Glamorgan,170
Yorkshire,53
Isle of Man,52
Israel,144
Gibraltar,69
Spain,70
Israel,52
Gibraltar,70
Isle of Man,50
Germany,69
Kenya,131
Qatar,160
Uganda,125
Saudi Arabia,79
Uganda,79
Kenya,160
Qatar,131
Saudi Arabia,125
Qatar,79
Kenya,125
Hong Kong,107
Netherlands,60
United Arab Emirates,120
Papua New Guinea,161
Japan,130
Papua New Guinea,163
Vanuatu,120
Samoa,74
Japan,163
Vanuatu,74
Japan,120
Papua New Guinea,74
Samoa,163
Vanuatu,130
Samoa,120
Papua New Guinea,130
Netherlands,162
United States of America,107
Derbyshire,59
Hampshire,37
Leicestershire,53
Glamorgan,87
Somerset,114
Nottinghamshire,141
Warwickshire,53
Glamorgan,165
Tanzania,79
Kenya,154
Uganda,104
Namibia,160
Zimbabwe,104
Tanzania,160
Uganda,154
Namibia,171
ICC World XI,117
Tanzania,104
Kenya,171
Pakistan,62
Namibia,154
Zimbabwe,79
Namibia,79
Kenya,104
Uganda,171
Zimbabwe,160
China,161
United Arab Emirates,28
United Arab Emirates,155
Thailand,161
Hong Kong,28
China,60
China,155
Thailand,28
China,106
Nepal,28
United Arab Emirates,93
Malaysia,161
Hong Kong,155
Thailand,60
Peshawar Zalmi,102
Multan Sultans,121
Multan Sultans,84
Lahore Qalandars,102
Multan Sultans,68
Islamabad United,102
Multan Sultans,126
Quetta Gladiators,102
Karachi Kings,102
Multan Sultans,77
Sierra Leone,109
Nigeria,137
Sierra Leone,51
Ghana,137
Gambia,51
Ghana,49
Qatar,161
United Arab Emirates,125
Saudi Arabia,7
Bahrain,131
United Arab Emirates,131
Kuwait,125
Maldives,7
Gambia,137
Saudi Arabia,161
Bahrain,94
Sierra Leone,49
Qatar,82
United Arab Emirates,7
Bahrain,161
Maldives,125
Qatar,94
Bahrain,82
Kuwait,7
Maldives,161
United Arab Emirates,94
United Arab Emirates,82
Saudi Arabia,94
Qatar,7
Bahrain,125
Kuwait,161
Maldives,131
West Indies,62
ICC World XI,166
India,93
Malaysia,64
Sri Lanka,93
Malaysia,145
India,155
Thailand,64
Malaysia,117
Pakistan,93
Bangladesh,93
Malaysia,8
Sri Lanka,155
Thailand,145
Nottinghamshire,14
Birmingham Bears,114
Worcestershire,14
Birmingham Bears,169
Rwanda,154
Ireland,155
Scotland,160
Thailand,67
Uganda,132
Tanzania,129
Rwanda,79
Birmingham Bears,170
Kenya,129
Yorkshire,14
Rwanda,160
Uganda,129
Netherlands,160
Scotland,8
Uganda,107
Bangladesh,132
Leicestershire,14
Birmingham Bears,87
Thailand,160
Uganda,155
Birmingham Bears,41
Durham,14
Northamptonshire,14
Birmingham Bears,112
Derbyshire,14
Birmingham Bears,37
Birmingham Bears,85
Lancashire,14
Malawi,104
Lesotho,17
Namibia,92
Botswana,88
Namibia,137
Mozambique,17
Botswana,101
Mozambique,88
Lesotho,101
Sierra Leone,104
Sierra Leone,92
Mozambique,104
Malawi,137
Sierra Leone,17
Botswana,137
Namibia,101
Namibia,17
Sussex,41
Durham,149
Botswana,104
Vanuatu,46
Lesotho,92
Fiji,163
Worcestershire,54
Gloucestershire,169
Fiji,120
Papua New Guinea,46
Malawi,88
Samoa,46
Fiji,130
Cyprus,50
Germany,34
Belgium,69
Gibraltar,56
Denmark,50
Isle of Man,47
Spain,71
Guernsey,52
Germany,36
Finland,69
Isle of Man,10
Italy,144
Guernsey,70
France,50
Germany,48
Jersey,144
Israel,56
Spain,75
France,124
Italy,47
Isle of Man,75
Sweden,70
Jersey,69
Israel,151
Portugal,48
Finland,71
Norway,151
Italy,75
Jersey,71
Sweden,113
Italy,10
Portugal,36
Finland,144
Denmark,124
Belgium,71
Norway,56
Czech Republic,70
Guernsey,113
Israel,35
Spain,47
Germany,4
Jersey,47
Portugal,34
France,36
Denmark,48
Cyprus,124
Israel,113
Norway,70
Finland,75
Austria,50
South Korea,74
Japan,143
Sussex,169
Worcestershire,149
Belize,23
Canada,11
United States of America,119
Panama,162
Panama,23
Canada,119
United States of America,11
Belize,162
Panama,11
Belize,119
Myanmar,106
Nepal,103
Bhutan,28
China,13
Myanmar,138
Singapore,103
Singapore,28
China,138
Myanmar,93
Thailand,138
Nepal,13
Malaysia,103
Singapore,155
Bhutan,106
Myanmar,155
Singapore,13
Bhutan,138
Thailand,103
Singapore,106
Nepal,138
United Arab Emirates,3
Australia,161
Swaziland,104
Namibia,150
Lesotho,150
Swaziland,88
Malawi,146
St Helena,92
Malawi,17
Botswana,92
Malawi,150
Botswana,146
St Helena,17
Swaziland,92
Namibia,88
Swaziland,17
Botswana,150
Lesotho,104
Malawi,101
Mozambique,92
St Helena,104
Namibia,146
Japan,65
Philippines,143
Indonesia,74
South Korea,122
Japan,122
Philippines,74
Indonesia,122
Philippines,65
South Korea,65
Indonesia,143
Malaysia,82
Kuwait,93
Kuwait,28
China,82
Kuwait,155
Thailand,82
Kuwait,60
Hong Kong,82
Papua New Guinea,122
Philippines,120
Philippines,163
Vanuatu,122
Jamaica,9
Barbados,73
Trinidad and Tobago,168
Windward Islands,157
Windward Islands,58
Guyana,168
Barbados,58
Guyana,9
Uganda,137
Sierra Leone,160
Mozambique,171
Zimbabwe,101
Nigeria,101
Mozambique,109
Indonesia,120
Tanzania,171
Zimbabwe,154
Papua New Guinea,65
Mozambique,129
Rwanda,101
Fiji,74
Zimbabwe,129
Rwanda,171
Japan,46
Indonesia,46
Fiji,65
Nigeria,171
Zimbabwe,109
Uganda,17
Namibia,51
Ghana,104
Botswana,160
Nigeria,17
Ghana,79
Kenya,51
Botswana,109
Ghana,109
Nigeria,51
Uganda,51
Ghana,160
Germany,71
Italy,50
Germany,56
Guernsey,50
Denmark,75
Jersey,36
Guernsey,71
Jersey,113
Norway,75
Italy,56
Norway,36
Denmark,113
Rwanda,95
Mali,129
Germany,75
Jersey,50
Italy,36
Germany,113
Denmark,56
Denmark,71
Guernsey,36
Norway,50
Maldives,155
Thailand,94
Netherlands,50
Germany,107
Germany,132
Scotland,50
Qatar,138
Singapore,125
Nepal,125
Qatar,106
Qatar,93
Malaysia,125
Cayman Islands,23
Canada,25
Cayman Islands,162
Bermuda,23
Canada,12
United States of America,25
Scotland,162
United States of America,132
Namibia,155
Thailand,104
United States of America,8
Bangladesh,162
Lancashire,43
Essex,85
Middlesex,114
Nottinghamshire,98
Namibia,132
Scotland,104
Gloucestershire,37
Derbyshire,54
Rwanda,109
Nigeria,129
Japan,60
Hong Kong,74
Essex,169
Worcestershire,43
Essex,37
Derbyshire,43
Nepal,171
Zimbabwe,106
Singapore,171
Malaysia,163
Vanuatu,93
Zimbabwe,138
Oman,106
Nepal,116
Scotland,138
Singapore,132
Jersey,109
Nigeria,75
Singapore,12
Canada,75
Jersey,23
Bermuda,138
Canada,109
Nigeria,23
United Arab Emirates,75
Singapore,107
Jersey,161
Netherlands,138
Oman,109
Singapore,79
Kenya,138
Namibia,12
Bermuda,104
Nigeria,116
United Arab Emirates,109
Nigeria,161
Spain,124
Oman,23
Portugal,144
Singapore,120
Canada,116
Papua New Guinea,138
Nigeria,67
Ireland,109
Netherlands,12
Bermuda,107
Portugal,52
Gibraltar,124
Spain,52
Gibraltar,144
Namibia,138
Singapore,104
Jersey,116
Hong Kong,109
Oman,75
Nigeria,60
Bangladesh,94
Maldives,8
Bhutan,94
Maldives,13
Oman,50
Germany,116
Thailand,166
West Indies,155
Iran,82
Kuwait,66
Thailand,42
England,155
Thailand,142
South Africa,155
Hong Kong,138
Singapore,60
Germany,144
Spain,50
Isle of Man,56
Guernsey,69
Belgium,90
Luxembourg,10
Belgium,35
Birmingham Bears,53
Czech Republic,10
Glamorgan,14
Northamptonshire,141
Somerset,112
Birmingham Bears,54
Gloucestershire,14
Northamptonshire,53
Somerset,169
Worcestershire,141
Glamorgan,112
Somerset,14
Birmingham Bears,141
Northamptonshire,54
Gloucestershire,112
Worcestershire,53
Glamorgan,169
Lancashire,149
Sussex,85
Surrey,114
Nottinghamshire,148
Bulgaria,128
Romania,19
Malaysia,107
Netherlands,93
Czech Republic,90
Luxembourg,35
Austria,35
Czech Republic,4
Luxembourg,4
Austria,90
Namibia,109
Nigeria,104
Namibia,129
Rwanda,104
Botswana,79
Kenya,17
Greece,128
Romania,55
Serbia,55
Romania,133
Serbia,128
Greece,133
Greece,19
Bulgaria,55
Malta,10
Belgium,96
France,113
Norway,48
Denmark,151
Sweden,36
Rwanda,51
Ghana,129
Malta,52
Gibraltar,96
Finland,151
Sweden,47
Yorkshire,149
Sussex,170
Lancashire,141
France,107
Netherlands,48
Ireland,50
Germany,67
Somerset,85
Birmingham Bears,78
Kent,14
France,67
Ireland,48
France,132
Scotland,48
Hungary,35
Czech Republic,61
Bulgaria,90
Luxembourg,19
Romania,35
Romania,61
Hungary,128
Bulgaria,96
Malta,19
Czech Republic,128
Luxembourg,61
Hungary,90
Malta,128
Romania,96
Luxembourg,128
Hungary,96
Malta,61
Romania,90
Zimbabwe,45
Eswatini,171
Mozambique,154
Uganda,109
Nigeria,160
Nigeria,79
Kenya,109
Tanzania,101
Cameroon,137
Sierra Leone,22
Tanzania,17
Botswana,154
Cyprus,44
Estonia,34
Isle of Man,34
Cyprus,69
Isle of Man,44
Estonia,69
Ghana,134
Seychelles,51
Uganda,92
Malawi,160
Lesotho,134
Seychelles,88
Papua New Guinea,116
Oman,120
Sri Lanka,104
Namibia,145
Uganda,150
Swaziland,160
Malawi,51
Ghana,92
Brazil,2
Lesotho,160
Argentina,18
Uganda,88
Rwanda,88
Swaziland,134
Seychelles,150
Malawi,134
Seychelles,92
Lesotho,129
Ghana,150
Swaziland,51
Switzerland,19
Rwanda,150
Seychelles,160
Bulgaria,152
Gibraltar,152
Malawi,129
Rwanda,92
Switzerland,52
Swaziland,129
Uganda,134
Switzerland,96
Malta,152
Bulgaria,52
Gibraltar,19
Pakistan,104
Namibia,117
Mozambique,22
Sierra Leone,154
Tanzania,137
Cameroon,101
New Zealand,104
Scotland,64
India,132
Namibia,108
Sierra Leone,101
Cameroon,17
Botswana,22
Mozambique,137
Cameroon,154
Tanzania,22
Bahamas,2
India,104
Namibia,64
Argentina,6
Argentina,11
Belize,2
Argentina,23
Bahamas,119
Canada,2
Panama,6
United States of America,6
Bermuda,11
Bahamas,162
Belize,12
Nigeria,154
Tanzania,109
Kuwait,13
Bhutan,82
United Arab Emirates,13
Bhutan,161
Bhutan,60
Hong Kong,13
Bhutan,93
Malaysia,13
Sri Lanka,132
Scotland,145
Malaysia,132
Scotland,93
Kenya,93
Malaysia,79
Boland,167
Western Province,16
Lions,111
North West,89
Warriors,167
Western Province,164
Boland,156
Titans,16
North West,80
Knights,111
Lions,167
Western Province,89
Boland,89
Western Province,111
North West,167
Lions,16
Warriors,16
Boland,164
Knights,167
North West,39
Dolphins,111
Philippines,23
Canada,122
Bahrain,50
Germany,7
Western Province,80
Philippines,106
Western Province,156
Ireland,7
Bahrain,67
Nepal,122
Germany,161
United Arab Emirates,50
Titans,167
Dolphins,16
Boland,39
Canada,106
Nepal,23
Philippines,116
Oman,122
Boland,80
Canada,50
Philippines,7
Bahrain,122
North West,156
Titans,111
Knights,16
Germany,23
Dolphins,167
Western Province,39
North West,164
Warriors,111
Canada,7
Bahrain,23
Germany,122
Philippines,50
Qatar,116
Oman,125
Papua New Guinea,93
Malaysia,120
Guernsey,144
Spain,56
Spain,113
Norway,144
Finland,36
Denmark,47
Gibraltar,61
Hungary,52
Hungary,19
Czech Republic,52
Gibraltar,35
Bulgaria,61
Bulgaria,35
Czech Republic,19
Malta,35
Czech Republic,96
Gibraltar,128
Romania,52
Uganda,106
Nepal,160
Jersey,56
Guernsey,75
Trinidad and Tobago,73
Leeward Islands,168
Jamaica,157
Windward Islands,86
Barbados,86
Brazil,109
Germany,151
Sweden,50
Jamaica,168
Windward Islands,73
Leeward Islands,9
Nigeria,18
Rwanda,18
Brazil,129
Germany,109
Nigeria,50
Sweden,4
Austria,151
Leeward Islands,157
Barbados,168
Windward Islands,9
Trinidad and Tobago,86
Jamaica,58
Guyana,73
Germany,18
Brazil,50
Guyana,86
Leeward Islands,58
Leeward Islands,73
Jamaica,86
Brazil,79
Kenya,18
Botswana,129
Germany,160
Uganda,50
Rwanda,17
Singapore,161
United Arab Emirates,138
Hong Kong,7
Bahrain,60
Nepal,7
Bahrain,106
Bahrain,13
Bhutan,7
Bulgaria,133
Serbia,19
Belgium,52
Gibraltar,10
Hungary,10
Gibraltar,36
Malta,124
Portugal,96
Belgium,61
Denmark,52
Belgium,36
Denmark,10
Malta,70
Israel,96
Portugal,10
Belgium,124
Spain,36
Denmark,144
Hungary,70
Israel,61
Spain,10
Belgium,144
Yorkshire,148
Bhutan,155
Thailand,13
Surrey,170
Hampshire,14
Birmingham Bears,59
Somerset,37
Derbyshire,141
Turkey,128
Romania,158
Jersey,171
Zimbabwe,75
United States of America,138
Papua New Guinea,160
Uganda,120
Singapore,162
Sweden,33
Romania,34
Cyprus,128
Isle of Man,133
Croatia,151
Serbia,69
United States of America,171
Zimbabwe,162
Turkey,133
Romania,69
Isle of Man,128
Croatia,55
Greece,33
Serbia,158
Sweden,71
Jersey,160
Uganda,75
Papua New Guinea,171
Zimbabwe,120
Italy,151
Turkey,34
Finland,55
Greece,47
Italy,33
Croatia,71
Cyprus,158
Jersey,138
Singapore,75
Sweden,55
Greece,151
Serbia,34
Finland,33
Isle of Man,158
Croatia,47
Turkey,69
Cyprus,133
Isle of Man,71
Italy,69
Romania,151
Finland,34
Cyprus,47
Serbia,33
Croatia,133
Sweden,128
Guernsey,19
France,35
Bulgaria,56
Czech Republic,48
Norway,44
Estonia,113
Guernsey,90
Slovenia,4
Austria,140
Switzerland,48
France,152
Luxembourg,56
Slovenia,19
Bulgaria,140
Estonia,152
Austria,56
Guernsey,4
Switzerland,44
Guernsey,140
Czech Republic,44
Norway,152
Switzerland,113
Slovenia,56
Estonia,35
Barbados,117
Pakistan,9
Luxembourg,140
Slovenia,90
Switzerland,35
Czech Republic,152
France,56
Australia,9
Barbados,3
Guernsey,48
Switzerland,90
Austria,113
Norway,4
Luxembourg,152
Barbados,64
India,9
Singapore,82
Kuwait,138
Hong Kong,64
India,60
Hong Kong,117
Pakistan,60
Fiji,31
Cook Islands,46
Vanuatu,31
Cook Islands,163
Samoa,31
Cook Islands,130
Ghana,101
Mozambique,51
Ghana,17
Botswana,51
Uganda,101
Mozambique,160
Kenya,22
Cameroon,79
Malawi,154
Tanzania,92
West Indies,132
Scotland,166
India,107
Netherlands,64
North West,16
Boland,111
Sweden,144
Oman,131
Saudi Arabia,116
Spain,151
Saudi Arabia,23
Canada,131
Bahrain,116
Oman,7
Mali,88
Lesotho,95
Rwanda,146
St Helena,129
Kenya,92
Mali,134
Seychelles,95
Malawi,79
Mali,79
Kenya,95
Lesotho,79
Kenya,88
Mali,17
Lesotho,146
Botswana,95
St Helena,88
Seychelles,129
Rwanda,134
Seychelles,79
Kenya,134
Eswatini,49
Gambia,45
Eswatini,101
Mozambique,45
Ghana,154
Nigeria,45
Tanzania,51
Eswatini,109
Cameroon,109
Eswatini,137
Nigeria,22
Sierra Leone,45
Tanzania,45
Gambia,154
Tanzania,49
Eswatini,154
Gambia,101
Mozambique,49
Gambia,22
Cameroon,49
Tanzania,125
Qatar,154
Malaysia,7
Bahrain,93
Singapore,7
Bahrain,138
Dubai Capitals,0
Abu Dhabi Knight Riders,40
MI Emirates,135
Sharjah Warriors,91
Sharjah Warriors,38
Desert Vipers,135
Abu Dhabi Knight Riders,57
Gulf Giants,0
Dubai Capitals,57
Gulf Giants,40
Desert Vipers,0
Abu Dhabi Knight Riders,38
Abu Dhabi Knight Riders,91
Sharjah Warriors,40
MI Emirates,0
Dubai Capitals,135
Desert Vipers,57
Dubai Capitals,91
Gulf Giants,38
MI Emirates,40
Sharjah Warriors,57
Gulf Giants,135
MI Emirates,38
Desert Vipers,91
Sharjah Warriors,0
Dubai Capitals,38
Abu Dhabi Knight Riders,135
Desert Vipers,40
MI Emirates,57
Gulf Giants,91
Singapore,21
Cambodia,138
Bermuda,2
Argentina,12
Isle of Man,144
Spain,69
Panama,2
Argentina,119
Bahamas,25
Cayman Islands,6
Panama,12
Bermuda,119
Cayman Islands,119
Panama,25
Cayman Islands,2
Argentina,25
Norway,47
Finland,113
France,71
Italy,48
Turkey,151
Sweden,158
Jersey,158
France,151
Sweden,48
Turkey,75
France,158
Jersey,48
France,75
Turkey,48
Jersey,151
Turkey,71
Sweden,75
Italy,158
Germany,10
Belgium,50
Croatia,19
Bulgaria,33
Croatia,158
Turkey,33
Turkey,19
Bulgaria,158
Birmingham Bears,43
Essex,14
Lancashire,148
Surrey,85
Malta,48
France,96
France,90
Luxembourg,96
Malta,90
Luxembourg,48
Switzerland,128
Romania,152
Romania,48
France,128
Ireland,71
Italy,67
Austria,75
Jersey,4
Jersey,132
Ireland,36
Scotland,75
Denmark,67
Austria,67
Ireland,4
Denmark,4
Austria,36
Austria,132
Scotland,4
Bhutan,103
Myanmar,13
Myanmar,28
China,103
Isle of Man,55
Malta,55
Greece,69
Greece,96
Hungary,33
Croatia,61
United Arab Emirates,108
New Zealand,161
Jersey,107
Netherlands,75
Hong Kong,103
Myanmar,60
Qatar,13
Cook Islands,74
Japan,31
Bhutan,125
Papua New Guinea,31
Cook Islands,120
Eswatini,22
Cameroon,45
Brazil,23
Indonesia,31
Cook Islands,65
Canada,18
United States of America,18
Indonesia,130
Samoa,65
Brazil,162
Kuwait,103
Myanmar,82
Indonesia,163
Vanuatu,65
Netherlands,71
Italy,107
Estonia,52
Gibraltar,44
India,106
Nepal,64
Gibraltar,133
Serbia,52
Rwanda,137
Sierra Leone,129
Luxembourg,52
Gibraltar,90
Chile,97
Mexico,27
Mexico,2
Argentina,97
Argentina,27
Chile,2
Nepal,154
Tanzania,106
Japan,154
Tanzania,74
Hong Kong,154
Nepal,74
Japan,106
Tanzania,60
Indonesia,21
Cambodia,65
Botswana,171
Zimbabwe,17
Cambodia,103
Myanmar,21
Cambodia,28
China,21
Indonesia,13
Bhutan,65
Maldives,138
Singapore,94
Japan,155
Thailand,74
Saudi Arabia,13
Bhutan,131
Japan,94
Maldives,74
Indonesia,131
Saudi Arabia,65
Japan,138
Singapore,74
Thailand,65
Indonesia,155
Japan,131
Saudi Arabia,74
Malaysia,65
Indonesia,93
Oman,74
Japan,116
Hong Kong,94
Indonesia,7
Cambodia,131
Saudi Arabia,21
Maldives,60
Bahrain,65
Japan,161
Thailand,131
Saudi Arabia,155
Qatar,65
China,116
United Arab Emirates,74
Oman,28
Indonesia,125
Japan,93
United Arab Emirates,65
Malaysia,74
Indonesia,161
Nepal,104
Qatar,60
Hong Kong,125
Namibia,106
Vanuatu,154
Tanzania,163
Kuwait,154
Tanzania,82
Vanuatu,82
South Africa,104
Namibia,142
Kuwait,163
Warriors,83
KwaZulu-Natal Inland,164
South Africa,154
Tanzania,142
Bahrain,154
Tanzania,7
Tanzania,93
Malaysia,154
Bahrain,163
Vanuatu,7
Uganda,142
South Africa,160
Ghana,142
South Africa,51
Mexico,32
Costa Rica,97
Kuwait,21
Cambodia,82
Cambodia,116
Saudi Arabia,60
Hong Kong,131
Oman,21
Cambodia,7
Bahrain,21
Cambodia,161
Saudi Arabia,106
Nepal,131
United Arab Emirates,21
Indonesia,99
Mongolia,65
Vanuatu,171
Zimbabwe,163
Uganda,162
United States of America,160
Netherlands,163
Vanuatu,107
Thailand,162
Vanuatu,67
Uganda,145
Sri Lanka,160
United States of America,155
Ireland,163
United States of America,145
United Arab Emirates,163
Sri Lanka,162
Vanuatu,161
Japan,99
Mongolia,74
Belgium,48
France,10
Kandy Customs Cricket Club,15
Bloomfield Cricket and Athletic Club,76
Tamil Union Cricket and Athletic Club,139
Sinhalese Sports Club,153
Negombo Cricket Club,1
Ace Capital Cricket Club,105
Chilaw Marians Cricket Club,20
Badureliya Sports Club,100
Moors Sports Club,5
Burgher Recreation Club,26
Nondescripts Cricket Club,115
Colts Cricket Club,76
Nugegoda Sports Welfare Club,110
Kandy Customs Cricket Club,30
Police Sports Club,29
Colombo Cricket Club,123
Bloomfield Cricket and Athletic Club,118
Panadura Sports Club,15
Moors Sports Club,26
Chilaw Marians Cricket Club,100
Negombo Cricket Club,153
Burgher Recreation Club,5
Sinhalese Sports Club,1
Ace Capital Cricket Club,139
Badureliya Sports Club,20
Tamil Union Cricket and Athletic Club,105
Kurunegala Youth Cricket Club,30
Panadura Sports Club,76
Ragama Cricket Club,110
Nondescripts Cricket Club,127
Police Sports Club,115
Nugegoda Sports Welfare Club,123
Colts Cricket Club,81
Kandy Customs Cricket Club,118
Burgher Recreation Club,100
Chilaw Marians Cricket Club,5
Badureliya Sports Club,26
Moors Sports Club,20
Police Sports Club,110
Panadura Sports Club,30
Nondescripts Cricket Club,123
Colts Cricket Club,118
Rwanda,22
Cameroon,129
Papua New Guinea,166
West Indies,120
Malawi,22
Cameroon,92
Oman,3
Australia,116
Uganda,22
Nigeria,92
Malawi,109
Cameroon,160
Uganda,166
West Indies,160
Luxembourg,71
Italy,90
Hungary,124
France,69
Isle of Man,48
Portugal,61
Romania,4
Austria,128
Austria,70
Israel,4
Romania,124
Portugal,128
Canada,117
Australia,104
Pakistan,23
Namibia,3
Austria,124
Luxembourg,158
Turkey,90
United States of America,64
India,162
Portugal,4
England,116
Oman,42
Israel,124
Portugal,70
Uganda,108
New Zealand,160
South Africa,106
Nepal,142
Namibia,42
Gibraltar,33
Croatia,35
Croatia,52
England,104
Czech Republic,33
Australia,132
Scotland,3
Isle of Man,90
Israel,128
Hungary,4
Luxembourg,69
Romania,70
Austria,61
Romania,71
Italy,128
Luxembourg,70
Israel,90
France,4
Isle of Man,124
Portugal,69
Austria,48
New Zealand,120
Papua New Guinea,108
South Africa,162
United States of America,142
United States of America,166
West Indies,162
England,162
United States of America,42
Colts Cricket Club,110
Tamil Union Cricket and Athletic Club,20
Ace Capital Cricket Club,100
Burgher Recreation Club,153
Nondescripts Cricket Club,30
Moors Sports Club,1
Moors Sports Club,15
Bloomfield Cricket and Athletic Club,100
Bloomfield Cricket and Athletic Club,110
Nondescripts Cricket Club,15
Indonesia,138
Singapore,65
Serbia,75
Switzerland,10
Belgium,152
Jersey,133
Croatia,10
Belgium,33
Gibraltar,50
Germany,52
Norway,140
Slovenia,113
Switzerland,75
Jersey,152
Slovenia,52
Gibraltar,140
Belgium,75
Jersey,10
Gibraltar,151
Serbia,152
Sweden,52
Switzerland,133
Belgium,133
Serbia,10
Norway,52
Slovenia,151
Sweden,140
Croatia,152
Gibraltar,113
Switzerland,33
Germany,33
Croatia,50
Nepal,117
Pakistan,106
Spain,33
Croatia,144
Denmark,44
Estonia,36
Malta,69
Spain,34
Finland,96
Malta,47
Denmark,35
Czech Republic,36
Cyprus,144
Isle of Man,96
Estonia,47
Spain,35
Czech Republic,144
Malta,56
Guernsey,96
Denmark,55
Greece,36
Finland,44
Cyprus,55
Greece,34
Guernsey,47
Estonia,19
Bulgaria,44
Finland,56
Czech Republic,34
Guernsey,44
Estonia,56
Spain,55
Greece,144
Cyprus,35
Cyprus,36
Estonia,96
Bulgaria,47
Denmark,34
Malta,44
Czech Republic,55
Greece,35
Finland,19
Cyprus,96
Malta,34
Kuwait,99
Mongolia,82
Mongolia,60
Hong Kong,99
Myanmar,99
Mongolia,103
Surrey,41
Durham,148
Myanmar,94
Maldives,103
Singapore,99
Mongolia,138
Maldives,99
Mongolia,94
Malaysia,99
Mongolia,93
Denmark,90
Luxembourg,36
Mali,154
Tanzania,95
Cameroon,51
Ghana,22
Cameroon,95
Mali,22
Mali,92
Malawi,95
Ghana,88
Lesotho,51
Mali,51
Cameroon,88
Lesotho,22
Ghana,95
Brazil,97
Mexico,18
England,132
Scotland,42
Mozambique,79
Indonesia,94
Kenya,101
Maldives,65
Zimbabwe,134
Seychelles,171
Gambia,79
Kenya,49
Seychelles,101
Mozambique,134
Uganda,7
Bahrain,160
Mongolia,28
China,99
Indonesia,103
Myanmar,65
Thailand,125
Qatar,155
Cambodia,155
Thailand,21
Thailand,7
Bahrain,155
Nigeria,146
St Helena,109
Sierra Leone,72
Ivory Coast,137
Botswana,45
Eswatini,17
Cambodia,125
Qatar,21
Eswatini,146
Nigeria,72
St Helena,45
Ivory Coast,109
Ivory Coast,17
St Helena,137
Sierra Leone,146
Botswana,72
Eswatini,72
Ivory Coast,45
Ivory Coast,146
Cambodia,13
Bhutan,21
St Helena,72
Namibia,28
China,104
Brazil,6
Panama,147
Bahamas,18
Suriname,119
Bermuda,147
Suriname,12
Brazil,147
Suriname,18
Belize,25
Cayman Islands,11
Bahamas,11
Cayman Islands,147
Bermuda,97
Belize,6
Suriname,25
Namibia,93
Mexico,12
Malaysia,104
Argentina,147
Bermuda,18
Suriname,2
Cayman Islands,97
Mexico,25
Brazil,12
Suriname,97
Panama,18
Brazil,119
Mexico,147
Brazil,25
Bahamas,147
Suriname,6
Cayman Islands,18
Mexico,119
Brazil,11
Belize,18
Jersey,52
Gibraltar,75
Panama,97
Suriname,11
Bahamas,97
Mexico,6
Belize,147
Philippines,138
Singapore,122
Gulf Giants,136
Sharjah Warriorz,57
Sharjah Warriorz,0
Abu Dhabi Knight Riders,136
Dubai Capitals,136
Sharjah Warriorz,40
MI Emirates,136
Sharjah Warriorz,91
Sharjah Warriorz,38
Desert Vipers,136
Malta,4
Austria,96
Oman,162
United States of America,116
France,163
Vanuatu,48
Samoa,48
France,130
France,46
Fiji,48
Portugal,113
Norway,124
Cook Islands,122
Philippines,31
Panama,159
Turks and Caicos Island,119
Turks and Caicos Island,97
Costa Rica,119
Panama,32
Mexico,159
Costa Rica,159
Turks and Caicos Island,32
Bahamas,23
Canada,6
Malta,33
Croatia,96
Cook Islands,155
Thailand,31
Greece,50
Germany,55
Police Sports Club,20
Bloomfield Cricket and Athletic Club,115
Burgher Recreation Club,123
Kurunegala Youth Cricket Club,110
Colombo Cricket Club,1
Ace Capital Cricket Club,29
Moors Sports Club,118
Panadura Sports Club,100
Nugegoda Sports Welfare Club,15
Nondescripts Cricket Club,81
Colts Cricket Club,153
Tamil Union Cricket and Athletic Club,30
Kurunegala Youth Cricket Club,118
Badureliya Sports Club,110
Colombo Cricket Club,100
Moors Sports Club,29
Colts Cricket Club,20
Burgher Recreation Club,30
Nondescripts Cricket Club,5
Bloomfield Cricket and Athletic Club,26
Panadura Sports Club,81
Chilaw Marians Cricket Club,15
Police Sports Club,153
Ace Capital Cricket Club,118
Panadura Sports Club,1
Tamil Union Cricket and Athletic Club,123
Isle of Man,151
Sweden,69
Nugegoda Sports Welfare Club,26
Chilaw Marians Cricket Club,115
Austria,152
Switzerland,4
Malawi,18
Brazil,92
Philippines,28
China,122
Bloomfield Cricket and Athletic Club,20
Burgher Recreation Club,15
Badureliya Sports Club,118
Moors Sports Club,110
Kurunegala Youth Cricket Club,1
Chilaw Marians Cricket Club,123
Police Sports Club,26
Ace Capital Cricket Club,81
Tamil Union Cricket and Athletic Club,115
Nugegoda Sports Welfare Club,153
Panadura Sports Club,5
Nondescripts Cricket Club,100
Police Sports Club,15
Nondescripts Cricket Club,118
Panadura Sports Club,110
Ace Capital Cricket Club,5
Badureliya Sports Club,1
Chilaw Marians Cricket Club,153
Tamil Union Cricket and Athletic Club,26
Kurunegala Youth Cricket Club,29
Colombo Cricket Club,81
Colts Cricket Club,115
Bloomfield Cricket and Athletic Club,123
Nugegoda Sports Welfare Club,30
Serbia,140
Slovenia,133
Brazil,160
Uganda,18
Police Sports Club,30
Colombo Cricket Club,118
Tamil Union Cricket and Athletic Club,15
Ace Capital Cricket Club,110
Panadura Sports Club,29
Nondescripts Cricket Club,1
Brazil,154
Tanzania,18
Norway,35
Czech Republic,113
Colts Cricket Club,123
Bloomfield Cricket and Athletic Club,153
Mongolia,122
Philippines,99
Nondescripts Cricket Club,153
Tamil Union Cricket and Athletic Club,110
Colombo Cricket Club,20
Burgher Recreation Club,29
Cameroon,18
Brazil,22
Austria,52
Gibraltar,4
Sierra Leone,18
Brazil,137
Slovenia,61
Hungary,140
Belgium,4
Austria,10
Hungary,48
France,61
Germany,92
Malawi,50
Germany,154
Turkey,55
Greece,158
Bahrain,92
Malawi,7
Tanzania,50
Guernsey,107
Netherlands,56
Turkey,52
Gibraltar,158
