player_id,player_name,role,skill_level,star_rating,teams,batting_avg,bowling_avg,total_matches
656,A Athanaze,Batsman,Average,5.0,West Indies,23.54,,13
437,A Bagai,Wicketkeeper-Batsman,Good,5.5,Canada,25.58,0.0,26
137,A Balbirnie,Batsman,Good,5.5,Ireland,31.26,31.0,78
335,A Dananjaya,All-rounder,Average,4.0,Sri Lanka,11.07,33.64,38
384,A Dutt,All-rounder,Average,4.0,Netherlands,6.03,36.24,44
128,A Flintoff,All-rounder,Star,8.0,"England,ICC World XI",29.11,20.87,80
740,A Johnson,Batsman,Average,5.0,Canada,23.05,,19
662,A Kumble,All-rounder,Average,5.0,"India,Asia XI",6.75,40.58,27
956,A Martin,All-rounder,Average,5.0,West Indies,2.0,32.56,10
957,A McGrath,Batsman,Average,5.0,England,14.09,47.67,14
407,A Mishra,All-rounder,Average,4.0,India,4.3,26.08,32
652,A Nao,All-rounder,Average,4.0,Papua New Guinea,3.6,37.83,19
322,A Nehra,All-rounder,Average,4.0,"India,Asia XI",2.9,29.96,79
476,A Nel,All-rounder,Average,5.0,South Africa,6.47,24.92,58
790,A Nortje,All-rounder,Average,4.0,South Africa,5.71,26.69,21
933,A Saud,Batsman,Average,4.0,Nepal,17.18,0.0,11
847,A Shahzad,All-rounder,Average,4.0,England,5.0,28.0,10
968,A Sharafu,Batsman,Average,4.0,United Arab Emirates,15.12,0.0,18
806,A Sharma,Batsman,Average,4.0,United Arab Emirates,16.54,0.0,13
35,A Symonds,All-rounder,Star,7.0,Australia,34.18,42.33,121
132,A Vala,All-rounder,Star,8.0,Papua New Guinea,31.84,29.79,56
418,A Zampa,All-rounder,Average,4.0,Australia,6.54,29.4,104
515,AA Obanda,Batsman,Good,5.5,Kenya,34.79,0.0,15
359,AB Agarkar,All-rounder,Average,4.0,India,9.51,25.05,65
379,AB Barath,Batsman,Good,5.5,West Indies,28.14,0.0,14
951,AB Dinda,All-rounder,Average,4.0,India,4.2,49.42,13
29,AB de Villiers,All-rounder,Good,5.5,"South Africa,Africa XI",44.3,26.86,217
802,AC Agar,All-rounder,Average,4.0,Australia,17.89,45.05,23
619,AC Botha,All-rounder,Average,5.0,Ireland,15.59,29.43,17
530,AC Evans,All-rounder,Average,4.0,Scotland,6.0,30.72,26
50,AC Gilchrist,Wicketkeeper-Batsman,Star,7.0,Australia,36.91,0.0,120
328,AC Voges,Batsman,Good,5.5,Australia,29.56,57.25,30
36,AD Hales,Batsman,Star,7.0,England,35.85,0.0,65
669,AD Mascarenhas,All-rounder,Average,4.0,England,18.85,51.92,20
46,AD Mathews,All-rounder,Star,7.0,Sri Lanka,30.68,32.26,211
195,AD Russell,All-rounder,Good,6.0,West Indies,22.0,29.33,55
835,ADS Fletcher,Batsman,Average,4.0,West Indies,13.26,,23
812,AF Giles,All-rounder,Average,5.0,England,15.89,36.59,35
797,AF Milne,All-rounder,Average,4.0,New Zealand,8.18,33.95,48
601,AG Cremer,All-rounder,Average,4.0,Zimbabwe,10.35,41.52,67
801,AG Prince,Batsman,Average,5.0,"Africa XI,South Africa",23.06,,40
788,AG Wharf,All-rounder,Average,5.0,England,3.8,21.88,12
110,AJ Bichel,All-rounder,Average,5.0,Australia,18.43,27.52,27
37,AJ Finch,Batsman,Star,7.0,Australia,37.32,83.0,140
295,AJ Hall,All-rounder,Average,5.0,South Africa,13.82,24.95,55
435,AJ Hosein,All-rounder,Average,4.0,West Indies,9.5,29.18,38
892,AJ Ireland,All-rounder,Average,4.0,Zimbabwe,1.71,36.47,13
723,AJ McKay,All-rounder,Average,4.0,New Zealand,1.33,27.52,19
865,AJ Stewart,Batsman,Good,5.5,England,28.7,0.0,11
59,AJ Strauss,Batsman,Good,6.5,England,33.29,,113
6,AK Markram,All-rounder,Star,7.0,South Africa,32.89,53.56,69
271,AK Sah,Batsman,Average,4.0,Nepal,24.62,0.0,13
114,AL Phehlukwayo,All-rounder,Average,4.0,South Africa,15.9,31.54,81
260,AM Blignaut,All-rounder,Average,4.0,Zimbabwe,14.2,35.97,30
833,AM Ellis,All-rounder,Average,4.5,New Zealand,12.83,34.25,15
893,AM Fernando,Bowler,Average,4.0,Sri Lanka,0.75,40.5,15
809,AM Hardie,All-rounder,Average,4.0,Australia,16.75,37.57,11
889,AM Phangiso,All-rounder,Average,5.0,South Africa,6.75,32.12,22
246,AM Rahane,Batsman,Good,5.5,India,33.79,0.0,87
938,AM Samad,Batsman,Average,4.0,Canada,22.6,40.5,11
153,AN Cook,Batsman,Star,7.0,England,35.21,0.0,92
975,AN Kervezee,Batsman,Average,4.0,Netherlands,12.22,0.0,10
607,AN Petersen,Batsman,Good,6.5,South Africa,27.67,,19
966,AO Suji,All-rounder,Average,4.0,Kenya,7.0,46.6,12
781,AP Devcich,Batsman,Average,4.0,New Zealand,17.73,69.0,13
395,AR Adams,All-rounder,Average,4.0,New Zealand,13.75,28.62,17
630,AR Caddick,All-rounder,Average,5.0,England,6.4,21.0,11
642,AR Cusack,All-rounder,Average,4.0,Ireland,11.48,26.5,29
212,AR McBrine,All-rounder,Average,4.0,Ireland,17.26,38.84,65
422,AR Nurse,All-rounder,Average,4.0,West Indies,12.97,47.63,46
452,AR Patel,All-rounder,Average,5.0,India,14.56,33.66,59
948,AR White,All-rounder,Average,4.0,Ireland,13.09,40.5,25
698,AS Hansra,Batsman,Average,4.0,Canada,21.07,138.5,15
481,AS Joseph,All-rounder,Average,4.0,West Indies,9.95,26.43,69
402,AT Carey,Wicketkeeper-Batsman,Good,5.5,Australia,28.67,0.0,73
243,AT Nidamanuru,Batsman,Average,4.0,Netherlands,24.59,,29
175,AT Rayudu,Batsman,Good,5.5,India,33.41,60.5,51
174,AU Rashid,All-rounder,Average,4.0,England,12.93,36.31,136
637,Aarif Sheikh,All-rounder,Good,6.5,Nepal,23.45,68.38,50
182,Aaron Jones,Batsman,Good,5.5,United States of America,33.11,,47
199,Aasif Sheikh,Wicketkeeper-Batsman,Good,5.5,Nepal,26.85,0.0,53
286,Aayan Afzal Khan,All-rounder,Average,5.0,United Arab Emirates,18.87,29.0,34
113,Abdul Razzaq,All-rounder,Good,5.5,"Pakistan,Asia XI",23.27,35.91,115
237,Abdullah Shafique,Batsman,Good,5.5,Pakistan,27.7,0.0,20
428,Abdur Razzak,All-rounder,Average,5.0,Bangladesh,8.15,30.47,121
676,Abdur Rehman,All-rounder,Average,5.0,Pakistan,6.0,40.81,31
891,Adnan Mufti,Batsman,Average,4.0,United Arab Emirates,21.87,0.0,16
529,Afif Hossain,Batsman,Average,4.0,Bangladesh,22.83,34.0,27
584,Aftab Ahmed,Batsman,Average,4.0,Bangladesh,19.29,90.0,55
162,Agha Salman,All-rounder,Good,6.0,Pakistan,31.85,42.79,26
756,Ahmed Raza,All-rounder,Average,5.0,United Arab Emirates,10.86,30.98,47
191,Ahmed Shehzad,Batsman,Good,5.5,Pakistan,31.94,68.0,82
745,Aizaz Cheema,All-rounder,Average,4.0,Pakistan,4.33,24.78,14
940,Aizaz Khan,All-rounder,Average,4.0,Hong Kong,14.3,38.42,13
747,Al-Amin Hossain,All-rounder,Average,4.0,Bangladesh,0.67,26.64,15
222,Ali Khan,All-rounder,Average,5.0,United States of America,2.22,15.27,15
442,Ali Naseer,All-rounder,Good,5.5,United Arab Emirates,23.29,31.45,17
218,Alok Kapali,All-rounder,Average,4.0,Bangladesh,16.57,39.31,40
472,Amjad Ali,Batsman,Average,4.0,United Arab Emirates,24.9,0.0,10
496,Amjad Javed,All-rounder,Average,4.0,United Arab Emirates,19.83,70.14,13
252,Anamul Haque,Batsman,Good,5.5,Bangladesh,30.05,0.0,46
412,Anshuman Rath,All-rounder,Star,8.0,Hong Kong,32.75,10.5,12
708,Anwar Ali,All-rounder,Average,4.5,Pakistan,20.0,50.39,24
65,Aqib Ilyas,All-rounder,Elite,8.5,Oman,41.07,30.22,31
707,Arafat Sunny,All-rounder,Average,5.0,Bangladesh,4.8,26.19,15
539,Aryan Lakra,All-rounder,Good,5.5,United Arab Emirates,24.19,54.6,16
610,Asad Shafiq,Batsman,Average,4.0,Pakistan,23.43,,58
523,Ashfaq Ahmed,Batsman,Average,4.0,United Arab Emirates,22.87,39.5,15
875,Asif Ali,Batsman,Good,6.0,Pakistan,25.0,0.0,16
69,Asif Khan,Batsman,Good,5.5,United Arab Emirates,33.97,0.0,35
171,Ayan Khan,All-rounder,Good,5.5,Oman,27.09,38.57,37
443,Azhar Ali,Batsman,Good,5.5,Pakistan,34.73,250.0,54
907,Azhar Mahmood,All-rounder,Average,5.0,Pakistan,14.0,58.2,11
692,B Bhandari,Batsman,Average,4.0,Nepal,20.38,0.0,17
375,B Evans,All-rounder,Average,4.0,Zimbabwe,9.31,38.69,14
513,B Kumar,All-rounder,Average,4.0,India,10.42,33.82,119
309,B Lee,All-rounder,Average,5.0,Australia,11.38,22.13,153
946,B Mavuta,All-rounder,Average,4.0,Zimbabwe,9.2,41.11,14
241,B Muzarabani,All-rounder,Average,4.0,Zimbabwe,3.8,32.68,42
334,B Sharki,Batsman,Good,5.5,Nepal,28.12,,27
705,B Shikongo,All-rounder,Average,4.0,Namibia,1.55,28.88,21
850,B Zuiderent,Batsman,Average,4.0,Netherlands,11.12,0.0,16
493,BA Carse,All-rounder,Average,4.0,England,16.0,34.57,18
202,BA King,Batsman,Good,5.5,West Indies,29.02,0.0,45
23,BA Stokes,All-rounder,Good,5.5,England,35.4,40.43,109
462,BA Williams,Bowler,Elite,9.5,Australia,3.5,18.87,19
464,BAW Mendis,All-rounder,Average,4.0,Sri Lanka,4.74,24.36,79
976,BB Chari,Batsman,Average,4.0,Zimbabwe,13.29,0.0,14
134,BB McCullum,Wicketkeeper-Batsman,Good,5.5,New Zealand,27.73,0.0,204
882,BC Fortuin,All-rounder,Average,4.0,South Africa,8.29,32.17,10
281,BC Lara,Batsman,Good,5.5,"West Indies,ICC World XI",28.03,0.0,68
25,BFW de Leede,All-rounder,Good,5.5,Netherlands,26.33,30.67,42
255,BJ Haddin,Wicketkeeper-Batsman,Good,5.5,Australia,28.07,0.0,117
198,BJ Hodge,Batsman,Good,5.5,Australia,27.16,51.0,23
749,BJ McCarthy,All-rounder,Average,4.0,Ireland,8.45,32.35,32
42,BJ McMullen,All-rounder,Elite,9.5,Scotland,40.36,18.47,26
973,BJ Patel,Batsman,Average,4.0,Kenya,11.8,,10
508,BJ Watling,Batsman,Average,4.0,New Zealand,23.88,0.0,25
92,BKG Mendis,Wicketkeeper-Batsman,Good,5.5,Sri Lanka,31.2,,127
307,BM Duckett,Batsman,Star,7.0,England,43.75,0.0,16
501,BM Scholtz,All-rounder,Average,5.0,Namibia,8.96,22.65,49
739,BM Tickner,All-rounder,Average,4.0,New Zealand,2.67,40.75,13
821,BMAJ Mendis,All-rounder,Average,4.0,Sri Lanka,14.12,48.46,54
712,BN Cooper,Batsman,Average,4.0,Netherlands,16.44,0.0,10
81,BRM Taylor,Wicketkeeper-Batsman,Good,5.5,Zimbabwe,32.06,89.67,161
761,BTJ Wheal,All-rounder,Average,5.0,Scotland,7.83,22.11,12
531,BV Vitori,All-rounder,Average,4.0,Zimbabwe,5.73,32.72,20
542,BW Hilfenhaus,All-rounder,Average,4.0,Australia,3.22,34.69,25
66,Babar Azam,Batsman,Elite,8.5,Pakistan,49.64,0.0,116
510,Babar Hayat,Batsman,Star,7.0,Hong Kong,35.93,,15
329,Basil Hameed,All-rounder,Good,6.5,United Arab Emirates,23.36,22.24,47
522,Bilal Khan,All-rounder,Average,4.0,Oman,1.5,19.67,47
532,Bilawal Bhatti,All-rounder,Average,4.0,Pakistan,12.71,71.33,10
127,C Campher,All-rounder,Good,5.5,Ireland,31.3,33.21,34
392,C Green,All-rounder,Good,5.5,Australia,26.08,37.85,28
616,C Karunaratne,All-rounder,Average,4.0,Sri Lanka,18.79,30.0,26
358,C Kieswetter,Wicketkeeper-Batsman,Good,5.5,England,25.92,0.0,44
729,C Madande,Batsman,Average,4.0,Zimbabwe,20.92,0.0,14
489,C Munro,All-rounder,Good,5.5,New Zealand,24.02,65.71,53
585,C de Grandhomme,All-rounder,Average,4.5,New Zealand,21.2,40.34,45
323,CA Ingram,Batsman,Good,5.5,South Africa,27.18,,30
325,CA Soper,All-rounder,Average,5.0,Papua New Guinea,13.89,25.71,50
565,CA Young,All-rounder,Average,4.0,Ireland,6.48,23.99,40
600,CAH Stevenson,All-rounder,Average,4.0,United States of America,8.81,26.17,22
767,CAK Rajitha,All-rounder,Average,4.0,Sri Lanka,6.93,39.31,27
760,CB Mpofu,All-rounder,Average,4.0,Zimbabwe,1.33,47.59,64
716,CB Sole,All-rounder,Average,4.0,Scotland,5.15,20.71,29
51,CB Wishart,Batsman,Average,4.0,Zimbabwe,24.07,0.0,15
810,CBRLS Kumara,All-rounder,Average,4.0,Sri Lanka,3.41,32.89,28
842,CD Collymore,All-rounder,Average,5.0,West Indies,2.79,40.03,37
189,CD McMillan,All-rounder,Good,5.5,New Zealand,24.54,38.45,48
909,CD Wallace,Batsman,Average,4.0,Scotland,20.6,0.0,25
61,CG Williams,Batsman,Good,6.5,Namibia,26.69,62.67,16
1,CH Gayle,All-rounder,Star,7.0,"West Indies,ICC World XI",32.49,37.27,200
572,CH Morris,All-rounder,Average,4.0,South Africa,17.3,37.18,40
85,CJ Anderson,All-rounder,Good,5.5,New Zealand,25.63,24.47,47
354,CJ Chibhabha,All-rounder,Good,5.5,Zimbabwe,22.84,46.89,87
861,CJ Ferguson,Batsman,Good,5.5,Australia,26.52,0.0,28
547,CJ Jordan,All-rounder,Average,4.0,England,8.0,35.72,39
297,CJ McKay,All-rounder,Average,4.0,Australia,6.55,23.83,58
313,CJA Amini,All-rounder,Average,4.0,Papua New Guinea,21.16,41.8,45
894,CJO Smith,Wicketkeeper-Batsman,Average,4.0,Scotland,17.44,0.0,10
15,CK Coventry,Batsman,Good,5.5,Zimbabwe,26.88,0.0,25
463,CK Kapugedera,Batsman,Average,4.0,Sri Lanka,19.8,109.0,85
540,CK Langeveldt,All-rounder,Average,4.0,South Africa,4.12,31.21,61
345,CL Cairns,All-rounder,Good,5.5,New Zealand,26.33,37.55,34
348,CL White,All-rounder,Good,5.5,Australia,27.37,30.0,85
670,CM McBride,Batsman,Average,5.0,Scotland,22.71,28.67,17
970,CMW Read,Batsman,Average,4.0,England,11.14,0.0,21
617,CN Ackermann,All-rounder,Good,5.5,Netherlands,25.08,43.3,14
236,CN Greaves,All-rounder,Average,4.0,Scotland,16.81,22.44,27
949,CO Browne,Wicketkeeper-Batsman,Average,4.0,West Indies,18.0,0.0,10
319,CO Obuya,All-rounder,Good,5.5,Kenya,23.03,32.05,36
411,CP Rizwan,Batsman,Average,5.0,United Arab Emirates,23.71,37.0,39
133,CR Brathwaite,All-rounder,Average,4.0,West Indies,15.5,40.54,38
135,CR Ervine,Batsman,Good,5.5,Zimbabwe,30.11,0.0,92
239,CR Woakes,All-rounder,Average,4.0,England,18.02,28.87,117
317,CRD Fernando,All-rounder,Average,4.0,"Sri Lanka,Asia XI",5.15,29.46,84
914,CS Baugh,Wicketkeeper-Batsman,Average,4.0,West Indies,14.15,0.0,34
27,CS MacLeod,All-rounder,Star,7.0,Scotland,33.03,69.75,62
961,CS Martin,Bowler,Star,7.0,New Zealand,2.0,56.86,10
879,CT Mutombodzi,All-rounder,Average,4.0,Zimbabwe,13.56,50.4,10
877,CT Tremlett,All-rounder,Average,4.0,England,4.55,57.91,14
860,CZ Harris,All-rounder,Average,5.0,New Zealand,11.28,48.88,22
228,Chirag Suri,Batsman,Good,5.5,United Arab Emirates,25.67,0.0,36
890,D Bishoo,All-rounder,Average,4.0,West Indies,6.83,51.03,41
702,D Gough,All-rounder,Average,5.0,England,10.54,24.96,38
253,D Heyliger,All-rounder,Average,5.5,Canada,15.82,21.3,16
666,D Khanal,Batsman,Good,5.5,Nepal,27.42,,15
866,D Langford-Smith,All-rounder,Average,5.0,Ireland,8.78,32.1,10
519,D Madushanka,All-rounder,Average,4.0,Sri Lanka,4.0,21.76,22
646,D Mongia,All-rounder,Average,4.0,India,19.06,50.88,21
521,D Pretorius,All-rounder,Average,4.0,South Africa,14.77,26.77,26
44,D Ramdin,Wicketkeeper-Batsman,Average,4.0,West Indies,20.12,0.0,123
911,D Ravu,All-rounder,Average,4.0,Papua New Guinea,9.85,57.88,16
487,D Wiese,All-rounder,Good,5.5,"South Africa,Namibia",23.43,41.47,14
881,D la Cock,Batsman,Average,4.0,Namibia,20.87,,15
927,DA Gunawardene,Batsman,Average,4.0,Sri Lanka,20.12,0.0,16
316,DA Marillier,All-rounder,Good,6.5,Zimbabwe,24.9,52.0,10
105,DA Miller,Batsman,Good,5.5,South Africa,30.18,0.0,159
31,DA Warner,Batsman,Star,7.0,Australia,43.01,,155
738,DAJ Bracewell,All-rounder,Average,4.0,New Zealand,15.79,31.31,23
215,DAS Gunaratne,All-rounder,Good,5.5,Sri Lanka,23.0,33.67,28
715,DBL Powell,All-rounder,Average,5.0,West Indies,5.53,30.98,39
963,DC Thomas,Wicketkeeper-Batsman,Average,4.0,West Indies,12.53,4.5,21
902,DD Ebrahim,Batsman,Average,4.0,Zimbabwe,19.82,0.0,29
839,DE Bernard,All-rounder,Average,4.0,West Indies,11.75,42.8,16
465,DE Bollinger,All-rounder,Average,5.0,Australia,7.14,22.35,39
929,DE Budge,Batsman,Average,5.0,Scotland,16.93,109.0,15
855,DG Brownlie,Batsman,Average,4.0,New Zealand,24.07,0.0,16
120,DJ Bravo,All-rounder,Average,4.0,West Indies,21.73,28.1,144
603,DJ Hussey,All-rounder,Star,7.0,Australia,28.34,39.24,64
90,DJ Malan,Batsman,Elite,8.5,England,48.9,,29
109,DJ Mitchell,All-rounder,Star,7.0,New Zealand,44.89,21.0,38
482,DJ Willey,All-rounder,Average,4.5,England,14.58,27.85,71
312,DJG Sammy,All-rounder,Average,4.0,West Indies,18.17,48.09,120
430,DL Chahar,All-rounder,Good,5.5,India,23.88,28.8,11
635,DL Hemp,Batsman,Average,4.0,Bermuda,24.36,,11
350,DL Vettori,All-rounder,Average,5.0,"New Zealand,ICC World XI",15.1,29.6,154
824,DLS van Bunge,All-rounder,Good,5.5,Netherlands,24.42,29.67,13
201,DM Bravo,Batsman,Good,5.5,West Indies,26.61,0.0,115
429,DM de Silva,All-rounder,Good,5.5,Sri Lanka,23.42,46.77,80
220,DN Wellalage,All-rounder,Average,4.0,Sri Lanka,15.0,34.31,24
796,DNT Zoysa,All-rounder,Average,5.0,Sri Lanka,4.5,23.29,16
920,DO Obuya,Batsman,Average,4.0,Kenya,13.13,0.0,23
58,DP Conway,Batsman,Star,7.0,New Zealand,40.87,0.0,30
141,DPMD Jayawardene,Batsman,Good,5.5,"Sri Lanka,Asia XI",30.57,,269
959,DR Chumney,Batsman,Average,4.0,Canada,19.91,0.0,11
972,DR Flynn,Batsman,Average,4.0,New Zealand,16.7,,11
245,DR Martyn,Batsman,Good,5.5,Australia,30.67,78.0,75
434,DR Smith,All-rounder,Average,4.0,West Indies,17.04,33.94,86
638,DR Tuffey,All-rounder,Average,4.0,New Zealand,8.95,32.17,38
389,DS Airee,All-rounder,Average,5.0,Nepal,16.88,35.0,55
725,DS Kulkarni,Bowler,Star,7.0,India,13.5,25.0,12
194,DS Lehmann,All-rounder,Star,7.0,Australia,34.35,23.8,27
378,DS Smith,Batsman,Average,4.0,West Indies,24.95,,41
552,DT Christian,All-rounder,Average,4.0,Australia,15.17,29.1,19
862,DT Hondo,All-rounder,Average,4.0,Zimbabwe,2.5,36.77,32
511,DT Johnston,All-rounder,Average,5.0,Ireland,12.45,28.46,33
475,DT Tiripano,All-rounder,Average,4.0,Zimbabwe,13.19,43.67,31
398,DW Steyn,All-rounder,Average,4.0,"South Africa,Africa XI",7.16,25.11,126
950,Danish Kaneria,All-rounder,Average,4.0,Pakistan,1.8,60.75,13
969,Dhiman Ghosh,Wicketkeeper-Batsman,Average,4.0,Bangladesh,11.27,0.0,11
247,E Chigumbura,All-rounder,Average,4.0,"Zimbabwe,Africa XI",21.63,40.65,159
30,E Lewis,Batsman,Star,7.0,West Indies,36.6,0.0,53
699,E Otieno,All-rounder,Average,4.0,Kenya,3.0,37.08,10
296,EC Joyce,Batsman,Good,5.5,"Ireland,England",30.75,0.0,60
838,EC Rainsford,All-rounder,Average,5.0,Zimbabwe,1.82,46.25,22
217,EJG Morgan,Batsman,Good,5.5,"England,Ireland",32.34,0.0,218
763,ES Szwarczynski,Batsman,Average,4.0,Netherlands,23.42,0.0,12
744,Ebadat Hossain,All-rounder,Average,4.0,Bangladesh,0.5,19.71,10
828,Ehsan Khan,All-rounder,Average,5.0,Hong Kong,9.09,22.04,13
660,F Behardien,All-rounder,Average,4.5,South Africa,21.92,55.67,58
906,F Mutizwa,Batsman,Average,4.0,Zimbabwe,18.3,0.0,10
52,F du Plessis,Batsman,Star,7.0,South Africa,40.33,90.0,138
611,FA Allen,All-rounder,Average,4.0,West Indies,14.29,85.86,19
483,FDM Karunaratne,Batsman,Good,5.5,Sri Lanka,27.47,,38
447,FH Allen,Batsman,Good,5.5,New Zealand,27.71,0.0,21
363,FH Edwards,All-rounder,Average,5.0,West Indies,3.89,26.61,40
814,FJ Klaassen,All-rounder,Average,5.0,Netherlands,3.36,25.18,15
517,Faheem Ashraf,All-rounder,Average,4.0,Pakistan,9.65,47.42,33
8,Fakhar Zaman,Batsman,Elite,8.5,Pakistan,45.18,111.0,78
910,Farhad Reza,All-rounder,Average,4.0,Bangladesh,12.64,53.93,31
342,Fawad Alam,Batsman,Good,5.5,Pakistan,27.6,124.33,38
609,Fayyaz Butt,All-rounder,Average,4.0,Oman,10.58,34.31,30
794,G Coetzee,All-rounder,Average,4.0,South Africa,8.14,23.78,13
86,G Gambhir,Batsman,Star,7.0,India,37.17,,137
680,G Malla,Batsman,Average,4.0,Nepal,22.82,17.0,33
653,G Motie,All-rounder,Average,5.0,West Indies,14.91,24.45,22
305,G Singh,All-rounder,Star,7.0,United States of America,30.26,15.83,31
897,G Toka,Batsman,Average,4.0,Papua New Guinea,12.76,53.5,21
918,GA Lamb,All-rounder,Average,5.0,Zimbabwe,14.07,49.33,15
550,GB Brent,All-rounder,Average,5.0,Zimbabwe,10.67,37.68,24
497,GB Hogg,All-rounder,Average,5.0,Australia,13.77,26.14,95
118,GC Smith,All-rounder,Star,7.0,"South Africa,Africa XI",34.74,45.67,153
558,GC Wilson,Wicketkeeper-Batsman,Average,4.0,Ireland,21.61,0.0,59
163,GD Elliott,All-rounder,Star,7.0,New Zealand,28.98,30.34,72
223,GD McGrath,All-rounder,Average,5.0,Australia,1.29,20.28,65
537,GD Phillips,All-rounder,Good,5.5,New Zealand,26.3,43.92,33
310,GH Dockrell,All-rounder,Average,4.0,Ireland,16.67,43.73,86
831,GH Worker,Batsman,Good,5.5,New Zealand,27.2,,11
771,GI Hume,All-rounder,Average,4.0,Ireland,8.29,25.88,16
67,GJ Bailey,Batsman,Star,7.0,Australia,36.28,0.0,86
852,GJ Delany,All-rounder,Average,4.5,Ireland,13.56,61.33,18
930,GJ Hopkins,Batsman,Average,4.0,New Zealand,14.75,0.0,18
79,GJ Maxwell,All-rounder,Star,7.5,Australia,28.33,47.77,141
943,GM Hamilton,Batsman,Average,4.0,Scotland,17.3,0.0,10
553,GO Jones,Wicketkeeper-Batsman,Average,4.0,England,21.03,0.0,39
491,GP Swann,All-rounder,Average,4.0,England,10.11,31.77,75
709,GS Ballance,Batsman,Average,4.0,"England,Zimbabwe",22.7,0.0,20
466,GSNFG Jayasuriya,Batsman,Average,4.0,Sri Lanka,20.11,126.5,11
346,GT Main,Bowler,Good,5.5,Scotland,27.33,17.0,16
321,GW Flower,All-rounder,Star,8.0,Zimbabwe,29.86,49.89,23
433,Ghulam Shabber,Batsman,Average,4.0,United Arab Emirates,22.2,0.0,20
112,Gulsan Jha,All-rounder,Good,5.5,Nepal,24.04,28.9,30
643,H Hiri,Batsman,Average,4.0,Papua New Guinea,13.59,56.0,32
16,H Klaasen,Wicketkeeper-Batsman,Star,7.5,South Africa,38.02,,53
264,H Masakadza,All-rounder,Good,5.5,Zimbabwe,25.52,58.63,156
677,H Osinde,All-rounder,Average,5.0,Canada,1.38,18.92,17
869,H Patel,Batsman,Average,4.0,Canada,17.6,48.0,10
96,H Thaker,All-rounder,Star,8.0,Canada,32.21,29.85,19
928,HA Varaiya,All-rounder,Average,4.0,Kenya,3.91,38.07,17
280,HC Brook,Batsman,Good,5.5,England,34.37,0.0,19
143,HDRL Thirimanne,Batsman,Good,5.5,Sri Lanka,31.02,30.33,107
150,HE van der Dussen,Batsman,Star,8.0,South Africa,39.15,3.0,62
688,HF Gurney,All-rounder,Average,4.0,England,2.5,36.91,10
204,HG Munsey,Batsman,Good,5.5,Scotland,33.5,0.0,51
304,HH Dippenaar,Batsman,Star,7.0,"South Africa,Africa XI",35.64,0.0,38
17,HH Gibbs,Batsman,Star,7.0,South Africa,36.92,0.0,104
151,HH Pandya,All-rounder,Star,7.5,India,29.37,33.99,83
326,HH Streak,All-rounder,Good,6.5,"Zimbabwe,Africa XI",27.26,23.73,31
843,HJH Marshall,Batsman,Average,4.0,New Zealand,18.36,0.0,39
750,HK Bennett,All-rounder,Average,4.0,New Zealand,2.0,23.27,18
54,HM Amla,Batsman,Elite,8.5,South Africa,45.02,0.0,175
214,HM Nicholls,Batsman,Good,5.5,New Zealand,27.84,0.0,78
779,HMCM Bandara,All-rounder,Average,4.0,Sri Lanka,10.0,41.35,26
651,HMRKB Herath,All-rounder,Average,5.0,Sri Lanka,4.83,37.24,64
606,HN Ya France,All-rounder,Average,5.0,Namibia,13.94,43.08,22
783,HP Tillakaratne,Batsman,Good,5.5,Sri Lanka,25.54,0.0,14
556,HR Walsh,All-rounder,Average,4.0,"West Indies,United States of America",13.23,39.0,24
898,HS Baidwan,All-rounder,Average,4.0,Canada,9.75,31.55,16
974,HS Modi,Batsman,Average,4.0,Kenya,15.77,0.0,13
89,HT Tector,Batsman,Star,7.0,Ireland,41.59,71.5,40
873,Habibul Bashar,Batsman,Average,4.0,Bangladesh,18.9,0.0,51
559,Hamza Tahir,All-rounder,Average,5.0,Scotland,3.25,26.62,29
903,Hannan Sarkar,Batsman,Average,4.0,Bangladesh,21.54,0.0,13
240,Harbhajan Singh,All-rounder,Average,5.0,"India,Asia XI",10.79,38.69,148
450,Haris Rauf,All-rounder,Average,4.0,Pakistan,5.0,24.86,42
159,Haris Sohail,All-rounder,Good,5.5,Pakistan,40.69,52.36,42
258,Hasan Ali,All-rounder,Average,4.5,Pakistan,10.19,29.55,64
546,Hasan Mahmud,All-rounder,Average,4.0,Bangladesh,3.08,28.61,19
301,I Kaia,Batsman,Average,5.0,Zimbabwe,20.75,,16
690,I Sharma,All-rounder,Average,4.0,India,2.77,29.84,77
533,I Udana,All-rounder,Average,4.0,Sri Lanka,13.35,52.18,20
884,I Wardlaw,All-rounder,Average,4.0,Scotland,2.25,33.06,12
867,ID Blackwell,All-rounder,Average,5.0,England,8.11,48.91,22
594,IDR Bradshaw,All-rounder,Average,5.0,West Indies,10.36,26.75,49
916,IE O'Brien,Bowler,Average,4.0,New Zealand,1.5,34.07,10
775,IG Butler,All-rounder,Average,4.0,New Zealand,9.75,36.07,13
509,IG Holland,All-rounder,Good,6.5,United States of America,26.29,23.95,15
931,IH Romaine,Batsman,Average,4.0,Bermuda,14.58,,12
486,IJ Harvey,All-rounder,Average,5.0,Australia,15.24,25.88,22
138,IJL Trott,Batsman,Star,7.0,England,43.37,82.0,66
357,IK Pathan,All-rounder,Average,4.0,India,17.27,28.77,98
91,IR Bell,All-rounder,Good,5.5,England,34.8,14.0,157
765,IS Billcliff,Batsman,Average,4.0,Canada,22.3,0.0,10
157,IS Sodhi,All-rounder,Average,4.0,New Zealand,8.75,38.52,51
205,Iftikhar Ahmed,All-rounder,Good,6.0,Pakistan,25.1,48.64,24
576,Iftikhar Anjum,All-rounder,Average,4.0,Pakistan,7.25,32.01,57
534,Imad Wasim,All-rounder,Good,6.0,Pakistan,24.03,47.38,53
82,Imam-ul-Haq,Batsman,Star,7.0,Pakistan,43.69,0.0,65
554,Imran Farhat,Batsman,Good,5.5,Pakistan,28.0,19.5,48
664,Imran Haider,All-rounder,Average,4.0,United Arab Emirates,4.5,25.59,17
47,Imran Nazir,Batsman,Good,5.5,Pakistan,25.29,0.0,22
277,Imran Tahir,All-rounder,Average,4.0,South Africa,4.91,26.1,103
97,Imrul Kayes,Batsman,Good,5.5,Bangladesh,31.14,0.0,74
248,Inzamam-ul-Haq,Batsman,Good,5.5,"Pakistan,Asia XI",30.9,0.0,63
4,Ishan Kishan,Batsman,Star,7.0,India,38.52,0.0,24
629,J Botha,All-rounder,Average,5.0,"South Africa,Africa XI",12.12,40.25,73
122,J Charles,Batsman,Good,5.5,West Indies,26.62,,59
591,J Gumbie,Batsman,Good,5.5,Zimbabwe,25.27,0.0,15
834,J Kila,All-rounder,Average,4.0,Papua New Guinea,13.25,31.5,13
687,J Lewis,All-rounder,Average,5.0,England,6.14,22.59,11
330,J Little,All-rounder,Average,4.5,Ireland,6.15,29.93,33
380,J Liyanage,Batsman,Good,5.5,Sri Lanka,34.87,77.0,17
853,J Mubarak,Batsman,Average,4.0,Sri Lanka,19.67,,33
857,J Nyumbu,All-rounder,Average,4.0,Zimbabwe,3.46,39.0,17
684,J Srinath,All-rounder,Average,5.0,India,3.88,18.52,16
564,J Theron,All-rounder,Average,4.0,"South Africa,United States of America",4.17,20.39,18
900,JA Duffy,Bowler,Average,4.0,New Zealand,2.25,24.67,10
473,JA Morkel,All-rounder,Average,4.0,"South Africa,Africa XI",18.08,37.09,51
674,JA Richardson,All-rounder,Average,4.0,Australia,11.62,28.81,16
746,JA Rudolph,Batsman,Good,5.5,"South Africa,Africa XI",32.8,0.0,27
351,JC Archer,All-rounder,Average,4.0,England,6.23,24.61,26
13,JC Buttler,Wicketkeeper-Batsman,Good,6.0,England,33.01,0.0,169
778,JC Tredwell,All-rounder,Average,4.0,England,6.52,32.02,43
152,JD Ryder,All-rounder,Good,5.5,New Zealand,34.5,33.4,40
362,JDF Vandersay,All-rounder,Average,4.0,Sri Lanka,7.47,30.18,27
179,JDP Oram,All-rounder,Good,6.5,New Zealand,22.09,28.12,104
440,JDS Neesham,All-rounder,Good,5.5,New Zealand,23.2,36.57,75
136,JE Root,All-rounder,Good,5.5,England,40.73,60.76,161
589,JE Taylor,All-rounder,Average,4.0,West Indies,6.79,28.35,79
404,JEC Franklin,All-rounder,Average,4.0,New Zealand,18.15,36.61,74
408,JF Mooney,All-rounder,Average,4.0,Ireland,19.06,31.64,36
732,JH Davey,All-rounder,Average,4.0,Scotland,12.87,22.96,17
75,JH Kallis,All-rounder,Elite,8.5,"South Africa,Africa XI,ICC World XI",37.34,34.91,138
288,JJ Bumrah,All-rounder,Average,5.0,India,4.29,22.85,87
39,JJ Roy,Batsman,Star,7.0,England,38.87,0.0,112
144,JJ Smit,All-rounder,Good,6.5,Namibia,24.68,21.34,38
791,JJ Tucker,Batsman,Average,4.0,Bermuda,18.45,83.67,11
830,JJ van der Wath,All-rounder,Average,4.0,South Africa,11.12,41.31,10
762,JK Kamande,All-rounder,Average,4.0,Kenya,9.0,53.1,21
887,JL Carter,Batsman,Average,4.0,West Indies,21.54,37.75,30
573,JL Denly,Batsman,Good,5.5,England,34.31,,14
686,JL Pattinson,All-rounder,Average,4.0,Australia,5.86,46.15,14
479,JM Anderson,All-rounder,Average,4.0,England,3.97,27.92,177
88,JM Bairstow,Wicketkeeper-Batsman,Star,7.0,England,38.64,0.0,102
221,JM Davison,All-rounder,Good,6.0,Canada,27.69,31.06,16
156,JM How,Batsman,Good,5.5,New Zealand,28.45,0.0,35
318,JM Kemp,All-rounder,Good,6.5,"South Africa,Africa XI",22.29,37.85,63
338,JM Vince,Batsman,Good,5.5,England,28.1,37.0,26
386,JN Frylinck,All-rounder,Average,5.0,Namibia,19.84,24.71,35
516,JN Gillespie,All-rounder,Average,5.0,Australia,8.85,21.73,38
291,JN Loftie-Eaton,All-rounder,Good,5.5,Namibia,24.12,24.3,36
19,JN Malan,Batsman,Star,7.0,South Africa,43.55,0.0,23
391,JN Mohammed,All-rounder,Average,4.0,West Indies,21.41,48.29,31
722,JNT Seales,All-rounder,Average,4.0,West Indies,3.67,53.0,18
284,JO Holder,All-rounder,Average,4.0,West Indies,20.04,35.81,127
376,JOA Gordon,All-rounder,Average,4.0,Canada,2.75,25.53,10
577,JP Behrendorff,All-rounder,Average,4.0,Australia,3.5,34.81,12
290,JP Bray,Batsman,Average,4.0,Ireland,23.4,0.0,10
154,JP Duminy,All-rounder,Star,7.0,South Africa,28.49,46.39,189
106,JP Faulkner,All-rounder,Average,4.0,Australia,20.1,30.45,67
696,JP Inglis,Wicketkeeper-Batsman,Average,4.0,Australia,22.65,0.0,25
780,JP Kotze,Batsman,Average,4.0,Namibia,18.59,0.0,17
409,JR Hazlewood,All-rounder,Average,4.0,Australia,4.37,26.92,88
456,JR Hopes,All-rounder,Average,5.5,Australia,21.74,35.65,81
32,JS Malhotra,Batsman,Average,5.0,United States of America,23.87,32.5,15
895,JS Patel,All-rounder,Average,4.0,New Zealand,7.58,36.25,39
569,JT Ball,All-rounder,Average,4.0,England,6.33,45.14,18
714,JW Dernbach,All-rounder,Average,4.0,England,2.38,40.16,24
383,JW Hastings,All-rounder,Average,4.5,Australia,15.06,28.62,29
457,JWA Taylor,Batsman,Star,7.0,England,35.16,0.0,25
661,JWM Dalrymple,All-rounder,Average,4.0,England,18.73,48.77,27
937,Jahurul Islam,Batsman,Average,4.0,Bangladesh,20.55,0.0,12
654,Jasdeep Singh,All-rounder,Average,4.0,United States of America,10.67,35.67,33
188,Jatinder Singh,Batsman,Good,5.5,Oman,27.12,34.0,50
647,Javed Omar,Batsman,Average,4.0,Bangladesh,23.4,0.0,20
665,Jay Odedra,All-rounder,Average,5.0,Oman,5.8,27.64,17
711,Junaid Khan,All-rounder,Average,4.0,Pakistan,2.96,29.05,73
588,Junaid Siddique,All-rounder,Average,4.0,"Bangladesh,United Arab Emirates",12.6,27.11,98
267,K Bhurtel,All-rounder,Good,5.5,Nepal,22.3,22.33,54
924,K Birkenstock,All-rounder,Average,4.0,Namibia,15.53,43.4,17
678,K Doriga,Wicketkeeper-Batsman,Average,4.0,Papua New Guinea,15.76,0.0,34
541,K Gore,All-rounder,Average,5.0,United States of America,14.25,25.0,13
308,K Rabada,All-rounder,Average,4.0,South Africa,8.95,25.61,99
562,K Verreynne,Batsman,Star,7.0,South Africa,39.67,0.0,16
210,KA Edwards,Batsman,Average,4.0,West Indies,20.69,0.0,16
795,KA Jamieson,All-rounder,Average,4.5,New Zealand,13.83,34.79,12
718,KA Maharaj,All-rounder,Average,4.0,South Africa,10.35,34.81,42
168,KA Pollard,All-rounder,Good,5.5,West Indies,24.37,37.21,114
369,KAJ Roach,All-rounder,Average,4.0,West Indies,5.92,29.69,90
823,KC Brathwaite,Batsman,Good,5.5,West Indies,27.8,139.0,10
18,KC Sangakkara,Wicketkeeper-Batsman,Star,7.0,"Sri Lanka,ICC World XI,Asia XI",41.05,0.0,293
701,KD Karthik,Wicketkeeper-Batsman,Average,4.0,India,21.37,0.0,86
370,KD Mills,All-rounder,Average,4.0,New Zealand,12.1,25.42,131
324,KH Prajapati,Batsman,Good,5.5,Oman,28.46,0.0,35
263,KIC Asalanka,All-rounder,Star,7.0,Sri Lanka,33.52,25.4,56
769,KJ Abbott,All-rounder,Average,4.0,South Africa,5.85,29.94,27
64,KJ Coetzer,Batsman,Star,7.0,Scotland,36.19,131.0,63
166,KJ O'Brien,All-rounder,Good,5.5,Ireland,23.69,40.4,88
905,KK Ahmed,Bowler,Average,4.0,India,4.0,28.93,10
229,KL Rahul,Wicketkeeper-Batsman,Star,7.0,India,39.44,0.0,74
735,KM Dabengwa,All-rounder,Average,4.0,Zimbabwe,15.83,56.45,25
187,KM Jadhav,All-rounder,Good,6.0,India,26.9,41.7,66
390,KM Jarvis,All-rounder,Average,4.0,Zimbabwe,6.96,33.54,41
693,KMA Paul,All-rounder,Average,4.0,West Indies,16.0,38.46,29
448,KMDN Kulasekara,All-rounder,Average,4.0,Sri Lanka,11.31,33.36,178
679,KO Otieno,Wicketkeeper-Batsman,Average,4.0,Kenya,13.89,0.0,18
484,KOA Powell,Batsman,Average,4.0,West Indies,22.78,0.0,41
596,KP Meiyappan,All-rounder,Average,4.0,United Arab Emirates,7.76,30.83,32
172,KP Pietersen,All-rounder,Star,7.0,"England,ICC World XI",35.61,70.0,121
111,KR Mayers,All-rounder,Good,5.5,West Indies,25.38,43.21,28
438,KS Lokuarachchi,All-rounder,Average,5.0,Sri Lanka,13.67,30.69,14
103,KS Williamson,All-rounder,Star,7.0,New Zealand,43.22,36.51,161
825,KTGD Prasad,All-rounder,Average,4.0,Sri Lanka,12.0,31.57,22
145,KU Carty,Batsman,Star,7.0,West Indies,35.71,,32
571,KV Morea,All-rounder,Average,5.0,Papua New Guinea,6.0,23.5,16
563,KW Richardson,All-rounder,Average,4.5,Australia,6.25,31.89,25
792,Kabir Ali,All-rounder,Average,4.0,England,6.75,35.18,12
663,Kaleem Sana,All-rounder,Average,5.0,Canada,7.3,19.28,15
787,Kaleemullah,All-rounder,Average,5.0,Oman,4.63,34.59,45
185,Kamran Akmal,Wicketkeeper-Batsman,Average,4.0,Pakistan,23.27,0.0,131
374,Karan KC,All-rounder,Average,4.0,Nepal,12.03,24.75,53
387,Kashif Daud,All-rounder,Average,5.0,United Arab Emirates,17.62,29.0,19
697,Khaled Mahmud,All-rounder,Average,4.0,Bangladesh,10.88,44.86,28
837,Khaled Mashud,Wicketkeeper-Batsman,Average,4.0,Bangladesh,16.81,0.0,43
123,Khawar Ali,All-rounder,Good,5.5,Oman,22.14,31.27,32
525,Khurram Chohan,All-rounder,Average,4.0,Canada,8.56,22.32,11
372,Kuldeep Yadav,All-rounder,Average,4.0,India,5.74,28.08,102
161,Kushal Malla,All-rounder,Good,6.5,Nepal,22.91,35.14,36
710,L Balaji,All-rounder,Average,4.0,India,9.45,33.52,20
636,L Klusener,All-rounder,Average,4.0,South Africa,20.38,33.82,12
934,L Louwrens,Batsman,Average,4.0,Namibia,22.29,0.0,25
396,L Ngidi,All-rounder,Average,4.0,South Africa,5.22,27.61,57
21,L Ronchi,Wicketkeeper-Batsman,Average,4.5,"New Zealand,Australia",20.85,0.0,81
478,L Siaka,Batsman,Average,5.0,Papua New Guinea,18.73,48.67,41
774,L Tucker,Wicketkeeper-Batsman,Average,4.0,Ireland,17.29,0.0,44
417,L Vincent,Batsman,Average,4.0,New Zealand,24.2,22.0,47
336,LD Chandimal,Wicketkeeper-Batsman,Good,5.5,Sri Lanka,26.69,0.0,140
467,LE Bosman,Batsman,Good,5.5,"South Africa,Africa XI",25.08,0.0,12
512,LE Plunkett,All-rounder,Average,4.5,England,11.4,27.65,84
731,LH Ferguson,All-rounder,Average,4.0,New Zealand,4.07,31.48,62
819,LJ Wright,All-rounder,Average,4.0,England,18.13,57.4,50
634,LL Tsotsobe,All-rounder,Average,4.0,South Africa,3.05,23.7,60
772,LM Jongwe,All-rounder,Average,4.0,Zimbabwe,11.25,41.71,31
300,LMP Simmons,Batsman,Good,5.5,West Indies,30.59,161.0,66
535,LN Rajbanshi,All-rounder,Average,5.0,Nepal,2.06,22.33,31
848,LOB Cann,Batsman,Average,4.5,Bermuda,21.4,78.0,10
355,LPC Silva,Batsman,Good,6.5,Sri Lanka,26.1,31.0,53
33,LRPL Taylor,Batsman,Star,8.0,New Zealand,38.88,,217
104,LS Livingstone,All-rounder,Good,5.5,England,28.76,37.89,34
268,LV van Beek,All-rounder,Average,4.0,Netherlands,16.29,31.85,32
24,Liton Das,Wicketkeeper-Batsman,Good,5.5,Bangladesh,26.24,0.0,83
436,M Dillon,All-rounder,Average,5.0,West Indies,4.4,29.96,20
173,M Jansen,All-rounder,Average,4.5,South Africa,20.95,29.63,26
628,M Kaif,Batsman,Average,4.0,India,20.53,0.0,66
192,M Kartik,All-rounder,Average,4.0,India,12.75,42.57,23
140,M Labuschagne,All-rounder,Good,5.5,Australia,33.92,46.83,58
461,M Morkel,All-rounder,Average,4.0,"South Africa,Africa XI",6.38,23.73,113
474,M Muralitharan,All-rounder,Average,5.0,"Sri Lanka,ICC World XI,Asia XI",4.95,25.62,124
294,M Ntini,All-rounder,Average,4.0,"South Africa,ICC World XI",3.88,24.13,88
799,M Pathirana,All-rounder,Average,4.0,Sri Lanka,2.0,27.6,10
695,M Prasidh Krishna,All-rounder,Average,4.0,India,0.33,24.59,17
586,M Theekshana,All-rounder,Average,5.0,Sri Lanka,10.04,23.26,41
841,M Vijay,Batsman,Average,4.0,India,21.19,35.0,17
146,M van Lingen,Batsman,Star,7.0,Namibia,35.14,62.0,37
595,MA Jones,Batsman,Good,5.5,Scotland,27.5,0.0,14
148,MA Leask,All-rounder,Good,6.0,Scotland,22.91,29.77,68
872,MA Ouma,Batsman,Average,4.0,Kenya,18.0,0.0,26
311,MA Starc,All-rounder,Average,4.0,Australia,8.68,22.03,124
883,MA Suji,All-rounder,Average,5.0,Kenya,5.14,37.67,11
667,MA Vermeulen,Batsman,Average,4.0,Zimbabwe,17.83,0.0,29
728,MA Wood,All-rounder,Average,4.0,England,6.9,39.25,62
816,MC Henriques,All-rounder,Average,4.0,Australia,7.8,42.38,17
593,MC Sorensen,All-rounder,Average,4.0,Ireland,17.0,34.58,10
361,MD Dai,All-rounder,Good,6.5,Papua New Guinea,27.7,33.09,10
142,MD Gunathilaka,All-rounder,Star,7.0,Sri Lanka,35.38,52.57,47
119,MD Patel,Batsman,Good,5.5,United States of America,33.19,0.0,54
176,MD Shanaka,All-rounder,Average,4.0,Sri Lanka,20.59,38.67,62
868,MDK Perera,All-rounder,Average,4.0,Sri Lanka,12.67,39.1,13
121,MDKJ Perera,Wicketkeeper-Batsman,Good,5.5,Sri Lanka,28.76,0.0,107
203,ME Trescothick,Batsman,Good,5.5,England,32.74,71.0,61
190,MEK Hussey,Batsman,Good,5.5,Australia,34.3,112.5,156
293,MF Maharoof,All-rounder,Average,4.0,Sri Lanka,13.32,26.54,87
789,MG Bevan,Batsman,Good,5.5,Australia,30.2,0.0,25
71,MG Bracewell,All-rounder,Star,7.0,New Zealand,29.32,43.56,23
285,MG Erasmus,All-rounder,Elite,9.5,Namibia,37.71,26.97,49
349,MG Johnson,All-rounder,Average,5.0,Australia,10.74,23.95,146
327,MH Cross,Wicketkeeper-Batsman,Average,4.0,Scotland,22.64,0.0,84
566,MH Yardy,All-rounder,Average,4.0,England,13.58,56.28,27
180,MJ Clarke,All-rounder,Elite,8.5,Australia,35.29,36.04,208
2,MJ Guptill,Batsman,Star,7.0,New Zealand,37.5,22.25,190
490,MJ Henry,All-rounder,Average,4.0,New Zealand,7.44,24.4,81
720,MJ Mason,All-rounder,Average,4.0,New Zealand,4.0,32.17,20
536,MJ McClenaghan,All-rounder,Average,4.0,New Zealand,7.71,26.83,46
641,MJ Prior,Wicketkeeper-Batsman,Average,4.0,England,21.56,0.0,62
262,MJ Santner,All-rounder,Average,4.0,New Zealand,17.1,42.13,105
431,MK Pandey,Batsman,Average,4.0,India,24.26,0.0,29
405,MK Tiwary,All-rounder,Good,5.5,India,23.92,28.4,16
34,ML Hayden,Batsman,Star,7.0,Australia,41.03,0.0,98
888,ML Nkala,Batsman,Average,4.0,Zimbabwe,12.5,73.0,11
63,MM Ali,All-rounder,Average,4.0,England,20.71,52.63,130
727,MM Patel,All-rounder,Average,4.0,India,3.08,28.88,66
703,MM Sharma,All-rounder,Average,4.0,India,3.44,31.74,26
80,MN Samuels,All-rounder,Star,7.0,West Indies,29.61,54.33,149
283,MN Waller,All-rounder,Average,4.0,Zimbabwe,20.37,59.38,55
672,MN van Wyk,Batsman,Good,5.5,South Africa,26.56,0.0,18
460,MO Odumbe,All-rounder,Star,7.5,Kenya,32.4,50.17,10
500,MP O'Dowd,Batsman,Good,5.5,Netherlands,31.74,116.0,53
10,MP Stoinis,All-rounder,Good,5.5,Australia,23.63,42.8,68
206,MP Vaughan,All-rounder,Good,5.5,England,24.68,51.5,57
506,MR Adair,All-rounder,Average,4.5,Ireland,13.12,33.93,46
846,MR Gillespie,All-rounder,Average,4.0,New Zealand,8.0,39.89,27
14,MR Marsh,All-rounder,Star,7.0,Australia,31.75,34.12,90
451,MRJ Watt,All-rounder,Average,5.0,Scotland,13.63,26.1,61
213,MS Atapattu,Batsman,Good,5.5,Sri Lanka,30.91,0.0,65
257,MS Chapman,Batsman,Good,5.5,"Hong Kong,New Zealand",29.74,0.0,23
68,MS Dhoni,Wicketkeeper-Batsman,Star,7.0,"Asia XI,India",36.82,29.0,323
574,MS Kasprowicz,Bowler,Elite,9.5,Australia,2.75,17.61,16
904,MS Panesar,All-rounder,Average,5.0,England,3.71,42.04,26
786,MS Sinclair,Batsman,Average,4.0,New Zealand,24.47,0.0,16
421,MS Wade,Wicketkeeper-Batsman,Average,4.0,Australia,21.85,0.0,90
74,MV Boucher,Wicketkeeper-Batsman,Average,4.0,"South Africa,Africa XI",24.69,0.0,128
743,MW Machan,Batsman,Star,7.0,Scotland,35.73,71.0,11
733,MW Short,Batsman,Average,4.0,Australia,21.67,157.0,11
673,Mahedi Hasan,All-rounder,Average,4.0,Bangladesh,12.2,35.42,11
149,Mahmudullah,All-rounder,Good,5.5,Bangladesh,27.27,49.77,209
845,Manjural Islam Rana,All-rounder,Average,5.0,Bangladesh,19.31,40.2,15
337,Mashrafe Mortaza,All-rounder,Average,4.0,"Bangladesh,Asia XI",10.78,33.43,175
130,Mehedi Hasan Miraz,All-rounder,Average,4.0,Bangladesh,18.86,36.97,88
689,Mehrab Hossain jnr,Batsman,Average,4.0,Bangladesh,18.3,51.0,13
543,Misbah-ul-Haq,Batsman,Star,7.0,Pakistan,35.2,,143
331,Mohammad Amir,All-rounder,Average,4.0,Pakistan,12.1,28.05,59
230,Mohammad Ashraful,All-rounder,Average,4.0,"Bangladesh,Asia XI",20.36,53.83,115
851,Mohammad Asif,All-rounder,Average,4.0,"Pakistan,Asia XI",2.17,31.92,32
73,Mohammad Hafeez,All-rounder,Star,8.0,Pakistan,31.44,41.09,207
469,Mohammad Hasnain,All-rounder,Average,4.5,Pakistan,7.57,38.47,14
675,Mohammad Irfan,All-rounder,Average,4.0,Pakistan,1.6,29.18,60
753,Mohammad Mithun,Batsman,Good,5.5,Bangladesh,25.39,,31
495,Mohammad Nadeem,All-rounder,Good,5.5,Oman,22.48,39.76,35
618,Mohammad Naveed,All-rounder,Average,4.5,United Arab Emirates,10.19,29.31,31
700,Mohammad Nawaz,All-rounder,Average,4.0,Pakistan,12.36,40.65,20
615,Mohammad Nawaz (3),All-rounder,Average,4.0,Pakistan,16.08,38.27,15
282,Mohammad Rafique,All-rounder,Average,5.0,"Bangladesh,Asia XI",10.7,45.28,58
125,Mohammad Rizwan,Wicketkeeper-Batsman,Good,5.5,Pakistan,32.2,0.0,78
614,Mohammad Saifuddin,All-rounder,Average,4.5,Bangladesh,20.0,29.85,28
505,Mohammad Sami,All-rounder,Average,5.0,Pakistan,10.25,26.85,48
632,Mohammad Wasim,All-rounder,Average,4.0,Pakistan,8.89,23.26,19
360,Mohammad Yousuf,Batsman,Star,7.0,"Pakistan,Asia XI",36.62,0.0,76
270,Mohammed Shami,All-rounder,Average,4.0,India,4.66,23.03,98
381,Mohammed Siraj,All-rounder,Average,4.0,India,3.44,21.75,43
668,Moin Khan,Wicketkeeper-Batsman,Average,4.0,Pakistan,18.27,0.0,17
545,Mominul Haque,All-rounder,Good,5.5,Bangladesh,22.5,22.33,22
813,Mosaddek Hossain,All-rounder,Average,4.0,Bangladesh,16.9,86.9,38
625,Mudassar Bukhari,All-rounder,Average,4.0,Netherlands,10.5,31.67,15
423,Muhammad Usman,Batsman,Good,5.5,United Arab Emirates,26.12,0.0,34
818,Musa Ahmed,Batsman,Average,4.0,Netherlands,18.31,,13
124,Mushfiqur Rahim,Wicketkeeper-Batsman,Good,5.5,Bangladesh,31.53,0.0,235
713,Mushfiqur Rahman,All-rounder,Average,4.0,Bangladesh,14.86,60.88,14
377,Mustafizur Rahman,All-rounder,Average,4.0,Bangladesh,3.55,25.44,95
752,N Boje,All-rounder,Average,5.5,"South Africa,Africa XI",19.55,48.14,20
836,N Deonarine,Batsman,Average,4.0,West Indies,21.84,119.67,27
320,N Dickwella,Wicketkeeper-Batsman,Good,5.5,Sri Lanka,30.85,0.0,55
971,N Hussain,Batsman,Average,4.0,England,14.11,0.0,10
717,N Pokana,All-rounder,Average,5.0,Papua New Guinea,4.91,19.92,16
232,N Pooran,All-rounder,Good,5.5,West Indies,33.87,30.2,54
822,N Pradeep,All-rounder,Average,4.0,Sri Lanka,1.84,37.84,47
410,N Vanua,All-rounder,Average,4.0,Papua New Guinea,15.69,33.14,51
942,NB Mahwire,All-rounder,Average,5.0,Zimbabwe,5.0,37.57,10
242,NFI McCallum,Batsman,Average,4.0,Scotland,23.3,0.0,10
95,NJ Astle,Batsman,Star,7.0,New Zealand,36.53,84.0,43
256,NJ O'Brien,Wicketkeeper-Batsman,Good,5.5,Ireland,26.86,0.0,64
655,NK Patel,All-rounder,Average,4.0,United States of America,14.91,30.47,38
568,NL McCullum,All-rounder,Average,4.0,New Zealand,17.26,48.57,84
70,NLTC Perera,All-rounder,Average,4.0,Sri Lanka,17.45,33.14,158
393,NM Coulter-Nile,All-rounder,Average,4.0,Australia,12.6,28.23,32
612,NM Hauritz,All-rounder,Average,4.0,Australia,10.93,37.73,50
631,NM Lyon,All-rounder,Average,4.0,Australia,5.92,47.04,30
807,NN Odhiambo,All-rounder,Average,4.0,Kenya,10.5,38.33,22
730,NO Miller,All-rounder,Average,4.0,West Indies,10.73,47.17,40
863,NP Kenjige,All-rounder,Average,5.0,United States of America,11.71,34.7,50
681,NR Kirton,Batsman,Good,6.5,Canada,30.19,25.0,17
932,NR Kumar,Batsman,Average,4.0,Canada,16.09,62.0,12
967,NRJ Croes,Batsman,Average,4.5,Netherlands,18.82,0.0,13
419,NS Dhaliwal,Batsman,Good,5.5,Canada,26.82,,11
278,NT Broom,Batsman,Average,4.0,New Zealand,24.84,0.0,37
721,NV Knight,Batsman,Good,5.5,England,30.82,0.0,11
583,NW Bracken,All-rounder,Average,5.0,Australia,5.61,23.67,100
758,Nadeem Ahmed,All-rounder,Average,5.0,Hong Kong,5.0,28.82,17
592,Naeem Islam,All-rounder,Average,4.0,Bangladesh,18.71,38.21,51
650,Naseem Khushi,Wicketkeeper-Batsman,Average,4.0,Oman,15.0,0.0,27
518,Naseem Shah,All-rounder,Average,4.0,Pakistan,9.5,18.38,18
343,Nasir Hossain,All-rounder,Good,5.5,Bangladesh,24.31,42.3,63
333,Nasir Jamshed,Batsman,Good,5.5,Pakistan,29.54,0.0,49
829,Nasum Ahmed,All-rounder,Average,4.0,Bangladesh,17.33,49.67,16
480,Naved-ul-Hasan,All-rounder,Average,4.0,Pakistan,10.69,28.44,62
941,Nazimuddin,Batsman,Average,4.0,Bangladesh,13.36,0.0,11
724,Nazmul Hossain,All-rounder,Average,4.0,Bangladesh,1.67,33.61,26
225,Nazmul Hossain Shanto,Batsman,Good,5.5,Bangladesh,31.49,56.0,41
340,Nizakat Khan,Batsman,Good,5.5,Hong Kong,33.87,29.0,15
605,O Thomas,All-rounder,Average,4.0,West Indies,1.57,31.1,23
207,OA Shah,All-rounder,Good,5.5,England,30.37,35.2,56
649,P Kumar,All-rounder,Average,4.0,India,8.85,34.61,67
170,P Nissanka,Batsman,Good,5.5,Sri Lanka,34.15,0.0,53
955,P Sarraf,All-rounder,Average,4.0,Nepal,7.2,40.83,13
184,P Utseya,All-rounder,Average,4.0,Zimbabwe,11.48,59.18,117
926,PA Nixon,Wicketkeeper-Batsman,Average,4.0,England,16.5,0.0,19
526,PA Patel,Wicketkeeper-Batsman,Average,4.0,India,23.9,0.0,30
367,PA de Silva,All-rounder,Star,7.0,Sri Lanka,30.0,38.83,13
488,PA van Meekeren,All-rounder,Average,4.0,Netherlands,4.22,24.7,24
784,PADLR Sandakan,All-rounder,Average,4.0,Sri Lanka,3.37,56.85,30
158,PD Collingwood,All-rounder,Star,7.0,England,28.9,39.14,153
178,PD Salt,Batsman,Good,6.0,England,34.64,0.0,26
880,PDRL Perera,Bowler,Good,5.5,Sri Lanka,1.25,42.91,13
648,PG Fulton,Batsman,Good,5.5,New Zealand,28.28,0.0,43
803,PHKD Mendis,Batsman,Average,4.0,Sri Lanka,21.5,107.5,17
581,PJ Cummins,All-rounder,Average,4.0,Australia,9.21,27.62,89
341,PJ Forrest,Batsman,Good,5.5,Australia,26.29,0.0,14
160,PJ Hughes,Batsman,Good,5.5,Australia,34.42,0.0,25
947,PJ Moor,Batsman,Average,4.0,Zimbabwe,16.25,0.0,34
602,PJ Ongondo,All-rounder,Average,5.0,"Kenya,Africa XI",5.77,26.94,33
915,PKD Chase,All-rounder,Average,4.0,Ireland,2.75,38.16,13
373,PL Mommsen,Batsman,Good,5.5,Scotland,31.63,0.0,19
826,PM Seelaar,All-rounder,Average,4.0,Netherlands,10.9,38.62,27
921,PM Siddle,All-rounder,Average,4.5,Australia,5.17,42.24,19
870,PP Chawla,All-rounder,Average,4.0,India,3.17,41.96,26
768,PP Ojha,All-rounder,Average,5.0,India,5.11,33.63,18
43,PR Stirling,All-rounder,Star,7.0,Ireland,31.79,61.58,105
275,PSP Handscomb,Batsman,Good,5.5,Australia,31.6,0.0,21
492,PVD Chameera,All-rounder,Average,4.0,Sri Lanka,8.19,35.3,47
580,PW Borren,All-rounder,Good,5.5,Netherlands,24.29,84.6,19
878,PWA Mulder,All-rounder,Average,4.0,South Africa,9.71,31.43,17
227,PWH de Silva,All-rounder,Average,4.5,Sri Lanka,18.67,27.89,55
274,Pargat Singh,Batsman,Star,8.0,Canada,42.47,20.5,17
9,Q de Kock,Wicketkeeper-Batsman,Star,7.0,South Africa,43.54,0.0,153
499,R Ashwin,All-rounder,Average,4.0,India,11.59,37.1,114
582,R Chopra,Batsman,Average,4.0,United Arab Emirates,23.64,0.0,11
922,R Clarke,All-rounder,Average,4.0,England,10.11,36.0,14
454,R Dravid,Wicketkeeper-Batsman,Good,5.5,"India,ICC World XI",31.2,0.0,120
844,R Gunasekera,Batsman,Average,4.0,Canada,19.62,0.0,13
597,R Hekure,All-rounder,Average,5.0,Papua New Guinea,14.91,27.08,23
944,R Klein,All-rounder,Average,4.0,Netherlands,4.22,43.45,13
209,R McLaren,All-rounder,Average,4.0,South Africa,11.83,25.06,51
854,R Mutumbami,Batsman,Average,4.0,Zimbabwe,13.87,0.0,25
415,R Ngarava,All-rounder,Average,4.0,Zimbabwe,8.65,30.76,40
315,R Powell,Batsman,Average,4.0,West Indies,20.33,86.33,48
181,R Rampaul,All-rounder,Average,4.0,West Indies,9.66,28.02,77
107,R Ravindra,All-rounder,Good,5.5,New Zealand,39.7,46.88,26
570,R Shepherd,All-rounder,Average,4.0,West Indies,15.84,39.97,34
302,R Trumpelmann,All-rounder,Average,5.0,Namibia,12.96,22.17,35
742,R Vinay Kumar,All-rounder,Average,4.0,India,7.17,36.82,31
265,RA Jadeja,All-rounder,Average,4.0,India,21.5,40.41,196
621,RAS Lakmal,All-rounder,Average,4.0,Sri Lanka,5.09,31.35,82
196,RD Berrington,All-rounder,Star,7.0,Scotland,29.38,44.71,81
936,RD Jacobs,Wicketkeeper-Batsman,Average,4.0,West Indies,10.92,0.0,21
759,RD Shah,Batsman,Good,5.5,Kenya,29.07,0.0,14
849,RDM Leverock,All-rounder,Average,5.0,Bermuda,5.0,33.54,12
805,RE van der Merwe,All-rounder,Average,4.0,"Netherlands,South Africa",8.65,35.88,30
0,RG Sharma,All-rounder,Star,7.0,India,42.08,74.57,259
426,RJ Harris,All-rounder,Average,4.5,Australia,5.33,18.36,21
76,RJ Nicol,All-rounder,Good,5.5,New Zealand,27.9,35.67,22
449,RJ Peterson,All-rounder,Average,4.0,South Africa,15.38,35.16,66
858,RJ Sidebottom,All-rounder,Average,4.0,England,7.75,37.04,22
289,RJW Topley,All-rounder,Average,4.0,England,1.82,25.09,29
200,RK Paudel,All-rounder,Good,6.5,Nepal,27.15,25.67,62
627,RL Chase,All-rounder,Average,4.0,West Indies,21.33,57.08,45
886,RL Powell,Batsman,Average,4.0,West Indies,19.0,56.33,32
259,RM Haq,All-rounder,Average,4.0,Scotland,10.65,27.17,20
901,RMS Eranga,All-rounder,Average,4.0,Sri Lanka,3.09,31.0,18
808,RN Lewis,All-rounder,Average,4.5,West Indies,16.75,46.57,10
108,RN ten Doeschate,All-rounder,Star,7.0,Netherlands,45.69,33.17,14
815,RP Arnold,All-rounder,Average,4.0,Sri Lanka,19.24,38.88,56
458,RP Burl,All-rounder,Good,5.5,Zimbabwe,23.06,43.92,38
682,RP Singh,All-rounder,Average,4.0,India,5.42,30.87,54
446,RR Hendricks,Batsman,Good,5.5,South Africa,26.57,47.0,36
115,RR Pant,Batsman,Good,5.5,India,32.26,0.0,29
871,RR Patel,Batsman,Average,4.0,Kenya,16.8,34.5,10
579,RR Powar,All-rounder,Average,4.0,India,10.4,36.97,27
102,RR Rossouw,Batsman,Star,7.0,South Africa,35.4,43.0,38
224,RR Sarwan,All-rounder,Good,5.5,West Indies,32.89,28.08,116
785,RR Watson,Batsman,Average,5.0,Scotland,21.73,29.0,11
167,RS Bopara,All-rounder,Good,5.5,England,24.9,39.86,115
344,RS Morton,Batsman,Good,6.5,West Indies,29.39,,43
40,RT Ponting,Batsman,Star,7.0,Australia,36.93,0.0,194
498,RV Uthappa,Batsman,Average,4.0,India,22.78,0.0,44
332,RW Chakabva,Wicketkeeper-Batsman,Average,4.0,Zimbabwe,22.12,0.0,52
737,RW Price,All-rounder,Average,5.0,Zimbabwe,7.16,40.26,78
917,Rahat Ali,All-rounder,Average,4.0,Pakistan,1.6,35.0,14
441,Rajin Saleh,All-rounder,Average,4.0,Bangladesh,19.81,33.14,26
287,Rameez Shahzad,Batsman,Good,5.5,United Arab Emirates,33.92,,26
524,Raqibul Hasan,Batsman,Average,4.0,Bangladesh,24.52,0.0,48
899,Rashid Latif,Wicketkeeper-Batsman,Average,4.0,Pakistan,19.71,0.0,20
186,Rizwan Cheema,All-rounder,Average,4.0,Canada,15.08,35.58,13
57,Rohan Mustafa,All-rounder,Average,5.0,United Arab Emirates,20.3,33.22,75
416,Rubel Hossain,All-rounder,Average,4.0,Bangladesh,2.87,32.6,95
604,S Bau,All-rounder,Average,4.0,Papua New Guinea,17.84,53.44,49
832,S Bhari,All-rounder,Average,5.0,Nepal,3.67,16.79,10
251,S Chanderpaul,Batsman,Star,7.0,West Indies,35.22,,108
908,S Chattergoon,Batsman,Good,6.5,West Indies,31.22,,10
100,S Dhaniram,All-rounder,Good,6.5,Canada,25.55,19.95,11
83,S Dhawan,Batsman,Star,7.0,India,41.31,0.0,163
439,S Fouch√©,All-rounder,Star,7.0,Namibia,32.43,21.56,10
385,S Lamichhane,All-rounder,Average,5.0,Nepal,12.94,18.4,53
624,S Matsikenyeri,All-rounder,Average,4.0,Zimbabwe,16.78,48.82,78
613,S Movva,Batsman,Average,4.0,Canada,23.14,0.0,16
126,S Prasanna,All-rounder,Average,4.0,Sri Lanka,12.03,58.03,39
719,S Randiv,All-rounder,Average,4.0,Sri Lanka,16.47,38.81,31
298,S Samarawickrama,Batsman,Good,5.5,Sri Lanka,27.51,0.0,40
368,S Sreesanth,All-rounder,Average,4.0,India,2.32,30.37,49
254,SA Abbott,All-rounder,Average,4.0,Australia,18.53,37.93,28
471,SA Edwards,Wicketkeeper-Batsman,Good,5.5,Netherlands,30.69,0.0,51
885,SA Engelbrecht,Batsman,Good,5.5,Netherlands,29.73,,11
896,SA Wijeratne,Batsman,Average,4.0,Canada,21.22,0.0,10
622,SA Yadav,Batsman,Average,4.5,India,22.09,,39
78,SB Styris,All-rounder,Star,7.0,New Zealand,32.82,36.21,109
347,SC Ganguly,All-rounder,Star,7.0,"India,Asia XI",33.0,47.47,74
22,SC Williams,All-rounder,Star,7.0,Zimbabwe,33.39,49.84,130
400,SCJ Broad,All-rounder,Average,4.0,England,7.83,29.08,117
38,SD Hope,Wicketkeeper-Batsman,Star,7.0,West Indies,41.58,0.0,121
314,SE Bond,All-rounder,Average,5.0,New Zealand,5.97,20.15,60
165,SE Marsh,Batsman,Star,7.0,Australia,36.93,0.0,72
183,SE Rutherford,Batsman,Elite,9.0,West Indies,49.7,48.0,11
177,SF Mire,All-rounder,Average,4.0,Zimbabwe,20.83,35.09,35
544,SHT Kandamby,Batsman,Good,5.5,Sri Lanka,25.84,85.0,33
503,SI Kamea,All-rounder,Average,4.0,Papua New Guinea,1.29,25.0,20
782,SI Mahmood,All-rounder,Average,4.0,England,7.0,34.03,25
793,SJ Baard,Batsman,Average,4.0,Namibia,19.18,0.0,17
764,SJ Benn,All-rounder,Average,4.0,West Indies,6.28,58.68,44
644,SJ Harmison,All-rounder,Average,4.0,England,4.71,29.31,46
424,SJ Modani,Batsman,Good,6.5,United States of America,27.21,,33
671,SJ Myburgh,Batsman,Average,4.0,Netherlands,24.79,0.0,14
197,SK Raina,All-rounder,Star,7.0,India,29.39,53.91,216
366,SL Malinga,All-rounder,Average,4.0,Sri Lanka,4.79,26.94,209
939,SM Boland,Bowler,Average,4.0,Australia,2.25,44.25,13
269,SM Curran,All-rounder,Good,5.5,England,22.58,39.06,34
557,SM Ervine,All-rounder,Average,4.0,Zimbabwe,18.88,28.48,23
413,SM Katich,Batsman,Good,5.5,Australia,33.58,0.0,31
101,SM Pollock,All-rounder,Average,5.0,"Africa XI,South Africa,ICC World XI",20.27,25.37,97
561,SM Sharif,All-rounder,Average,4.0,Scotland,11.18,29.54,64
575,SM Sharma,All-rounder,Average,4.0,United Arab Emirates,11.38,29.0,11
640,SMA Priyanjan,All-rounder,Average,4.0,Sri Lanka,21.0,44.6,21
659,SMSM Senanayake,All-rounder,Average,4.0,Sri Lanka,8.79,39.15,57
527,SN Netravalkar,All-rounder,Average,5.0,United States of America,4.93,21.34,51
432,SN Thakur,All-rounder,Average,4.5,India,13.71,29.61,46
84,SO Hetmyer,Batsman,Good,6.0,West Indies,31.33,0.0,46
364,SO Tikolo,All-rounder,Average,4.0,"Kenya,Africa XI",18.55,36.21,38
117,SP Fleming,Batsman,Good,5.5,New Zealand,32.32,0.0,66
339,SP Narine,All-rounder,Average,5.0,West Indies,8.64,26.68,64
56,SPD Smith,All-rounder,Star,7.0,Australia,37.75,37.15,161
751,SR Clark,All-rounder,Average,4.0,Australia,6.27,27.38,36
231,SR Mukkamalla,Batsman,Good,5.5,United States of America,30.91,0.0,23
249,SR Patel,All-rounder,Average,4.0,England,21.91,46.09,33
233,SR Taylor,All-rounder,Good,6.5,United States of America,24.29,28.32,45
12,SR Tendulkar,All-rounder,Star,7.0,India,44.98,59.27,144
798,SR Thompson,All-rounder,Average,4.0,Ireland,16.18,32.44,13
3,SR Watson,All-rounder,Elite,8.5,Australia,35.71,31.23,162
528,SS Cottrell,All-rounder,Average,4.0,West Indies,5.18,31.21,34
147,SS Iyer,Batsman,Star,7.0,India,42.79,,59
766,SS Pathirana,All-rounder,Good,5.5,Sri Lanka,23.71,50.36,18
477,SSJ Brooks,Batsman,Good,5.5,West Indies,29.03,0.0,29
658,ST Doheny,Batsman,Average,4.0,Ireland,18.33,0.0,10
578,ST Finn,All-rounder,Average,4.0,England,5.04,28.4,67
912,ST Gabriel,All-rounder,Average,4.0,West Indies,2.0,34.53,23
28,ST Jayasuriya,All-rounder,Star,7.0,"Sri Lanka,Asia XI",33.35,37.3,133
276,STR Binny,All-rounder,Average,4.0,India,20.91,21.3,14
371,SV Samson,Batsman,Star,7.0,India,36.43,0.0,15
98,SW Ambris,Batsman,Good,5.5,West Indies,31.53,0.0,16
216,SW Billings,Batsman,Good,5.5,England,31.36,0.0,29
420,SW Masakadza,All-rounder,Average,4.0,Zimbabwe,13.62,31.41,13
748,SW Tait,All-rounder,Average,5.0,Australia,4.17,20.61,34
811,Saad Bin Zafar,All-rounder,Average,5.0,Canada,13.56,31.78,19
352,Sabbir Rahman,Batsman,Average,4.0,Bangladesh,22.89,109.0,61
453,Saeed Ajmal,All-rounder,Average,5.0,Pakistan,4.89,25.11,107
131,Salman Butt,Batsman,Good,5.5,Pakistan,34.7,,63
864,Sandeep Goud,Batsman,Average,4.0,Oman,19.11,,36
945,Saqib Zulfiqar,All-rounder,Average,4.0,Netherlands,14.36,41.29,11
504,Sarfraz Ahmed,Wicketkeeper-Batsman,Good,5.5,Pakistan,25.72,,110
777,Saud Shakeel,Batsman,Good,5.5,Pakistan,28.3,34.0,12
827,Shabbir Ahmed,All-rounder,Average,5.0,Pakistan,1.0,31.0,15
272,Shadab Khan,All-rounder,Average,4.0,Pakistan,18.31,36.6,65
623,Shafiul Islam,All-rounder,Average,4.0,Bangladesh,4.0,34.12,58
876,Shahadat Hossain,All-rounder,Average,4.0,Bangladesh,3.33,53.48,33
356,Shaheen Shah Afridi,All-rounder,Average,4.0,Pakistan,8.33,22.86,52
41,Shahid Afridi,All-rounder,Average,4.5,"Pakistan,Asia XI,ICC World XI",21.15,34.17,205
208,Shahriar Nafees,Batsman,Average,4.0,Bangladesh,23.38,0.0,52
394,Shaiman Anwar,Batsman,Good,5.5,United Arab Emirates,31.57,32.5,30
93,Shakib Al Hasan,All-rounder,Star,7.0,Bangladesh,33.19,33.31,210
494,Shamsur Rahman,Batsman,Good,5.5,Bangladesh,29.56,,10
958,Shan Masood,Batsman,Average,4.0,Pakistan,18.11,0.0,10
502,Shariz Ahmad,All-rounder,Average,4.0,Netherlands,9.35,32.78,19
48,Sharjeel Khan,Batsman,Good,6.0,Pakistan,32.79,0.0,24
353,Shayan Jahangir,Batsman,Average,4.0,United States of America,24.85,0.0,22
645,Shoaib Akhtar,All-rounder,Average,4.0,"Pakistan,Asia XI,ICC World XI",5.56,26.75,69
266,Shoaib Khan,Batsman,Good,5.5,Oman,27.19,64.5,31
155,Shoaib Malik,All-rounder,Star,7.0,Pakistan,29.03,40.31,220
773,Shoriful Islam,All-rounder,Average,4.0,Bangladesh,4.79,30.7,31
7,Shubman Gill,Batsman,Elite,8.5,India,49.53,,48
55,Sikandar Raza,All-rounder,Star,7.0,Zimbabwe,30.49,45.4,119
139,Simi Singh,All-rounder,Good,6.5,Ireland,22.56,22.11,22
657,Sohag Gazi,All-rounder,Average,4.5,Bangladesh,12.13,33.24,18
620,Sohaib Maqsood,Batsman,Good,5.5,Pakistan,28.44,41.0,28
520,Sohail Khan,All-rounder,Average,4.0,Pakistan,4.17,30.11,13
468,Sohail Tanvir,All-rounder,Average,4.0,Pakistan,10.5,33.87,59
590,Sompal Kami,All-rounder,Average,4.0,Nepal,14.79,28.44,55
53,Soumya Sarkar,All-rounder,Good,5.5,Bangladesh,32.97,32.62,65
859,Suhrawadi Shuvo,All-rounder,Average,5.0,Bangladesh,9.8,46.83,18
856,Suraj Kumar,Batsman,Average,4.0,Oman,21.78,0.0,21
685,Syed Rasel,All-rounder,Average,5.0,Bangladesh,3.45,33.91,41
99,T Bavuma,Batsman,Star,8.0,South Africa,38.7,,40
962,T Kaitano,Batsman,Average,4.0,Zimbabwe,14.27,0.0,11
952,T Kamungozi,All-rounder,Average,4.0,Zimbabwe,2.78,49.0,13
406,T Lungameni,All-rounder,Average,5.0,Namibia,3.38,23.32,30
954,T Maruma,Batsman,Average,4.0,Zimbabwe,8.13,49.75,17
960,T Marumani,Batsman,Average,4.0,Zimbabwe,15.29,0.0,14
800,T Mishra,Batsman,Good,5.5,Kenya,26.33,0.0,15
776,T Mupariwa,All-rounder,Average,4.0,Zimbabwe,4.14,32.86,29
820,T Panyangara,All-rounder,Average,4.0,Zimbabwe,5.05,46.02,50
608,T Shamsi,All-rounder,Average,4.0,South Africa,3.0,34.36,50
250,T Taibu,Wicketkeeper-Batsman,Good,5.5,"Zimbabwe,Africa XI",28.37,,104
244,T Thushara,All-rounder,Average,4.0,Sri Lanka,15.52,27.13,35
459,T van der Gugten,All-rounder,Average,5.0,Netherlands,15.71,19.09,10
817,TA Blundell,Batsman,Average,4.0,New Zealand,22.17,0.0,12
219,TA Boult,All-rounder,Average,4.0,New Zealand,4.32,23.66,111
555,TAM Siriwardana,All-rounder,Average,4.0,Sri Lanka,21.5,59.89,27
694,TBM de Leede,All-rounder,Average,4.0,Netherlands,12.56,24.25,11
770,TD Astle,Bowler,Good,6.0,New Zealand,19.75,27.0,10
261,TD Paine,Wicketkeeper-Batsman,Good,5.5,Australia,25.32,0.0,34
235,TG Southee,All-rounder,Average,4.0,New Zealand,7.77,32.19,153
514,TJ Murtagh,All-rounder,Average,4.0,Ireland,7.15,27.58,31
427,TK Curran,All-rounder,Average,4.0,England,18.94,36.88,28
598,TL Best,All-rounder,Average,4.0,West Indies,5.54,25.67,22
754,TL Chatara,All-rounder,Average,4.0,Zimbabwe,3.91,31.3,70
691,TLW Cooper,All-rounder,Star,7.0,Netherlands,32.0,54.6,18
26,TM Dilshan,All-rounder,Elite,8.5,Sri Lanka,35.57,52.81,271
507,TM Dowlin,Batsman,Average,4.0,West Indies,22.8,0.0,11
11,TM Head,All-rounder,Good,6.0,Australia,40.69,44.3,67
94,TM Odoyo,All-rounder,Good,6.5,"Kenya,Africa XI",23.71,24.58,37
77,TP Ura,Batsman,Average,4.0,Papua New Guinea,23.45,,51
706,TS Chisoro,All-rounder,Average,4.0,Zimbabwe,12.11,33.45,11
919,TS Kamunhukamwe,Batsman,Average,4.0,Zimbabwe,10.92,0.0,12
425,TT Bresnan,All-rounder,Average,4.0,England,13.83,34.11,84
399,TT Samaraweera,Batsman,Average,4.0,Sri Lanka,22.3,,35
72,TWM Latham,Wicketkeeper-Batsman,Good,5.5,New Zealand,29.99,0.0,144
734,Taijul Islam,All-rounder,Average,4.0,Bangladesh,8.9,28.38,18
60,Tamim Iqbal,Batsman,Star,7.0,Bangladesh,35.57,,215
726,Tanwir Afzal,All-rounder,Average,4.0,Hong Kong,13.42,47.0,13
470,Tanzid Hasan,Batsman,Average,4.0,Bangladesh,22.75,0.0,16
741,Tapash Baisya,All-rounder,Average,4.0,Bangladesh,7.53,41.28,25
567,Taskin Ahmed,All-rounder,Average,4.0,Bangladesh,6.47,31.71,63
639,Taufeeq Umar,Batsman,Average,4.0,Pakistan,23.82,0.0,11
551,Towhid Hridoy,Batsman,Good,5.5,Bangladesh,34.5,0.0,22
964,Tushar Imran,Batsman,Average,5.0,Bangladesh,11.9,57.0,21
587,U Bhatti,All-rounder,Average,5.5,Canada,15.0,26.33,11
599,UDU Chandana,All-rounder,Average,4.0,Sri Lanka,13.68,27.91,26
365,UT Khawaja,Batsman,Star,7.0,Australia,40.5,0.0,38
704,UT Yadav,All-rounder,Average,4.0,India,3.76,32.16,74
397,Umar Akmal,Wicketkeeper-Batsman,Good,5.5,Pakistan,28.07,0.0,112
913,Umar Amin,Batsman,Average,5.0,Pakistan,16.94,,19
303,Umar Gul,All-rounder,Average,4.0,Pakistan,7.13,29.58,118
560,Usman Shinwari,Bowler,Star,7.0,Pakistan,1.5,16.15,16
211,V Aravind,Wicketkeeper-Batsman,Good,5.5,United Arab Emirates,30.21,0.0,61
20,V Kohli,All-rounder,Good,5.5,India,49.23,130.6,286
5,V Sehwag,All-rounder,Star,7.0,"India,Asia XI,ICC World XI",34.71,40.9,165
736,V Shankar,Batsman,Good,6.0,India,27.71,50.5,11
306,V Sibanda,Batsman,Average,4.0,"Zimbabwe,Africa XI",21.91,85.0,101
273,V Sukumaran,Batsman,Average,5.0,United Arab Emirates,19.4,25.67,10
485,VC Drakes,All-rounder,Average,5.0,West Indies,6.44,31.71,12
755,VD Philander,All-rounder,Average,5.0,South Africa,8.39,23.07,29
874,VJ Kingma,All-rounder,Average,4.0,Netherlands,1.56,23.94,23
965,VM Nyauchi,All-rounder,Average,4.0,Zimbabwe,8.6,45.86,10
299,VS Solanki,Batsman,Good,5.5,England,25.12,73.0,35
403,VVS Laxman,Batsman,Good,5.5,India,30.67,0.0,27
279,Vikramjit Singh,All-rounder,Good,5.5,Netherlands,29.75,35.14,40
169,W Barresi,Wicketkeeper-Batsman,Average,4.0,Netherlands,24.12,,34
626,W Madhevere,All-rounder,Average,4.0,Zimbabwe,21.74,52.0,34
193,WA Young,Batsman,Star,7.0,New Zealand,39.61,0.0,36
757,WB Rankin,All-rounder,Average,5.0,"Ireland,England",3.9,28.44,47
401,WD Parnell,All-rounder,Average,4.0,South Africa,13.67,29.12,73
414,WG Jacks,All-rounder,Good,5.5,England,31.2,43.0,15
238,WIA Fernando,Batsman,Good,5.5,Sri Lanka,30.52,0.0,46
953,WK McCallan,All-rounder,Average,5.0,Ireland,7.77,36.91,15
633,WP Masakadza,All-rounder,Average,4.0,Zimbabwe,9.71,49.7,32
388,WPUJC Vaas,All-rounder,Average,5.0,Sri Lanka,8.25,28.5,94
116,WTS Porterfield,Batsman,Good,5.5,"Ireland,England",30.0,0.0,90
45,WU Tharanga,Batsman,Good,5.5,"Sri Lanka,Asia XI",31.47,0.0,209
164,WW Hinds,All-rounder,Star,7.0,West Indies,28.05,25.42,39
226,Wahab Riaz,All-rounder,Average,4.0,Pakistan,11.15,33.06,89
129,Waseem Muhammad,Batsman,Average,4.0,United Arab Emirates,24.96,,56
840,Washington Sundar,All-rounder,Good,5.5,India,22.5,26.78,19
683,XJ Doherty,All-rounder,Average,4.0,Australia,4.59,44.88,59
935,XM Marshall,Batsman,Average,4.0,"United States of America,West Indies",14.58,0.0,26
923,Y Cariah,All-rounder,Average,4.0,West Indies,13.29,56.27,14
925,Y Venugopal Rao,Batsman,Average,4.0,India,20.12,0.0,11
62,YK Pathan,All-rounder,Average,4.0,India,19.76,45.69,54
538,YS Chahal,All-rounder,Average,4.0,India,5.5,29.17,71
234,Yasir Hameed,Batsman,Star,7.0,Pakistan,37.41,0.0,40
382,Yasir Shah,All-rounder,Average,4.0,Pakistan,10.58,49.61,25
292,Younis Khan,Batsman,Good,5.5,Pakistan,28.43,203.0,174
455,Yousuf Youhana,Batsman,Good,5.5,"Pakistan,Asia XI",32.83,0.0,54
49,Yuvraj Singh,All-rounder,Star,7.0,"India,Asia XI",33.02,41.26,219
548,Z Khan,All-rounder,Average,4.0,"India,Asia XI",9.0,28.63,128
549,ZE Green,Wicketkeeper-Batsman,Average,4.0,Namibia,22.87,0.0,35
445,Zahoor Khan,All-rounder,Average,4.0,United Arab Emirates,3.76,24.58,60
804,Zawar Farid,All-rounder,Average,4.0,United Arab Emirates,16.5,22.88,10
87,Zeeshan Maqsood,All-rounder,Good,6.5,Oman,26.58,29.08,46
444,Ziaur Rahman,All-rounder,Average,5.0,Bangladesh,8.3,25.6,12
